ts,lat,lon,alt_msl,rel_alt,mode,armed,wp_idx,obs_count,nearest_obs_dist_m,evasion_active,evasion_path_len,evasion_path_idx
1785497468.1624908,42.229695,-1.235085,500.08,-0.012,STABILIZE,0,1,0,,0,0,0
1785497468.6652393,42.229695,-1.2350851,500.08,0.007,GUIDED,0,1,0,,0,0,0
1785497469.1684475,42.229695,-1.2350851,500.08,0.007,GUIDED,1,1,0,,0,0,0
1785497469.6707063,42.229695,-1.2350851,500.08,0.007,GUIDED,1,1,0,,0,0,0
1785497470.1730509,42.229695,-1.235085,500.08,0.007,GUIDED,1,1,0,,0,0,0
1785497470.6750839,42.229695,-1.235085,500.08,0.007,GUIDED,1,1,0,,0,0,0
1785497471.1773946,42.229695,-1.235085,500.08,0.007,GUIDED,1,1,0,,0,0,0
1785497471.6794772,42.229695,-1.235085,500.11,0.038,GUIDED,1,1,0,,0,0,0
1785497472.1815078,42.229695,-1.235085,500.34,0.268,GUIDED,1,1,0,,0,0,0
1785497472.6839883,42.229695,-1.235085,501.07,0.99,GUIDED,1,1,0,,0,0,0
1785497473.1864016,42.229695,-1.2350849,501.87,1.796,GUIDED,1,1,0,,0,0,0
1785497473.6890657,42.229695,-1.2350848,503.18,3.101,GUIDED,1,1,0,,0,0,0
1785497474.1912968,42.229695,-1.2350848,504.44,4.369,GUIDED,1,1,0,,0,0,0
1785497474.6938531,42.229695,-1.2350848,505.72,5.644,GUIDED,1,1,0,,0,0,0
1785497475.1960828,42.229695,-1.2350847,507.22,7.145,GUIDED,1,1,0,,0,0,0
1785497475.6984036,42.229695,-1.2350847,508.46,8.382,GUIDED,1,1,0,,0,0,0
1785497476.2010694,42.229695,-1.2350847,509.7,9.621,GUIDED,1,1,0,,0,0,0
1785497476.7039971,42.229695,-1.2350848,511.18,11.106,GUIDED,1,1,0,,0,0,0
1785497477.2061462,42.229695,-1.2350848,512.42,12.347,GUIDED,1,1,0,,0,0,0
1785497477.708808,42.229695,-1.2350848,513.92,13.842,GUIDED,1,1,0,,0,0,0
1785497478.2115414,42.229695,-1.2350848,515.17,15.091,GUIDED,1,1,0,,0,0,0
1785497478.714022,42.229695,-1.2350848,516.67,16.591,GUIDED,1,1,0,,0,0,0
1785497479.216313,42.229695,-1.2350848,517.92,17.842,GUIDED,1,1,0,,0,0,0
1785497479.7185133,42.229695,-1.2350848,519.17,19.092,GUIDED,1,1,0,,0,0,0
1785497480.220636,42.229695,-1.2350848,520.67,20.593,GUIDED,1,1,0,,0,0,0
1785497480.722904,42.229695,-1.2350848,521.92,21.844,GUIDED,1,1,0,,0,0,0
1785497481.2247925,42.229695,-1.2350848,523.42,23.347,GUIDED,1,1,0,,0,0,0
1785497481.7269833,42.229695,-1.2350847,524.67,24.597,GUIDED,1,1,0,,0,0,0
1785497482.2301974,42.229695,-1.2350847,526.17,26.097,GUIDED,1,1,0,,0,0,0
1785497482.7327902,42.229695,-1.2350846,527.42,27.349,GUIDED,1,1,0,,0,0,0
1785497483.2349582,42.229695,-1.2350846,528.67,28.599,GUIDED,1,1,0,,0,0,0
1785497483.7371635,42.229695,-1.2350846,530.17,30.098,GUIDED,1,1,0,,0,0,0
1785497484.2396564,42.229695,-1.2350846,531.43,31.35,GUIDED,1,1,0,,0,0,0
1785497484.7426112,42.229695,-1.2350846,532.93,32.856,GUIDED,1,1,0,,0,0,0
1785497485.244735,42.229695,-1.2350846,534.18,34.107,GUIDED,1,1,0,,0,0,0
1785497485.74677,42.229695,-1.2350846,535.43,35.356,GUIDED,1,1,0,,0,0,0
1785497486.2490852,42.229695,-1.2350846,536.93,36.854,GUIDED,1,1,0,,0,0,0
1785497486.7514048,42.229695,-1.2350846,538.18,38.105,GUIDED,1,1,0,,0,0,0
1785497487.253576,42.229695,-1.2350846,539.67,39.595,GUIDED,1,1,0,,0,0,0
1785497487.7559657,42.229695,-1.2350847,540.83,40.754,GUIDED,1,1,0,,0,0,0
1785497488.2583826,42.229695,-1.2350847,541.85,41.777,GUIDED,1,1,0,,0,0,0
1785497488.7610073,42.229695,-1.2350847,542.89,42.816,GUIDED,1,1,0,,0,0,0
1785497489.2633657,42.229695,-1.2350847,543.61,43.53,GUIDED,1,1,0,,0,0,0
1785497489.7655342,42.229695,-1.2350847,544.29,44.21,GUIDED,1,2,0,,0,0,0
1785497490.2689204,42.2296951,-1.2350849,544.68,44.604,GUIDED,1,2,0,,0,0,0
1785497490.7724926,42.2296996,-1.235088,544.84,44.761,GUIDED,1,2,0,,0,0,0
1785497491.2750416,42.2297092,-1.2350947,544.82,44.745,GUIDED,1,2,0,,0,0,0
1785497491.7785423,42.2297238,-1.2351052,544.81,44.734,GUIDED,1,2,0,,0,0,0
1785497492.2818153,42.2297478,-1.2351221,544.82,44.746,GUIDED,1,2,0,,0,0,0
1785497492.7850807,42.2297732,-1.2351399,544.84,44.761,GUIDED,1,2,0,,0,0,0
1785497493.28782,42.2298081,-1.2351647,544.86,44.788,GUIDED,1,2,0,,0,0,0
1785497493.7914033,42.2298388,-1.235186,544.88,44.8,GUIDED,1,2,0,,0,0,0
1785497494.2949743,42.2298769,-1.2352123,544.88,44.805,GUIDED,1,2,0,,0,0,0
1785497494.7978005,42.2299093,-1.2352348,544.89,44.812,GUIDED,1,2,0,,0,0,0
1785497495.3009686,42.2299419,-1.2352576,544.9,44.82,GUIDED,1,2,0,,0,0,0
1785497495.8048356,42.2299813,-1.2352853,544.91,44.831,GUIDED,1,2,0,,0,0,0
1785497496.3085868,42.230014,-1.2353084,544.91,44.839,GUIDED,1,2,0,,0,0,0
1785497496.8127072,42.2300531,-1.2353359,544.92,44.848,GUIDED,1,2,0,,0,0,0
1785497497.315328,42.2300855,-1.2353587,544.93,44.855,GUIDED,1,2,0,,0,0,0
1785497497.8182452,42.2301177,-1.2353813,544.94,44.862,GUIDED,1,2,0,,0,0,0
1785497498.3209698,42.2301562,-1.2354083,544.95,44.87,GUIDED,1,2,0,,0,0,0
1785497498.8243663,42.2301882,-1.2354308,544.95,44.876,GUIDED,1,2,0,,0,0,0
1785497499.3273149,42.2302267,-1.2354578,544.96,44.882,GUIDED,1,2,0,,0,0,0
1785497499.8297634,42.2302588,-1.2354804,544.96,44.887,GUIDED,1,2,0,,0,0,0
1785497500.3327596,42.2302909,-1.2355029,544.97,44.892,GUIDED,1,2,0,,0,0,0
1785497500.83576,42.2303293,-1.2355298,544.97,44.898,GUIDED,1,2,0,,0,0,0
1785497501.3382163,42.2303613,-1.2355523,544.98,44.903,GUIDED,1,2,0,,0,0,0
1785497501.841564,42.2303996,-1.2355791,544.98,44.909,GUIDED,1,2,0,,0,0,0
1785497502.3452678,42.2304315,-1.2356015,544.99,44.915,GUIDED,1,2,0,,0,0,0
1785497502.8480837,42.2304698,-1.2356283,545.0,44.921,GUIDED,1,2,0,,0,0,0
1785497503.3509274,42.2305017,-1.2356507,545.0,44.926,GUIDED,1,2,0,,0,0,0
1785497503.8539903,42.2305336,-1.2356731,545.01,44.931,GUIDED,1,2,0,,0,0,0
1785497504.3573737,42.2305719,-1.2357,545.01,44.937,GUIDED,1,2,0,,0,0,0
1785497504.8606722,42.2306038,-1.2357223,545.02,44.942,GUIDED,1,2,0,,0,0,0
1785497505.3637664,42.2306421,-1.2357492,545.02,44.948,GUIDED,1,2,0,,0,0,0
1785497505.8669293,42.230674,-1.2357715,545.03,44.953,GUIDED,1,2,0,,0,0,0
1785497506.370366,42.2307123,-1.2357984,545.04,44.96,GUIDED,1,2,0,,0,0,0
1785497506.8739042,42.2307441,-1.2358207,545.04,44.965,GUIDED,1,2,0,,0,0,0
1785497507.3773632,42.2307824,-1.2358475,545.05,44.971,GUIDED,1,2,0,,0,0,0
1785497507.8801692,42.2308143,-1.2358699,545.05,44.977,GUIDED,1,2,0,,0,0,0
1785497508.3827722,42.2308511,-1.2358957,545.06,44.984,GUIDED,1,2,0,,0,0,0
1785497508.885309,42.2308795,-1.2359156,545.06,44.986,GUIDED,1,2,0,,0,0,0
1785497509.3881607,42.2309057,-1.2359339,545.06,44.988,GUIDED,1,2,0,,0,0,0
1785497509.8919988,42.2309336,-1.2359535,545.07,44.991,GUIDED,1,2,0,,0,0,0
1785497510.3943105,42.2309538,-1.2359675,545.07,44.994,GUIDED,1,2,0,,0,0,0
1785497510.8987753,42.2309739,-1.2359816,545.07,44.997,GUIDED,1,3,0,,0,0,0
1785497511.4023085,42.230986,-1.2359903,545.07,44.997,GUIDED,1,3,0,,0,0,0
1785497511.9047747,42.2309937,-1.2359956,545.08,45.0,GUIDED,1,3,0,,0,0,0
1785497512.4082994,42.2309945,-1.2359955,545.08,45.002,GUIDED,1,3,0,,0,0,0
1785497512.9116118,42.2309892,-1.2359894,545.08,45.002,GUIDED,1,3,0,,0,0,0
1785497513.4152744,42.2309794,-1.2359796,545.08,45.002,GUIDED,1,3,0,,0,0,0
1785497513.9187348,42.230962,-1.2359622,545.08,45.0,GUIDED,1,3,0,,0,0,0
1785497514.421704,42.2309426,-1.2359428,545.07,44.997,GUIDED,1,3,0,,0,0,0
1785497514.9249763,42.2309137,-1.2359144,545.08,45.0,GUIDED,1,3,0,,0,0,0
1785497515.4283805,42.2308866,-1.2358873,545.08,45.007,GUIDED,1,3,0,,0,0,0
1785497515.9318397,42.2308526,-1.2358532,545.08,45.006,GUIDED,1,3,0,,0,0,0
1785497516.4350147,42.2308236,-1.2358241,545.08,45.004,GUIDED,1,3,0,,0,0,0
1785497516.9374511,42.2307881,-1.2357885,545.08,45.003,GUIDED,1,3,0,,0,0,0
1785497517.4410298,42.2307582,-1.2357587,545.08,45.003,GUIDED,1,3,0,,0,0,0
1785497517.9443014,42.2307225,-1.2357229,545.08,45.003,GUIDED,1,3,0,,0,0,0
1785497518.4476774,42.2306928,-1.2356932,545.08,45.003,GUIDED,1,3,0,,0,0,0
1785497518.9507854,42.2306576,-1.235658,545.08,45.005,GUIDED,1,3,0,,0,0,0
1785497519.4540834,42.2306298,-1.2356301,545.08,45.006,GUIDED,1,3,0,,0,0,0
1785497519.9572136,42.2306041,-1.2356044,545.08,45.003,GUIDED,1,3,0,,0,0,0
1785497520.4600284,42.2305763,-1.2355766,545.07,44.999,GUIDED,1,3,0,,0,0,0
1785497520.9633496,42.2305559,-1.2355562,545.07,44.997,GUIDED,1,3,0,,0,0,0
1785497521.4661696,42.230535,-1.2355352,545.07,44.996,GUIDED,1,4,0,,0,0,0
1785497521.9698212,42.2305204,-1.2355206,545.07,44.997,GUIDED,1,4,0,,0,0,0
1785497522.4728022,42.2305056,-1.2355058,545.07,44.998,GUIDED,1,4,0,,0,0,0
1785497522.9761727,42.230483,-1.235483,545.08,45.001,GUIDED,1,4,0,,0,0,0
1785497523.4796205,42.2304598,-1.2354595,545.08,45.004,GUIDED,1,4,0,,0,0,0
1785497523.982779,42.2304284,-1.2354278,545.08,45.009,GUIDED,1,4,0,,0,0,0
1785497524.4858823,42.230401,-1.2354002,545.08,45.006,GUIDED,1,4,0,,0,0,0
1785497524.9894104,42.230367,-1.2353662,545.08,45.003,GUIDED,1,4,0,,0,0,0
1785497525.493039,42.2303379,-1.2353373,545.08,45.001,GUIDED,1,4,0,,0,0,0
1785497525.9963858,42.2303086,-1.2353081,545.07,44.999,GUIDED,1,4,0,,0,0,0
1785497526.4993722,42.2302732,-1.2352729,545.07,44.999,GUIDED,1,4,0,,0,0,0
1785497527.0024533,42.2302438,-1.2352436,545.07,44.999,GUIDED,1,4,0,,0,0,0
1785497527.5056791,42.2302085,-1.2352085,545.07,44.999,GUIDED,1,4,0,,0,0,0
1785497528.009019,42.2301794,-1.2351794,545.07,44.999,GUIDED,1,4,0,,0,0,0
1785497528.5123742,42.2301508,-1.2351508,545.08,45.002,GUIDED,1,4,0,,0,0,0
1785497529.0154314,42.2301185,-1.2351185,545.08,45.002,GUIDED,1,4,0,,0,0,0
1785497529.5192814,42.2300939,-1.235094,545.08,45.0,GUIDED,1,4,0,,0,0,0
1785497530.022898,42.2300675,-1.2350676,545.07,44.997,GUIDED,1,4,0,,0,0,0
1785497530.5264843,42.2300482,-1.2350484,545.07,44.994,GUIDED,1,4,0,,0,0,0
1785497531.0295348,42.2300287,-1.235029,545.07,44.994,GUIDED,1,5,0,,0,0,0
1785497531.5320349,42.2300148,-1.2350156,545.07,44.995,GUIDED,1,5,0,,0,0,0
1785497532.0349696,42.2299989,-1.2350032,545.07,44.995,GUIDED,1,5,0,,0,0,0
1785497532.5386755,42.2299733,-1.2349862,545.08,45.0,GUIDED,1,5,0,,0,0,0
1785497533.04191,42.2299466,-1.2349696,545.08,45.004,GUIDED,1,5,0,,0,0,0
1785497533.5454454,42.2299108,-1.2349476,545.09,45.01,GUIDED,1,5,0,,0,0,0
1785497534.0486119,42.2298796,-1.2349287,545.08,45.007,GUIDED,1,5,0,,0,0,0
1785497534.551739,42.2298475,-1.2349094,545.08,45.003,GUIDED,1,5,0,,0,0,0
1785497535.0546162,42.2298079,-1.2348857,545.07,44.999,GUIDED,1,5,0,,0,0,0
1785497535.5575101,42.2297746,-1.2348658,545.07,44.998,GUIDED,1,5,0,,0,0,0
1785497536.0606039,42.2297345,-1.2348417,545.07,44.998,GUIDED,1,5,0,,0,0,0
1785497536.563869,42.2297013,-1.2348217,545.07,44.998,GUIDED,1,5,0,,0,0,0
1785497537.0664122,42.2296687,-1.2348021,545.08,45.0,GUIDED,1,5,0,,0,0,0
1785497537.5695767,42.2296321,-1.23478,545.07,44.997,GUIDED,1,5,0,,0,0,0
1785497538.0720828,42.2296043,-1.2347632,545.07,44.993,GUIDED,1,5,0,,0,0,0
1785497538.575226,42.2295743,-1.2347451,545.06,44.989,GUIDED,1,5,0,,0,0,0
1785497539.0782514,42.2295526,-1.234732,545.06,44.987,GUIDED,1,5,0,,0,0,0
1785497539.5819278,42.2295341,-1.2347208,545.06,44.987,GUIDED,1,6,0,,0,0,0
1785497540.0846577,42.2295149,-1.2347095,545.06,44.989,GUIDED,1,6,0,,0,0,0
1785497540.5876486,42.2294966,-1.2346994,545.07,44.99,GUIDED,1,6,0,,0,0,0
1785497541.0904315,42.229468,-1.2346845,545.07,44.997,GUIDED,1,6,0,,0,0,0
1785497541.5945654,42.2294393,-1.2346697,545.08,45.004,GUIDED,1,6,0,,0,0,0
1785497542.0982363,42.229402,-1.2346506,545.08,45.009,GUIDED,1,6,0,,0,0,0
1785497542.6025105,42.2293695,-1.2346341,545.08,45.006,GUIDED,1,6,0,,0,0,0
1785497543.1058075,42.2293296,-1.234614,545.08,45.001,GUIDED,1,6,0,,0,0,0
1785497543.6086218,42.2292957,-1.2345969,545.07,44.999,GUIDED,1,6,0,,0,0,0
1785497544.1115935,42.2292615,-1.2345798,545.07,44.999,GUIDED,1,6,0,,0,0,0
1785497544.6151333,42.2292206,-1.2345592,545.08,45.001,GUIDED,1,6,0,,0,0,0
1785497545.1184876,42.2291882,-1.2345429,545.08,45.0,GUIDED,1,6,0,,0,0,0
1785497545.6220977,42.2291525,-1.2345249,545.07,44.995,GUIDED,1,6,0,,0,0,0
1785497546.125619,42.2291257,-1.2345115,545.07,44.991,GUIDED,1,6,0,,0,0,0
1785497546.6289809,42.2291018,-1.2344994,545.06,44.989,GUIDED,1,6,0,,0,0,0
1785497547.1318843,42.2290772,-1.2344871,545.06,44.988,GUIDED,1,7,0,,0,0,0
1785497547.6349926,42.2290602,-1.2344785,545.06,44.989,GUIDED,1,7,0,,0,0,0
1785497548.1384888,42.2290395,-1.2344681,545.07,44.99,GUIDED,1,7,0,,0,0,0
1785497548.6419098,42.2290174,-1.234457,545.07,44.995,GUIDED,1,7,0,,0,0,0
1785497549.1455998,42.2289846,-1.2344406,545.08,45.003,GUIDED,1,7,0,,0,0,0
1785497549.6492298,42.228954,-1.2344252,545.08,45.009,GUIDED,1,7,0,,0,0,0
1785497550.1515973,42.2289158,-1.2344062,545.08,45.007,GUIDED,1,7,0,,0,0,0
1785497550.6546998,42.2288832,-1.2343901,545.08,45.005,GUIDED,1,7,0,,0,0,0
1785497551.15834,42.2288516,-1.2343745,545.08,45.002,GUIDED,1,7,0,,0,0,0
1785497551.661338,42.228816,-1.234357,545.07,44.996,GUIDED,1,7,0,,0,0,0
1785497552.1646733,42.2287889,-1.2343438,545.07,44.992,GUIDED,1,7,0,,0,0,0
1785497552.6679895,42.2287603,-1.2343299,545.06,44.988,GUIDED,1,7,0,,0,0,0
1785497553.171202,42.2287401,-1.23432,545.06,44.988,GUIDED,1,8,0,,0,0,0
1785497553.674357,42.2287202,-1.2343097,545.06,44.989,GUIDED,1,8,0,,0,0,0
1785497554.1778257,42.2287049,-1.234298,545.07,44.991,GUIDED,1,8,0,,0,0,0
1785497554.6801887,42.2286877,-1.23428,545.07,44.995,GUIDED,1,8,0,,0,0,0
1785497555.1826513,42.228663,-1.234251,545.07,44.999,GUIDED,1,8,0,,0,0,0
1785497555.6857996,42.2286393,-1.2342221,545.08,45.005,GUIDED,1,8,0,,0,0,0
1785497556.1884193,42.2286098,-1.2341858,545.08,45.007,GUIDED,1,8,0,,0,0,0
1785497556.692796,42.2285859,-1.2341563,545.08,45.002,GUIDED,1,8,0,,0,0,0
1785497557.195595,42.2285632,-1.2341284,545.07,44.996,GUIDED,1,8,0,,0,0,0
1785497557.6991587,42.2285382,-1.2340978,545.07,44.991,GUIDED,1,8,0,,0,0,0
1785497558.2016127,42.2285196,-1.234075,545.06,44.988,GUIDED,1,8,0,,0,0,0
1785497558.70514,42.2285005,-1.2340518,545.06,44.988,GUIDED,1,10,0,,0,0,0
1785497559.2078476,42.2284878,-1.2340362,545.03,44.952,LAND,1,10,0,,0,0,0
1785497559.7102866,42.2284779,-1.2340241,544.68,44.609,LAND,1,10,0,,0,0,0
1785497560.2123709,42.2284743,-1.2340197,544.1,44.021,LAND,1,10,0,,0,0,0
1785497560.7147179,42.2284736,-1.2340188,543.33,43.25,LAND,1,10,0,,0,0,0
1785497561.2168305,42.2284742,-1.2340194,542.39,42.31,LAND,1,10,0,,0,0,0
1785497561.7196782,42.228475,-1.2340203,541.63,41.553,LAND,1,10,0,,0,0,0
1785497562.221993,42.2284759,-1.2340212,540.74,40.661,LAND,1,10,0,,0,0,0
1785497562.7246463,42.2284765,-1.2340217,539.99,39.919,LAND,1,10,0,,0,0,0
1785497563.2272356,42.228477,-1.2340221,539.25,39.175,LAND,1,10,0,,0,0,0
1785497563.7300682,42.2284773,-1.2340223,538.35,38.279,LAND,1,10,0,,0,0,0
1785497564.232453,42.2284775,-1.2340225,537.61,37.531,LAND,1,10,0,,0,0,0
1785497564.7347753,42.2284776,-1.2340226,536.71,36.634,LAND,1,10,0,,0,0,0
1785497565.2375305,42.2284777,-1.2340227,535.96,35.885,LAND,1,10,0,,0,0,0
1785497565.7400045,42.2284777,-1.2340228,535.06,34.985,LAND,1,10,0,,0,0,0
1785497566.243066,42.2284778,-1.2340229,534.31,34.237,LAND,1,10,0,,0,0,0
1785497566.7473395,42.2284778,-1.234023,533.56,33.487,LAND,1,10,0,,0,0,0
1785497567.2495806,42.2284779,-1.234023,532.67,32.59,LAND,1,10,0,,0,0,0
1785497567.752086,42.2284779,-1.2340231,531.92,31.843,LAND,1,10,0,,0,0,0
1785497568.254548,42.2284779,-1.2340231,531.02,30.946,LAND,1,10,0,,0,0,0
1785497568.7567692,42.2284779,-1.2340232,530.27,30.196,LAND,1,10,0,,0,0,0
1785497569.2597718,42.2284779,-1.2340232,529.52,29.445,LAND,1,10,0,,0,0,0
1785497569.7629988,42.228478,-1.2340232,528.62,28.543,LAND,1,10,0,,0,0,0
1785497570.265589,42.228478,-1.2340232,527.87,27.792,LAND,1,10,0,,0,0,0
1785497570.7678075,42.228478,-1.2340233,526.97,26.891,LAND,1,10,0,,0,0,0
1785497571.2704122,42.228478,-1.2340233,526.22,26.141,LAND,1,10,0,,0,0,0
1785497571.7729523,42.2284781,-1.2340233,525.32,25.24,LAND,1,10,0,,0,0,0
1785497572.2760127,42.2284781,-1.2340234,524.57,24.491,LAND,1,10,0,,0,0,0
1785497572.7784584,42.2284781,-1.2340234,523.67,23.59,LAND,1,10,0,,0,0,0
1785497573.2807643,42.2284781,-1.2340233,522.91,22.839,LAND,1,10,0,,0,0,0
1785497573.7826817,42.2284781,-1.2340233,522.16,22.087,LAND,1,10,0,,0,0,0
1785497574.2851334,42.2284781,-1.2340234,521.26,21.188,LAND,1,10,0,,0,0,0
1785497574.7873733,42.2284781,-1.2340234,520.51,20.437,LAND,1,10,0,,0,0,0
1785497575.2906823,42.2284781,-1.2340234,519.61,19.534,LAND,1,10,0,,0,0,0
1785497575.7932813,42.2284781,-1.2340234,518.86,18.784,LAND,1,10,0,,0,0,0
1785497576.2958927,42.2284781,-1.2340234,518.11,18.035,LAND,1,10,0,,0,0,0
1785497576.7981389,42.2284781,-1.2340234,517.21,17.135,LAND,1,10,0,,0,0,0
1785497577.3004653,42.2284781,-1.2340234,516.46,16.385,LAND,1,10,0,,0,0,0
1785497577.8031232,42.2284781,-1.2340234,515.56,15.486,LAND,1,10,0,,0,0,0
1785497578.3052735,42.2284781,-1.2340234,514.81,14.738,LAND,1,10,0,,0,0,0
1785497578.8071513,42.2284781,-1.2340234,513.91,13.839,LAND,1,10,0,,0,0,0
1785497579.3096893,42.2284781,-1.2340234,513.16,13.089,LAND,1,10,0,,0,0,0
1785497579.8130136,42.2284781,-1.2340234,512.42,12.34,LAND,1,10,0,,0,0,0
1785497580.3150454,42.2284781,-1.2340234,511.52,11.441,LAND,1,10,0,,0,0,0
1785497580.8182554,42.2284781,-1.2340234,510.86,10.781,LAND,1,10,0,,0,0,0
1785497581.3212216,42.2284781,-1.2340234,510.39,10.316,LAND,1,10,0,,0,0,0
1785497581.824256,42.2284781,-1.2340234,510.17,10.092,LAND,1,10,0,,0,0,0
1785497582.3275726,42.2284781,-1.2340234,509.9,9.823,LAND,1,10,0,,0,0,0
1785497582.8302093,42.2284781,-1.2340234,509.65,9.575,LAND,1,10,0,,0,0,0
1785497583.333319,42.2284781,-1.2340234,509.39,9.319,LAND,1,10,0,,0,0,0
1785497583.8357995,42.2284781,-1.2340234,509.09,9.014,LAND,1,10,0,,0,0,0
1785497584.3389184,42.2284781,-1.2340234,508.84,8.762,LAND,1,10,0,,0,0,0
1785497584.8419948,42.2284781,-1.2340234,508.54,8.461,LAND,1,10,0,,0,0,0
1785497585.344987,42.2284781,-1.2340234,508.29,8.21,LAND,1,10,0,,0,0,0
1785497585.847356,42.2284781,-1.2340234,508.03,7.959,LAND,1,10,0,,0,0,0
1785497586.350086,42.2284781,-1.2340234,507.73,7.658,LAND,1,10,0,,0,0,0
1785497586.8531165,42.2284781,-1.2340234,507.48,7.407,LAND,1,10,0,,0,0,0
1785497587.3556602,42.2284781,-1.2340234,507.18,7.106,LAND,1,10,0,,0,0,0
1785497587.8578396,42.2284781,-1.2340234,506.93,6.856,LAND,1,10,0,,0,0,0
1785497588.36054,42.2284781,-1.2340234,506.68,6.606,LAND,1,10,0,,0,0,0
1785497588.8630998,42.2284781,-1.2340234,506.38,6.304,LAND,1,10,0,,0,0,0
1785497589.3656988,42.2284781,-1.2340234,506.13,6.054,LAND,1,10,0,,0,0,0
1785497589.868098,42.2284781,-1.2340234,505.83,5.754,LAND,1,10,0,,0,0,0
1785497590.3704374,42.2284781,-1.2340234,505.58,5.503,LAND,1,10,0,,0,0,0
1785497590.8732173,42.2284781,-1.2340234,505.28,5.203,LAND,1,10,0,,0,0,0
1785497591.3762832,42.2284781,-1.2340234,505.03,4.953,LAND,1,10,0,,0,0,0
1785497591.8784466,42.2284781,-1.2340234,504.78,4.703,LAND,1,10,0,,0,0,0
1785497592.3809488,42.2284781,-1.2340234,504.48,4.404,LAND,1,10,0,,0,0,0
1785497592.8834257,42.2284781,-1.2340234,504.23,4.154,LAND,1,10,0,,0,0,0
1785497593.3864517,42.2284781,-1.2340234,503.98,3.904,LAND,1,10,0,,0,0,0
1785497593.8886395,42.2284781,-1.2340234,503.68,3.605,LAND,1,10,0,,0,0,0
1785497594.390686,42.2284781,-1.2340234,503.43,3.355,LAND,1,10,0,,0,0,0
1785497594.8932734,42.2284781,-1.2340234,503.13,3.054,LAND,1,10,0,,0,0,0
1785497595.396286,42.2284781,-1.2340234,502.88,2.804,LAND,1,10,0,,0,0,0
1785497595.8992634,42.2284781,-1.2340234,502.58,2.504,LAND,1,10,0,,0,0,0
1785497596.4017594,42.2284781,-1.2340234,502.33,2.254,LAND,1,10,0,,0,0,0
1785497596.9037285,42.2284781,-1.2340234,502.03,1.954,LAND,1,10,0,,0,0,0
1785497597.4065526,42.2284781,-1.2340234,501.78,1.704,LAND,1,10,0,,0,0,0
1785497597.9093184,42.2284781,-1.2340234,501.53,1.454,LAND,1,10,0,,0,0,0
1785497598.4112434,42.2284781,-1.2340234,501.23,1.154,LAND,1,10,0,,0,0,0
1785497598.913878,42.2284781,-1.2340234,500.98,0.904,LAND,1,10,0,,0,0,0
1785497599.4174068,42.2284781,-1.2340234,500.68,0.604,LAND,1,10,0,,0,0,0
1785497599.920015,42.2284781,-1.2340234,500.43,0.354,LAND,1,10,0,,0,0,0
1785497600.4224968,42.2284781,-1.2340234,500.18,0.104,LAND,1,10,0,,0,0,0
1785497600.9249294,42.2284781,-1.2340234,500.05,-0.02,LAND,1,10,0,,0,0,0
1785497601.428733,42.2284781,-1.2340234,500.04,-0.032,LAND,1,10,0,,0,0,0
1785497601.9315464,42.2284781,-1.2340234,500.04,-0.031,LAND,1,10,0,,0,0,0
1785497602.433676,42.2284781,-1.2340234,500.05,-0.027,LAND,0,10,0,,0,0,0
1785497602.9366636,42.2284781,-1.2340234,500.06,-0.018,LAND,0,10,0,,0,0,0
1785497603.4394128,42.2284781,-1.2340234,500.06,-0.012,LAND,0,10,0,,0,0,0
1785497603.941664,42.2284781,-1.2340234,500.07,-0.007,LAND,0,10,0,,0,0,0
1785497604.4451523,42.2284781,-1.2340234,500.07,-0.004,LAND,0,10,0,,0,0,0
1785497604.9474912,42.2284781,-1.2340234,500.07,-0.001,LAND,0,10,0,,0,0,0
1785497605.4495587,42.2284781,-1.2340234,500.08,0.0,LAND,0,10,0,,0,0,0
1785497605.9524584,42.2284781,-1.2340234,500.08,0.001,LAND,0,10,0,,0,0,0
1785497606.4555557,42.2284781,-1.2340234,500.08,0.002,LAND,0,10,0,,0,0,0
1785497606.9584746,42.2284781,-1.2340234,500.08,0.003,LAND,0,10,0,,0,0,0
1785497607.4612155,42.2284781,-1.2340234,500.08,0.004,LAND,0,10,0,,0,0,0
1785497607.9638262,42.2284781,-1.2340234,500.08,0.005,LAND,0,10,0,,0,0,0
1785497608.4662504,42.2284781,-1.2340234,500.08,0.006,LAND,0,10,0,,0,0,0
1785497608.9685972,42.2284781,-1.2340234,500.08,0.006,LAND,0,10,0,,0,0,0
1785497609.4717126,42.2284781,-1.2340234,500.08,0.007,LAND,0,10,0,,0,0,0
1785497609.974325,42.2284781,-1.2340234,500.08,0.007,LAND,0,10,0,,0,0,0
1785497610.4772651,42.2284781,-1.2340234,500.08,0.007,LAND,0,10,0,,0,0,0
1785497610.9802337,42.2284781,-1.2340234,500.08,0.008,LAND,0,10,0,,0,0,0
1785497611.4835844,42.2284781,-1.2340234,500.08,0.008,LAND,0,10,0,,0,0,0
1785497611.985989,42.2284781,-1.2340234,500.08,0.008,LAND,0,10,0,,0,0,0
1785497612.4881957,42.2284781,-1.2340234,500.08,0.008,LAND,0,10,0,,0,0,0
1785497612.991101,42.2284781,-1.2340234,500.08,0.008,LAND,0,10,0,,0,0,0
1785497613.4934292,42.2284781,-1.2340234,500.08,0.008,LAND,0,10,0,,0,0,0
1785497613.995785,42.2284781,-1.2340234,500.08,0.008,LAND,0,10,0,,0,0,0
1785497614.4977422,42.2284781,-1.2340234,500.08,0.008,LAND,0,10,0,,0,0,0
1785497615.0010738,42.2284781,-1.2340234,500.08,0.008,LAND,0,10,0,,0,0,0
1785497615.5043538,42.2284781,-1.2340234,500.08,0.008,LAND,0,10,0,,0,0,0
1785497616.0072834,42.2284781,-1.2340234,500.08,0.008,LAND,0,10,0,,0,0,0
1785497616.5095167,42.2284781,-1.2340234,500.08,0.008,LAND,0,10,0,,0,0,0
1785497617.012287,42.2284781,-1.2340234,500.08,0.008,LAND,0,10,0,,0,0,0
1785497617.5153205,42.2284781,-1.2340234,500.08,0.008,LAND,0,10,0,,0,0,0
1785497618.018476,42.2284781,-1.2340234,500.08,0.008,LAND,0,10,0,,0,0,0
1785497618.521215,42.2284781,-1.2340234,500.08,0.008,LAND,0,10,0,,0,0,0
1785497619.0239325,42.2284781,-1.2340234,500.08,0.007,LAND,0,10,0,,0,0,0
1785497619.5271597,42.2284781,-1.2340234,500.08,0.007,LAND,0,10,0,,0,0,0
1785497620.029972,42.2284781,-1.2340234,500.08,0.007,LAND,0,10,0,,0,0,0
1785497620.532796,42.2284781,-1.2340234,500.08,0.007,LAND,0,10,0,,0,0,0
1785497621.0348659,42.2284781,-1.2340234,500.08,0.007,LAND,0,10,0,,0,0,0
1785497621.5371873,42.2284781,-1.2340234,500.08,0.007,LAND,0,10,0,,0,0,0
1785497622.0392838,42.2284781,-1.2340234,500.08,0.007,LAND,0,10,0,,0,0,0
1785497622.5413182,42.2284781,-1.2340234,500.08,0.007,LAND,0,10,0,,0,0,0
1785497623.0441356,42.2284781,-1.2340234,500.08,0.007,LAND,0,10,0,,0,0,0
1785497623.5470045,42.2284781,-1.2340234,500.08,0.007,LAND,0,10,0,,0,0,0
1785497624.049051,42.2284781,-1.2340234,500.08,0.007,LAND,0,10,0,,0,0,0
1785497624.5513725,42.2284781,-1.2340234,500.08,0.007,LAND,0,10,0,,0,0,0
1785497625.053867,42.2284781,-1.2340234,500.08,0.007,LAND,0,10,0,,0,0,0
1785497625.556305,42.2284781,-1.2340234,500.08,0.007,LAND,0,10,0,,0,0,0
1785497626.0584905,42.2284781,-1.2340234,500.08,0.007,LAND,0,10,0,,0,0,0
1785497626.5612493,42.2284781,-1.2340234,500.08,0.007,LAND,0,10,0,,0,0,0
1785497627.063805,42.2284781,-1.2340234,500.08,0.007,LAND,0,10,0,,0,0,0
1785497627.566396,42.2284781,-1.2340234,500.08,0.007,LAND,0,10,0,,0,0,0
1785497628.0689325,42.2284781,-1.2340234,500.08,0.007,LAND,0,10,0,,0,0,0
1785497628.5708983,42.2284781,-1.2340234,500.08,0.007,LAND,0,10,0,,0,0,0
1785497629.0734074,42.2284781,-1.2340234,500.08,0.007,LAND,0,10,0,,0,0,0
1785497629.575426,42.2284781,-1.2340234,500.08,0.007,LAND,0,10,0,,0,0,0
1785497630.0777938,42.2284781,-1.2340234,500.08,0.007,LAND,0,10,0,,0,0,0
1785497630.580117,42.2284781,-1.2340234,500.08,0.007,LAND,0,10,0,,0,0,0
1785497631.0821297,42.2284781,-1.2340234,500.08,0.007,LAND,0,10,0,,0,0,0
1785497631.5849357,42.2284781,-1.2340234,500.08,0.007,LAND,0,10,0,,0,0,0
1785497632.0873802,42.2284781,-1.2340234,500.08,0.007,LAND,0,10,0,,0,0,0
1785497632.5893226,42.2284781,-1.2340234,500.08,0.007,LAND,0,10,0,,0,0,0
1785497633.0914345,42.2284781,-1.2340234,500.08,0.007,LAND,0,10,0,,0,0,0
1785497633.594251,42.2284781,-1.2340234,500.08,0.007,LAND,0,10,0,,0,0,0
1785497634.097124,42.2284781,-1.2340234,500.08,0.007,LAND,0,10,0,,0,0,0
1785497634.599726,42.2284781,-1.2340234,500.08,0.007,LAND,0,10,0,,0,0,0
1785497635.1019251,42.2284781,-1.2340234,500.08,0.007,LAND,0,10,0,,0,0,0
1785497635.6042793,42.2284781,-1.2340234,500.08,0.007,LAND,0,10,0,,0,0,0
1785497636.1071053,42.2284781,-1.2340234,500.08,0.007,LAND,0,10,0,,0,0,0
1785497636.6092136,42.2284781,-1.2340234,500.08,0.007,LAND,0,10,0,,0,0,0
1785497637.112054,42.2284781,-1.2340234,500.08,0.007,LAND,0,10,0,,0,0,0
1785497637.6146405,42.2284781,-1.2340234,500.08,0.007,LAND,0,10,0,,0,0,0
1785497638.1169846,42.2284781,-1.2340234,500.08,0.007,LAND,0,10,0,,0,0,0
1785497638.6196887,42.2284781,-1.2340234,500.08,0.007,LAND,0,10,0,,0,0,0
1785497639.1218014,42.2284781,-1.2340234,500.08,0.007,LAND,0,10,0,,0,0,0
1785497639.624592,42.2284781,-1.2340234,500.08,0.007,LAND,0,10,0,,0,0,0
1785497640.1270123,42.2284781,-1.2340234,500.08,0.007,LAND,0,10,0,,0,0,0
1785497640.6297507,42.2284781,-1.2340234,500.08,0.007,LAND,0,10,0,,0,0,0
1785497641.132294,42.2284781,-1.2340234,500.08,0.007,LAND,0,10,0,,0,0,0
1785497641.6348588,42.2284781,-1.2340234,500.08,0.007,LAND,0,10,0,,0,0,0
1785497642.1373165,42.2284781,-1.2340234,500.08,0.007,LAND,0,10,0,,0,0,0
1785497642.6397967,42.2284781,-1.2340234,500.08,0.007,LAND,0,10,0,,0,0,0
1785497643.1427867,42.2284781,-1.2340234,500.08,0.007,LAND,0,10,0,,0,0,0
1785497643.6454113,42.2284781,-1.2340234,500.08,0.007,LAND,0,10,0,,0,0,0
1785497644.1479537,42.2284781,-1.2340234,500.08,0.007,LAND,0,10,0,,0,0,0
1785497644.6503336,42.2284781,-1.2340234,500.08,0.007,LAND,0,10,0,,0,0,0
1785497645.1526108,42.2284781,-1.2340234,500.08,0.007,LAND,0,10,0,,0,0,0
1785497645.6560802,42.2284781,-1.2340234,500.08,0.007,LAND,0,10,0,,0,0,0
1785497646.1585205,42.2284781,-1.2340234,500.08,0.007,LAND,0,10,0,,0,0,0
1785497646.6613731,42.2284781,-1.2340234,500.08,0.007,LAND,0,10,0,,0,0,0
1785497647.1642907,42.2284781,-1.2340234,500.08,0.007,LAND,0,10,0,,0,0,0
1785497647.6666677,42.2284781,-1.2340234,500.08,0.007,LAND,0,10,0,,0,0,0
1785497648.1692448,42.2284781,-1.2340234,500.08,0.007,LAND,0,10,0,,0,0,0
1785497648.672031,42.2284781,-1.2340234,500.08,0.007,LAND,0,10,0,,0,0,0
1785497649.1748416,42.2284781,-1.2340234,500.08,0.007,LAND,0,10,0,,0,0,0
1785497649.6779706,42.2284781,-1.2340234,500.08,0.007,LAND,0,10,0,,0,0,0
1785497650.1804652,42.2284781,-1.2340234,500.08,0.007,LAND,0,10,0,,0,0,0
1785497650.6823847,42.2284781,-1.2340234,500.08,0.007,LAND,0,10,0,,0,0,0
1785497651.1848395,42.2284781,-1.2340234,500.08,0.007,LAND,0,10,0,,0,0,0
1785497651.6873617,42.2284781,-1.2340234,500.08,0.007,LAND,0,10,0,,0,0,0
1785497652.1896248,42.2284781,-1.2340234,500.08,0.007,LAND,0,10,0,,0,0,0
1785497652.6920035,42.2284781,-1.2340234,500.08,0.007,LAND,0,10,0,,0,0,0
1785497653.1950295,42.2284781,-1.2340234,500.08,0.007,LAND,0,10,0,,0,0,0
1785497653.6974838,42.2284781,-1.2340234,500.08,0.007,LAND,0,10,0,,0,0,0
1785497654.1999178,42.2284781,-1.2340234,500.08,0.007,LAND,0,10,0,,0,0,0
1785497654.7027142,42.2284781,-1.2340234,500.08,0.007,LAND,0,10,0,,0,0,0
1785497655.205165,42.2284781,-1.2340234,500.08,0.007,LAND,0,10,0,,0,0,0
1785497655.7080007,42.2284781,-1.2340234,500.08,0.007,LAND,0,10,0,,0,0,0
1785497656.2098942,42.2284781,-1.2340234,500.08,0.007,LAND,0,10,0,,0,0,0
1785497656.7125435,42.2284781,-1.2340234,500.08,0.007,LAND,0,10,0,,0,0,0
1785497657.2148147,42.2284781,-1.2340234,500.08,0.007,LAND,0,10,0,,0,0,0
1785497657.7171252,42.2284781,-1.2340234,500.08,0.007,LAND,0,10,0,,0,0,0
1785497658.2194417,42.2284781,-1.2340234,500.08,0.007,LAND,0,10,0,,0,0,0
1785497658.7218738,42.2284781,-1.2340234,500.08,0.007,LAND,0,10,0,,0,0,0
1785497659.22476,42.2284781,-1.2340234,500.08,0.007,LAND,0,10,0,,0,0,0
1785497659.7270324,42.2284781,-1.2340234,500.08,0.007,LAND,0,10,0,,0,0,0
1785497660.2301455,42.2284781,-1.2340234,500.08,0.007,LAND,0,10,0,,0,0,0
1785497660.7327905,42.2284781,-1.2340234,500.08,0.007,LAND,0,10,0,,0,0,0
1785497661.2353091,42.2284781,-1.2340234,500.08,0.007,LAND,0,10,0,,0,0,0
1785497661.737628,42.2284781,-1.2340234,500.08,0.007,LAND,0,10,0,,0,0,0
1785497662.240452,42.2284781,-1.2340234,500.08,0.007,LAND,0,10,0,,0,0,0
1785497662.74367,42.2284781,-1.2340234,500.08,0.007,LAND,0,10,0,,0,0,0
1785497663.246285,42.2284781,-1.2340234,500.08,0.007,LAND,0,10,0,,0,0,0
1785497663.7486587,42.2284781,-1.2340234,500.08,0.007,LAND,0,10,0,,0,0,0
1785497664.2510633,42.2284781,-1.2340234,500.08,0.007,LAND,0,10,0,,0,0,0
1785497664.7530415,42.2284781,-1.2340234,500.08,0.007,LAND,0,10,0,,0,0,0
1785497665.255826,42.2284781,-1.2340234,500.08,0.007,LAND,0,10,0,,0,0,0
1785497665.757861,42.2284781,-1.2340234,500.08,0.007,LAND,0,10,0,,0,0,0
1785497666.2602766,42.2284781,-1.2340234,500.08,0.007,LAND,0,10,0,,0,0,0
1785497666.762987,42.2284781,-1.2340234,500.08,0.007,LAND,0,10,0,,0,0,0
1785497667.2649536,42.2284781,-1.2340234,500.08,0.007,LAND,0,10,0,,0,0,0
1785497667.767339,42.2284781,-1.2340234,500.08,0.007,LAND,0,10,0,,0,0,0
1785497668.2701116,42.2284781,-1.2340234,500.08,0.007,LAND,0,10,0,,0,0,0
1785497668.772525,42.2284781,-1.2340234,500.08,0.007,LAND,0,10,0,,0,0,0
1785497669.2749584,42.2284781,-1.2340234,500.08,0.007,LAND,0,10,0,,0,0,0
1785497669.7771797,42.2284781,-1.2340234,500.08,0.007,LAND,0,10,0,,0,0,0
1785497670.2798882,42.2284781,-1.2340234,500.08,0.007,LAND,0,10,0,,0,0,0
1785497670.7821436,42.2284781,-1.2340234,500.08,0.007,LAND,0,10,0,,0,0,0
1785497671.2849472,42.2284781,-1.2340234,500.08,0.007,LAND,0,10,0,,0,0,0
1785497671.787906,42.2284781,-1.2340234,500.08,0.007,LAND,0,10,0,,0,0,0
1785497672.2905893,42.2284781,-1.2340234,500.08,0.007,LAND,0,10,0,,0,0,0
1785497672.793795,42.2284781,-1.2340234,500.08,0.007,LAND,0,10,0,,0,0,0
1785497673.296257,42.2284781,-1.2340234,500.08,0.007,LAND,0,10,0,,0,0,0
1785497673.7985866,42.2284781,-1.2340234,500.08,0.007,LAND,0,10,0,,0,0,0
1785497674.3015928,42.2284781,-1.2340234,500.08,0.007,LAND,0,10,0,,0,0,0
1785497674.8040018,42.2284781,-1.2340234,500.08,0.007,LAND,0,10,0,,0,0,0
1785497675.3061795,42.2284781,-1.2340234,500.08,0.007,LAND,0,10,0,,0,0,0
1785497675.8087897,42.2284781,-1.2340234,500.08,0.007,LAND,0,10,0,,0,0,0
1785497676.3113303,42.2284781,-1.2340234,500.08,0.007,LAND,0,10,0,,0,0,0
1785497676.8139513,42.2284781,-1.2340234,500.08,0.007,LAND,0,10,0,,0,0,0
1785497677.316259,42.2284781,-1.2340234,500.08,0.007,LAND,0,10,0,,0,0,0
1785497677.8187885,42.2284781,-1.2340234,500.08,0.007,LAND,0,10,0,,0,0,0
1785497678.321385,42.2284781,-1.2340234,500.08,0.007,LAND,0,10,0,,0,0,0
1785497678.8233047,42.2284781,-1.2340234,500.08,0.007,LAND,0,10,0,,0,0,0
1785497679.3256736,42.2284781,-1.2340234,500.08,0.007,LAND,0,10,0,,0,0,0
1785497679.8287885,42.2284781,-1.2340234,500.08,0.007,LAND,0,10,0,,0,0,0
1785497680.331844,42.2284781,-1.2340234,500.08,0.007,LAND,0,10,0,,0,0,0
1785497680.8342338,42.2284781,-1.2340234,500.08,0.007,LAND,0,10,0,,0,0,0
1785497681.3363943,42.2284781,-1.2340234,500.08,0.007,LAND,0,10,0,,0,0,0
1785497681.8388417,42.2284781,-1.2340234,500.08,0.007,LAND,0,10,0,,0,0,0
1785497682.3413408,42.2284781,-1.2340234,500.08,0.007,LAND,0,10,0,,0,0,0
1785497682.8446717,42.2284781,-1.2340234,500.08,0.007,LAND,0,10,0,,0,0,0
1785497683.3471131,42.2284781,-1.2340234,500.08,0.007,LAND,0,10,0,,0,0,0
1785497683.8502302,42.2284781,-1.2340234,500.08,0.007,LAND,0,10,0,,0,0,0
1785497684.3523293,42.2284781,-1.2340234,500.08,0.007,LAND,0,10,0,,0,0,0
1785497684.854473,42.2284781,-1.2340234,500.08,0.007,LAND,0,10,0,,0,0,0
1785497685.3572974,42.2284781,-1.2340234,500.08,0.007,LAND,0,10,0,,0,0,0
1785497685.8599558,42.2284781,-1.2340234,500.08,0.007,LAND,0,10,0,,0,0,0
1785497686.362585,42.2284781,-1.2340234,500.08,0.007,LAND,0,10,0,,0,0,0
1785497686.8655386,42.2284781,-1.2340234,500.08,0.007,LAND,0,10,0,,0,0,0
1785497687.369507,42.2284781,-1.2340234,500.08,0.007,LAND,0,10,0,,0,0,0
1785497687.872386,42.2284781,-1.2340234,500.08,0.007,LAND,0,10,0,,0,0,0
1785497688.3748887,42.2284781,-1.2340234,500.08,0.007,LAND,0,10,0,,0,0,0
1785497688.8780074,42.2284781,-1.2340234,500.08,0.007,LAND,0,10,0,,0,0,0
1785497689.380298,42.2284781,-1.2340234,500.08,0.007,LAND,0,10,0,,0,0,0
1785497689.8821878,42.2284781,-1.2340234,500.08,0.007,LAND,0,10,0,,0,0,0
1785497690.3842752,42.2284781,-1.2340234,500.08,0.007,LAND,0,10,0,,0,0,0
1785497690.8865745,42.2284781,-1.2340234,500.08,0.007,LAND,0,10,0,,0,0,0
1785497691.3888485,42.2284781,-1.2340234,500.08,0.007,LAND,0,10,0,,0,0,0
1785497691.891177,42.2284781,-1.2340234,500.08,0.007,LAND,0,10,0,,0,0,0
1785497692.3940709,42.2284781,-1.2340234,500.08,0.007,LAND,0,10,0,,0,0,0
1785497692.8967228,42.2284781,-1.2340234,500.08,0.007,LAND,0,10,0,,0,0,0
1785497693.3991067,42.2284781,-1.2340234,500.08,0.007,LAND,0,10,0,,0,0,0
1785497693.9017034,42.2284781,-1.2340234,500.08,0.007,LAND,0,10,0,,0,0,0
1785497694.4041874,42.2284781,-1.2340234,500.08,0.007,LAND,0,10,0,,0,0,0
1785497694.9068892,42.2284781,-1.2340234,500.08,0.007,LAND,0,10,0,,0,0,0
1785497695.4093025,42.2284781,-1.2340234,500.08,0.006,LAND,0,10,0,,0,0,0
1785497695.9126518,42.2284781,-1.2340234,500.08,0.006,LAND,0,10,0,,0,0,0
1785497696.41548,42.2284781,-1.2340234,500.08,0.006,LAND,0,10,0,,0,0,0
1785497696.9180849,42.2284781,-1.2340234,500.08,0.006,LAND,0,10,0,,0,0,0
1785497697.4209423,42.2284781,-1.2340234,500.08,0.006,LAND,0,10,0,,0,0,0
1785497697.924219,42.2284781,-1.2340234,500.08,0.006,LAND,0,10,0,,0,0,0
1785497698.4264026,42.2284781,-1.2340234,500.08,0.007,LAND,0,10,0,,0,0,0
1785497698.9293568,42.2284781,-1.2340234,500.08,0.007,LAND,0,10,0,,0,0,0
1785497699.4316165,42.2284781,-1.2340234,500.08,0.007,LAND,0,10,0,,0,0,0
1785497699.933993,42.2284781,-1.2340234,500.08,0.007,LAND,0,10,0,,0,0,0
1785497700.4363449,42.2284781,-1.2340234,500.08,0.007,LAND,0,10,0,,0,0,0
1785497700.9387517,42.2284781,-1.2340234,500.08,0.007,LAND,0,10,0,,0,0,0
1785497701.4413188,42.2284781,-1.2340234,500.08,0.007,LAND,0,10,0,,0,0,0
1785497701.9439204,42.2284781,-1.2340234,500.08,0.007,LAND,0,10,0,,0,0,0
1785497702.4461071,42.2284781,-1.2340234,500.08,0.007,LAND,0,10,0,,0,0,0
1785497702.9487565,42.2284781,-1.2340234,500.08,0.007,LAND,0,10,0,,0,0,0
1785497703.4509509,42.2284781,-1.2340234,500.08,0.007,LAND,0,10,0,,0,0,0
1785497703.9532497,42.2284781,-1.2340234,500.08,0.007,LAND,0,10,0,,0,0,0
1785497704.4551568,42.2284781,-1.2340234,500.08,0.007,LAND,0,10,0,,0,0,0
1785497704.9573567,42.2284781,-1.2340234,500.08,0.007,LAND,0,10,0,,0,0,0
1785497705.4593332,42.2284781,-1.2340234,500.08,0.007,LAND,0,10,0,,0,0,0
1785497705.962639,42.2284781,-1.2340234,500.08,0.007,LAND,0,10,0,,0,0,0
1785497706.4646442,42.2284781,-1.2340234,500.08,0.007,LAND,0,10,0,,0,0,0
1785497706.9673429,42.2284781,-1.2340234,500.08,0.007,LAND,0,10,0,,0,0,0
1785497707.4695675,42.2284781,-1.2340234,500.08,0.007,LAND,0,10,0,,0,0,0
1785497707.972391,42.2284781,-1.2340234,500.08,0.007,LAND,0,10,0,,0,0,0
1785497708.4745853,42.2284781,-1.2340234,500.08,0.007,LAND,0,10,0,,0,0,0
1785497708.9776099,42.2284781,-1.2340234,500.08,0.007,LAND,0,10,0,,0,0,0
1785497709.4797766,42.2284781,-1.2340234,500.08,0.007,LAND,0,10,0,,0,0,0
1785497709.982734,42.2284781,-1.2340234,500.08,0.007,LAND,0,10,0,,0,0,0
1785497710.4852414,42.2284781,-1.2340234,500.08,0.007,LAND,0,10,0,,0,0,0
1785497710.9874878,42.2284781,-1.2340234,500.08,0.007,LAND,0,10,0,,0,0,0
1785497711.4902768,42.2284781,-1.2340234,500.08,0.007,LAND,0,10,0,,0,0,0
1785497711.9929547,42.2284781,-1.2340234,500.08,0.007,LAND,0,10,0,,0,0,0
1785497712.495415,42.2284781,-1.2340234,500.08,0.007,LAND,0,10,0,,0,0,0
1785497712.9981093,42.2284781,-1.2340234,500.08,0.007,LAND,0,10,0,,0,0,0
1785497713.5000758,42.2284781,-1.2340234,500.08,0.006,LAND,0,10,0,,0,0,0
1785497714.0027292,42.2284781,-1.2340234,500.08,0.007,LAND,0,10,0,,0,0,0
1785497714.504735,42.2284781,-1.2340234,500.08,0.007,LAND,0,10,0,,0,0,0
1785497715.0075862,42.2284781,-1.2340234,500.08,0.007,LAND,0,10,0,,0,0,0
1785497715.5099854,42.2284781,-1.2340233,500.08,0.007,LAND,0,10,0,,0,0,0
1785497716.0129197,42.2284781,-1.2340233,500.08,0.007,LAND,0,10,0,,0,0,0
1785497716.515771,42.2284781,-1.2340233,500.08,0.007,LAND,0,10,0,,0,0,0
1785497717.0181434,42.2284781,-1.2340233,500.08,0.007,LAND,0,10,0,,0,0,0
1785497717.5204093,42.2284781,-1.2340233,500.08,0.007,LAND,0,10,0,,0,0,0
1785497718.0232434,42.2284781,-1.2340233,500.08,0.007,LAND,0,10,0,,0,0,0
1785497718.5253565,42.2284781,-1.2340233,500.08,0.007,LAND,0,10,0,,0,0,0
1785497719.0280924,42.2284781,-1.2340233,500.08,0.007,LAND,0,10,0,,0,0,0
1785497719.5308075,42.2284781,-1.2340233,500.08,0.007,LAND,0,10,0,,0,0,0
1785497720.0329802,42.2284781,-1.2340233,500.08,0.007,LAND,0,10,0,,0,0,0
1785497720.5359278,42.2284781,-1.2340232,500.08,0.007,LAND,0,10,0,,0,0,0
1785497721.0383818,42.2284781,-1.2340232,500.08,0.007,LAND,0,10,0,,0,0,0
1785497721.5409398,42.228478,-1.2340232,500.08,0.007,LAND,0,10,0,,0,0,0
1785497722.0431228,42.228478,-1.2340232,500.08,0.007,LAND,0,10,0,,0,0,0
1785497722.5458145,42.228478,-1.2340232,500.08,0.007,LAND,0,10,0,,0,0,0
1785497723.0480113,42.228478,-1.2340232,500.08,0.007,LAND,0,10,0,,0,0,0
1785497723.5507953,42.228478,-1.2340232,500.08,0.007,LAND,0,10,0,,0,0,0
1785497724.053637,42.228478,-1.2340232,500.08,0.007,LAND,0,10,0,,0,0,0
1785497724.556035,42.228478,-1.2340232,500.08,0.007,LAND,0,10,0,,0,0,0
1785497725.058494,42.228478,-1.2340232,500.08,0.007,LAND,0,10,0,,0,0,0
1785497725.5606978,42.228478,-1.2340232,500.08,0.007,LAND,0,10,0,,0,0,0
1785497726.0630631,42.228478,-1.2340232,500.08,0.007,LAND,0,10,0,,0,0,0
1785497726.5660264,42.228478,-1.2340232,500.08,0.007,LAND,0,10,0,,0,0,0
1785497727.0682662,42.228478,-1.2340232,500.08,0.007,LAND,0,10,0,,0,0,0
1785497727.570717,42.228478,-1.2340231,500.08,0.007,LAND,0,10,0,,0,0,0
1785497728.073536,42.228478,-1.2340231,500.08,0.007,LAND,0,10,0,,0,0,0
1785497728.5759985,42.228478,-1.2340231,500.08,0.007,LAND,0,10,0,,0,0,0
1785497729.0784605,42.228478,-1.2340231,500.08,0.007,LAND,0,10,0,,0,0,0
1785497729.5808117,42.228478,-1.2340231,500.08,0.007,LAND,0,10,0,,0,0,0
1785497730.083044,42.228478,-1.2340231,500.08,0.007,LAND,0,10,0,,0,0,0
1785497730.5857654,42.228478,-1.2340231,500.08,0.007,LAND,0,10,0,,0,0,0
1785497731.0879478,42.228478,-1.2340231,500.08,0.007,LAND,0,10,0,,0,0,0
1785497731.5902202,42.228478,-1.2340231,500.08,0.007,LAND,0,10,0,,0,0,0
1785497732.0929494,42.228478,-1.2340231,500.08,0.007,LAND,0,10,0,,0,0,0
1785497732.5956037,42.228478,-1.2340231,500.08,0.007,LAND,0,10,0,,0,0,0
1785497733.098006,42.228478,-1.2340231,500.08,0.007,LAND,0,10,0,,0,0,0
1785497733.6006587,42.228478,-1.2340231,500.08,0.007,LAND,0,10,0,,0,0,0
1785497734.1033523,42.228478,-1.2340231,500.08,0.007,LAND,0,10,0,,0,0,0
1785497734.6060293,42.228478,-1.2340231,500.08,0.007,LAND,0,10,0,,0,0,0
1785497735.109149,42.228478,-1.2340231,500.08,0.007,LAND,0,10,0,,0,0,0
1785497735.6113968,42.228478,-1.2340231,500.08,0.007,LAND,0,10,0,,0,0,0
1785497736.1142254,42.228478,-1.2340231,500.08,0.007,LAND,0,10,0,,0,0,0
1785497736.616656,42.228478,-1.2340231,500.08,0.007,LAND,0,10,0,,0,0,0
1785497737.119276,42.228478,-1.2340231,500.08,0.008,LAND,0,10,0,,0,0,0
1785497737.6211712,42.228478,-1.2340231,500.08,0.008,LAND,0,10,0,,0,0,0
1785497738.123349,42.228478,-1.2340231,500.08,0.008,LAND,0,10,0,,0,0,0
1785497738.6258938,42.228478,-1.2340231,500.08,0.008,LAND,0,10,0,,0,0,0
1785497739.1283183,42.228478,-1.2340231,500.08,0.007,LAND,0,10,0,,0,0,0
1785497739.6305525,42.228478,-1.2340231,500.08,0.007,LAND,0,10,0,,0,0,0
1785497740.1332512,42.228478,-1.2340231,500.08,0.007,LAND,0,10,0,,0,0,0
1785497740.636387,42.228478,-1.2340231,500.08,0.007,LAND,0,10,0,,0,0,0
1785497741.1386392,42.228478,-1.2340231,500.08,0.007,LAND,0,10,0,,0,0,0
1785497741.6413097,42.228478,-1.2340231,500.08,0.007,LAND,0,10,0,,0,0,0
1785497742.1440444,42.228478,-1.2340231,500.08,0.007,LAND,0,10,0,,0,0,0
1785497742.6465876,42.228478,-1.2340231,500.08,0.007,LAND,0,10,0,,0,0,0
1785497743.1495242,42.228478,-1.2340231,500.08,0.007,LAND,0,10,0,,0,0,0
1785497743.6523693,42.228478,-1.2340231,500.08,0.007,LAND,0,10,0,,0,0,0
1785497744.1553159,42.228478,-1.2340231,500.08,0.007,LAND,0,10,0,,0,0,0
1785497744.6581347,42.228478,-1.2340231,500.08,0.007,LAND,0,10,0,,0,0,0
1785497745.1607094,42.228478,-1.2340231,500.08,0.007,LAND,0,10,0,,0,0,0
1785497745.6633976,42.228478,-1.2340231,500.08,0.007,LAND,0,10,0,,0,0,0
1785497746.165658,42.228478,-1.2340231,500.08,0.007,LAND,0,10,0,,0,0,0
1785497746.6684692,42.228478,-1.2340231,500.08,0.007,LAND,0,10,0,,0,0,0
1785497747.1713762,42.228478,-1.234023,500.08,0.007,LAND,0,10,0,,0,0,0
1785497747.6740127,42.228478,-1.234023,500.08,0.007,LAND,0,10,0,,0,0,0
1785497748.1772735,42.228478,-1.234023,500.08,0.007,LAND,0,10,0,,0,0,0
1785497748.6798568,42.228478,-1.234023,500.08,0.007,LAND,0,10,0,,0,0,0
1785497749.181776,42.228478,-1.234023,500.08,0.007,LAND,0,10,0,,0,0,0
1785497749.6843424,42.228478,-1.234023,500.08,0.007,LAND,0,10,0,,0,0,0
1785497750.1873755,42.228478,-1.234023,500.08,0.007,LAND,0,10,0,,0,0,0
1785497750.6896925,42.228478,-1.234023,500.08,0.007,LAND,0,10,0,,0,0,0
1785497751.1914444,42.228478,-1.234023,500.08,0.007,LAND,0,10,0,,0,0,0
1785497751.6943262,42.228478,-1.234023,500.08,0.007,LAND,0,10,0,,0,0,0
1785497752.1973076,42.228478,-1.234023,500.08,0.007,LAND,0,10,0,,0,0,0
1785497752.6994624,42.228478,-1.234023,500.08,0.007,LAND,0,10,0,,0,0,0
1785497753.202158,42.228478,-1.234023,500.08,0.007,LAND,0,10,0,,0,0,0
1785497753.7041423,42.228478,-1.234023,500.08,0.007,LAND,0,10,0,,0,0,0
1785497754.2074106,42.228478,-1.234023,500.08,0.007,LAND,0,10,0,,0,0,0
1785497754.7101367,42.228478,-1.234023,500.08,0.007,LAND,0,10,0,,0,0,0
1785497755.2130213,42.228478,-1.234023,500.08,0.007,LAND,0,10,0,,0,0,0
1785497755.7160811,42.228478,-1.234023,500.08,0.007,LAND,0,10,0,,0,0,0
1785497756.2184892,42.228478,-1.234023,500.08,0.007,LAND,0,10,0,,0,0,0
1785497756.721558,42.228478,-1.234023,500.08,0.007,LAND,0,10,0,,0,0,0
1785497757.2241426,42.228478,-1.234023,500.08,0.007,LAND,0,10,0,,0,0,0
1785497757.726406,42.228478,-1.234023,500.08,0.007,LAND,0,10,0,,0,0,0
1785497758.2301145,42.228478,-1.234023,500.08,0.007,LAND,0,10,0,,0,0,0
1785497758.7327251,42.228478,-1.234023,500.08,0.007,LAND,0,10,0,,0,0,0
1785497759.2356462,42.228478,-1.234023,500.08,0.007,LAND,0,10,0,,0,0,0
1785497759.7384388,42.228478,-1.234023,500.08,0.007,LAND,0,10,0,,0,0,0
1785497760.2412093,42.228478,-1.234023,500.08,0.007,LAND,0,10,0,,0,0,0
1785497760.743445,42.228478,-1.234023,500.08,0.007,LAND,0,10,0,,0,0,0
1785497761.246368,42.228478,-1.234023,500.08,0.007,LAND,0,10,0,,0,0,0
1785497761.7493546,42.228478,-1.234023,500.08,0.007,LAND,0,10,0,,0,0,0
1785497762.251883,42.228478,-1.234023,500.08,0.007,LAND,0,10,0,,0,0,0
1785497762.754529,42.228478,-1.234023,500.08,0.007,LAND,0,10,0,,0,0,0
1785497763.2569573,42.228478,-1.234023,500.08,0.007,LAND,0,10,0,,0,0,0
1785497763.7596326,42.228478,-1.234023,500.08,0.007,LAND,0,10,0,,0,0,0
1785497764.26229,42.228478,-1.234023,500.08,0.007,LAND,0,10,0,,0,0,0
1785497764.7644143,42.228478,-1.234023,500.08,0.007,LAND,0,10,0,,0,0,0
1785497765.2671056,42.228478,-1.234023,500.08,0.007,LAND,0,10,0,,0,0,0
1785497765.7698522,42.228478,-1.234023,500.08,0.007,LAND,0,10,0,,0,0,0
1785497766.2722108,42.228478,-1.234023,500.08,0.007,LAND,0,10,0,,0,0,0
1785497766.7743006,42.228478,-1.234023,500.08,0.007,LAND,0,10,0,,0,0,0
1785497767.2769592,42.228478,-1.234023,500.08,0.007,LAND,0,10,0,,0,0,0
1785497767.779409,42.228478,-1.234023,500.08,0.007,LAND,0,10,0,,0,0,0
1785497768.2825296,42.228478,-1.234023,500.08,0.007,LAND,0,10,0,,0,0,0
1785497768.7852767,42.228478,-1.234023,500.08,0.007,LAND,0,10,0,,0,0,0
1785497769.2884905,42.228478,-1.234023,500.08,0.007,LAND,0,10,0,,0,0,0
1785497769.7905922,42.228478,-1.234023,500.08,0.007,LAND,0,10,0,,0,0,0
1785497770.2934656,42.228478,-1.234023,500.08,0.007,LAND,0,10,0,,0,0,0
1785497770.7968402,42.228478,-1.234023,500.08,0.007,LAND,0,10,0,,0,0,0
1785497771.2992086,42.228478,-1.234023,500.08,0.007,LAND,0,10,0,,0,0,0
1785497771.8018734,42.228478,-1.234023,500.08,0.007,LAND,0,10,0,,0,0,0
1785497772.3042302,42.228478,-1.234023,500.08,0.007,LAND,0,10,0,,0,0,0
1785497772.8070045,42.228478,-1.234023,500.08,0.007,LAND,0,10,0,,0,0,0
1785497773.309798,42.228478,-1.234023,500.08,0.007,LAND,0,10,0,,0,0,0
1785497773.812199,42.228478,-1.234023,500.08,0.007,LAND,0,10,0,,0,0,0
1785497774.3148568,42.228478,-1.234023,500.08,0.007,LAND,0,10,0,,0,0,0
1785497774.8178716,42.228478,-1.234023,500.08,0.007,LAND,0,10,0,,0,0,0
1785497775.3202095,42.228478,-1.234023,500.08,0.007,LAND,0,10,0,,0,0,0
1785497775.8232152,42.228478,-1.234023,500.08,0.007,LAND,0,10,0,,0,0,0
1785497776.3259084,42.228478,-1.234023,500.08,0.007,LAND,0,10,0,,0,0,0
1785497776.8285568,42.228478,-1.234023,500.08,0.007,LAND,0,10,0,,0,0,0
1785497777.331028,42.228478,-1.234023,500.08,0.007,LAND,0,10,0,,0,0,0
1785497777.8337402,42.228478,-1.234023,500.08,0.007,LAND,0,10,0,,0,0,0
1785497778.3361056,42.228478,-1.234023,500.08,0.007,LAND,0,10,0,,0,0,0
1785497778.838904,42.228478,-1.234023,500.08,0.007,LAND,0,10,0,,0,0,0
1785497779.3408213,42.228478,-1.234023,500.08,0.007,LAND,0,10,0,,0,0,0
1785497779.8430505,42.228478,-1.234023,500.08,0.007,LAND,0,10,0,,0,0,0
1785497780.34513,42.228478,-1.234023,500.08,0.007,LAND,0,10,0,,0,0,0
1785497780.8476596,42.228478,-1.234023,500.08,0.007,LAND,0,10,0,,0,0,0
1785497781.3505366,42.228478,-1.234023,500.08,0.007,LAND,0,10,0,,0,0,0
1785497781.8530185,42.228478,-1.234023,500.08,0.007,LAND,0,10,0,,0,0,0
1785497782.3553426,42.228478,-1.234023,500.08,0.007,LAND,0,10,0,,0,0,0
1785497782.858175,42.228478,-1.234023,500.08,0.007,LAND,0,10,0,,0,0,0
1785497783.3610039,42.228478,-1.234023,500.08,0.007,LAND,0,10,0,,0,0,0
1785497783.8635645,42.228478,-1.234023,500.08,0.007,LAND,0,10,0,,0,0,0
1785497784.3672051,42.228478,-1.234023,500.08,0.007,LAND,0,10,0,,0,0,0
1785497784.8694062,42.228478,-1.234023,500.08,0.007,LAND,0,10,0,,0,0,0
1785497785.3717132,42.228478,-1.234023,500.08,0.007,LAND,0,10,0,,0,0,0
1785497785.8736618,42.228478,-1.234023,500.08,0.007,LAND,0,10,0,,0,0,0
1785497786.376655,42.228478,-1.234023,500.08,0.007,LAND,0,10,0,,0,0,0
1785497786.8793392,42.228478,-1.234023,500.08,0.007,LAND,0,10,0,,0,0,0
1785497787.3823688,42.228478,-1.234023,500.08,0.007,LAND,0,10,0,,0,0,0
1785497787.885063,42.228478,-1.234023,500.08,0.007,LAND,0,10,0,,0,0,0
1785497788.388053,42.228478,-1.234023,500.08,0.007,LAND,0,10,0,,0,0,0
1785497788.8904796,42.228478,-1.234023,500.08,0.007,LAND,0,10,0,,0,0,0
1785497789.3929174,42.228478,-1.234023,500.08,0.007,LAND,0,10,0,,0,0,0
1785497789.8954859,42.228478,-1.234023,500.08,0.007,LAND,0,10,0,,0,0,0
1785497790.3977568,42.228478,-1.234023,500.08,0.007,LAND,0,10,0,,0,0,0
1785497790.9002419,42.228478,-1.234023,500.08,0.007,LAND,0,10,0,,0,0,0
1785497791.4026983,42.228478,-1.234023,500.08,0.007,LAND,0,10,0,,0,0,0
1785497791.9049044,42.228478,-1.234023,500.08,0.007,LAND,0,10,0,,0,0,0
1785497792.4077194,42.228478,-1.234023,500.08,0.007,LAND,0,10,0,,0,0,0
1785497792.9102113,42.228478,-1.234023,500.08,0.007,LAND,0,10,0,,0,0,0
1785497793.4126642,42.228478,-1.234023,500.08,0.007,LAND,0,10,0,,0,0,0
1785497793.9152918,42.228478,-1.234023,500.08,0.007,LAND,0,10,0,,0,0,0
1785497794.4182315,42.228478,-1.234023,500.08,0.007,LAND,0,10,0,,0,0,0
1785497794.9205246,42.228478,-1.234023,500.08,0.007,LAND,0,10,0,,0,0,0
1785497795.4225874,42.228478,-1.234023,500.08,0.007,LAND,0,10,0,,0,0,0
1785497795.9252472,42.228478,-1.234023,500.08,0.007,LAND,0,10,0,,0,0,0
1785497796.4287415,42.228478,-1.234023,500.08,0.007,LAND,0,10,0,,0,0,0
1785497796.93168,42.228478,-1.234023,500.08,0.007,LAND,0,10,0,,0,0,0
1785497797.4340694,42.228478,-1.234023,500.08,0.007,LAND,0,10,0,,0,0,0
1785497797.9367108,42.228478,-1.234023,500.08,0.007,LAND,0,10,0,,0,0,0
1785497798.4392881,42.228478,-1.234023,500.08,0.007,LAND,0,10,0,,0,0,0
1785497798.9416363,42.228478,-1.234023,500.08,0.007,LAND,0,10,0,,0,0,0
1785497799.443995,42.228478,-1.234023,500.08,0.007,LAND,0,10,0,,0,0,0
1785497799.9459922,42.228478,-1.234023,500.08,0.007,LAND,0,10,0,,0,0,0
1785497800.4481115,42.228478,-1.234023,500.08,0.007,LAND,0,10,0,,0,0,0
1785497800.950901,42.228478,-1.234023,500.08,0.007,LAND,0,10,0,,0,0,0
1785497801.4532645,42.228478,-1.234023,500.08,0.007,LAND,0,10,0,,0,0,0
1785497801.9555051,42.228478,-1.234023,500.08,0.007,LAND,0,10,0,,0,0,0
1785497802.4579499,42.228478,-1.234023,500.08,0.007,LAND,0,10,0,,0,0,0
1785497802.9600887,42.228478,-1.234023,500.08,0.007,LAND,0,10,0,,0,0,0
1785497803.4625409,42.228478,-1.234023,500.08,0.007,LAND,0,10,0,,0,0,0
1785497803.964634,42.228478,-1.234023,500.08,0.007,LAND,0,10,0,,0,0,0
1785497804.466681,42.228478,-1.234023,500.08,0.007,LAND,0,10,0,,0,0,0
1785497804.9690785,42.228478,-1.234023,500.08,0.007,LAND,0,10,0,,0,0,0
1785497805.4717684,42.228478,-1.234023,500.08,0.007,LAND,0,10,0,,0,0,0
1785497805.9740577,42.228478,-1.234023,500.08,0.007,LAND,0,10,0,,0,0,0
1785497806.476679,42.228478,-1.234023,500.08,0.007,LAND,0,10,0,,0,0,0
1785497806.9792585,42.228478,-1.234023,500.08,0.007,LAND,0,10,0,,0,0,0
1785497807.481878,42.228478,-1.234023,500.08,0.007,LAND,0,10,0,,0,0,0
1785497807.9839337,42.228478,-1.234023,500.08,0.007,LAND,0,10,0,,0,0,0
1785497808.4866488,42.228478,-1.234023,500.08,0.007,LAND,0,10,0,,0,0,0
1785497808.9890926,42.228478,-1.234023,500.08,0.007,LAND,0,10,0,,0,0,0
1785497809.4914079,42.228478,-1.234023,500.08,0.007,LAND,0,10,0,,0,0,0
1785497809.9932396,42.228478,-1.234023,500.08,0.007,LAND,0,10,0,,0,0,0
1785497810.495896,42.228478,-1.234023,500.08,0.007,LAND,0,10,0,,0,0,0
1785497810.9987977,42.228478,-1.234023,500.08,0.007,LAND,0,10,0,,0,0,0
1785497811.5011318,42.228478,-1.234023,500.08,0.007,LAND,0,10,0,,0,0,0
1785497812.00343,42.228478,-1.234023,500.08,0.007,LAND,0,10,0,,0,0,0
1785497812.5062191,42.228478,-1.234023,500.08,0.007,LAND,0,10,0,,0,0,0
1785497813.008642,42.228478,-1.234023,500.08,0.007,LAND,0,10,0,,0,0,0
1785497813.5109801,42.228478,-1.234023,500.08,0.007,LAND,0,10,0,,0,0,0
1785497814.012985,42.228478,-1.234023,500.08,0.007,LAND,0,10,0,,0,0,0
1785497814.5156817,42.228478,-1.234023,500.08,0.007,LAND,0,10,0,,0,0,0
1785497815.0183542,42.228478,-1.234023,500.08,0.007,LAND,0,10,0,,0,0,0
1785497815.520785,42.228478,-1.234023,500.08,0.007,LAND,0,10,0,,0,0,0
1785497816.0230262,42.228478,-1.234023,500.08,0.007,LAND,0,10,0,,0,0,0
1785497816.5257843,42.228478,-1.234023,500.08,0.007,LAND,0,10,0,,0,0,0
1785497817.0284648,42.228478,-1.234023,500.08,0.007,LAND,0,10,0,,0,0,0
1785497817.5311072,42.228478,-1.234023,500.08,0.007,LAND,0,10,0,,0,0,0
1785497818.0339274,42.228478,-1.234023,500.08,0.007,LAND,0,10,0,,0,0,0
1785497818.5360608,42.228478,-1.234023,500.08,0.007,LAND,0,10,0,,0,0,0
1785497819.0390322,42.228478,-1.234023,500.08,0.007,LAND,0,10,0,,0,0,0
1785497819.5410419,42.228478,-1.234023,500.08,0.007,LAND,0,10,0,,0,0,0
1785497820.0432832,42.228478,-1.234023,500.08,0.007,LAND,0,10,0,,0,0,0
1785497820.5457842,42.228478,-1.234023,500.08,0.007,LAND,0,10,0,,0,0,0
1785497821.0484917,42.228478,-1.234023,500.08,0.007,LAND,0,10,0,,0,0,0
1785497821.551382,42.228478,-1.234023,500.08,0.007,LAND,0,10,0,,0,0,0
1785497822.0535517,42.228478,-1.234023,500.08,0.007,LAND,0,10,0,,0,0,0
1785497822.5561936,42.228478,-1.234023,500.08,0.007,LAND,0,10,0,,0,0,0
1785497823.0583847,42.228478,-1.234023,500.08,0.007,LAND,0,10,0,,0,0,0
1785497823.5608022,42.228478,-1.234023,500.08,0.007,LAND,0,10,0,,0,0,0
1785497824.0630145,42.228478,-1.234023,500.08,0.007,LAND,0,10,0,,0,0,0
1785497824.5653865,42.228478,-1.234023,500.08,0.007,LAND,0,10,0,,0,0,0
1785497825.0675747,42.228478,-1.234023,500.08,0.007,LAND,0,10,0,,0,0,0
1785497825.5698884,42.228478,-1.234023,500.08,0.007,LAND,0,10,0,,0,0,0
1785497826.0715864,42.228478,-1.234023,500.08,0.007,LAND,0,10,0,,0,0,0
1785497826.5736623,42.228478,-1.234023,500.08,0.007,LAND,0,10,0,,0,0,0
1785497827.0765977,42.228478,-1.234023,500.08,0.007,LAND,0,10,0,,0,0,0
1785497827.5794659,42.228478,-1.234023,500.08,0.007,LAND,0,10,0,,0,0,0
1785497828.0815716,42.228478,-1.234023,500.08,0.007,LAND,0,10,0,,0,0,0
1785497828.583951,42.228478,-1.234023,500.08,0.007,LAND,0,10,0,,0,0,0
1785497829.0864341,42.228478,-1.234023,500.08,0.007,LAND,0,10,0,,0,0,0
1785497829.5885394,42.228478,-1.234023,500.08,0.007,LAND,0,10,0,,0,0,0
1785497830.0908258,42.228478,-1.234023,500.08,0.007,LAND,0,10,0,,0,0,0
1785497830.5932038,42.228478,-1.234023,500.08,0.007,LAND,0,10,0,,0,0,0
1785497831.0954785,42.228478,-1.234023,500.08,0.007,LAND,0,10,0,,0,0,0
1785497831.598903,42.228478,-1.234023,500.08,0.007,LAND,0,10,0,,0,0,0
1785497832.101243,42.228478,-1.234023,500.08,0.007,LAND,0,10,0,,0,0,0
1785497832.6037228,42.228478,-1.234023,500.08,0.007,LAND,0,10,0,,0,0,0
1785497833.1060877,42.228478,-1.234023,500.08,0.007,LAND,0,10,0,,0,0,0
1785497833.6084914,42.228478,-1.234023,500.08,0.007,LAND,0,10,0,,0,0,0
1785497834.1111388,42.228478,-1.234023,500.08,0.007,LAND,0,10,0,,0,0,0
1785497834.6136422,42.228478,-1.234023,500.08,0.007,LAND,0,10,0,,0,0,0
1785497835.1167178,42.228478,-1.234023,500.08,0.007,LAND,0,10,0,,0,0,0
1785497835.619038,42.228478,-1.234023,500.08,0.007,LAND,0,10,0,,0,0,0
1785497836.1223075,42.228478,-1.234023,500.08,0.007,LAND,0,10,0,,0,0,0
1785497836.6243265,42.228478,-1.234023,500.08,0.007,LAND,0,10,0,,0,0,0
1785497837.1271996,42.228478,-1.234023,500.08,0.007,LAND,0,10,0,,0,0,0
1785497837.6298087,42.228478,-1.234023,500.08,0.007,LAND,0,10,0,,0,0,0
1785497838.1326277,42.228478,-1.234023,500.08,0.007,LAND,0,10,0,,0,0,0
1785497838.634872,42.228478,-1.234023,500.08,0.007,LAND,0,10,0,,0,0,0
1785497839.1373074,42.228478,-1.234023,500.08,0.007,LAND,0,10,0,,0,0,0
1785497839.6399176,42.228478,-1.234023,500.08,0.007,LAND,0,10,0,,0,0,0
1785497840.1430576,42.228478,-1.234023,500.08,0.007,LAND,0,10,0,,0,0,0
1785497840.6457763,42.228478,-1.234023,500.08,0.007,LAND,0,10,0,,0,0,0
1785497841.1483672,42.228478,-1.234023,500.08,0.007,LAND,0,10,0,,0,0,0
1785497841.6514795,42.228478,-1.234023,500.08,0.007,LAND,0,10,0,,0,0,0
1785497842.1542354,42.228478,-1.234023,500.08,0.007,LAND,0,10,0,,0,0,0
1785497842.656401,42.228478,-1.234023,500.08,0.007,LAND,0,10,0,,0,0,0
1785497843.158843,42.228478,-1.234023,500.08,0.007,LAND,0,10,0,,0,0,0
1785497843.661664,42.228478,-1.234023,500.08,0.007,LAND,0,10,0,,0,0,0
1785497844.1638675,42.228478,-1.234023,500.08,0.007,LAND,0,10,0,,0,0,0
1785497844.6665113,42.228478,-1.234023,500.08,0.007,LAND,0,10,0,,0,0,0
1785497845.169274,42.228478,-1.234023,500.08,0.007,LAND,0,10,0,,0,0,0
1785497845.6717916,42.228478,-1.234023,500.08,0.007,LAND,0,10,0,,0,0,0
1785497846.174539,42.228478,-1.234023,500.08,0.007,LAND,0,10,0,,0,0,0
1785497846.6765463,42.228478,-1.234023,500.08,0.007,LAND,0,10,0,,0,0,0
1785497847.1793633,42.228478,-1.234023,500.08,0.007,LAND,0,10,0,,0,0,0
1785497847.6814256,42.228478,-1.234023,500.08,0.007,LAND,0,10,0,,0,0,0
1785497848.1838882,42.228478,-1.234023,500.08,0.007,LAND,0,10,0,,0,0,0
1785497848.6866245,42.228478,-1.234023,500.08,0.007,LAND,0,10,0,,0,0,0
1785497849.189527,42.228478,-1.234023,500.08,0.007,LAND,0,10,0,,0,0,0
1785497849.69178,42.228478,-1.234023,500.08,0.007,LAND,0,10,0,,0,0,0
1785497850.1944356,42.228478,-1.234023,500.08,0.007,LAND,0,10,0,,0,0,0
1785497850.6974607,42.228478,-1.234023,500.08,0.007,LAND,0,10,0,,0,0,0
1785497851.2001247,42.228478,-1.234023,500.08,0.007,LAND,0,10,0,,0,0,0
1785497851.7025895,42.228478,-1.234023,500.08,0.007,LAND,0,10,0,,0,0,0
1785497852.2049904,42.228478,-1.234023,500.08,0.007,LAND,0,10,0,,0,0,0
1785497852.70742,42.228478,-1.234023,500.08,0.007,LAND,0,10,0,,0,0,0
1785497853.2101142,42.228478,-1.234023,500.08,0.007,LAND,0,10,0,,0,0,0
1785497853.712295,42.228478,-1.234023,500.08,0.007,LAND,0,10,0,,0,0,0
1785497854.2147882,42.228478,-1.234023,500.08,0.007,LAND,0,10,0,,0,0,0
1785497854.7175384,42.228478,-1.234023,500.08,0.007,LAND,0,10,0,,0,0,0
1785497855.220363,42.228478,-1.234023,500.08,0.007,LAND,0,10,0,,0,0,0
1785497855.7250004,42.228478,-1.234023,500.08,0.007,LAND,0,10,0,,0,0,0
1785497856.227493,42.228478,-1.234023,500.08,0.007,LAND,0,10,0,,0,0,0
1785497856.7307625,42.228478,-1.234023,500.08,0.007,LAND,0,10,0,,0,0,0
1785497857.2331603,42.228478,-1.234023,500.08,0.007,LAND,0,10,0,,0,0,0
1785497857.7357464,42.228478,-1.234023,500.08,0.007,LAND,0,10,0,,0,0,0
1785497858.2381194,42.228478,-1.234023,500.08,0.007,LAND,0,10,0,,0,0,0
1785497858.7409852,42.228478,-1.234023,500.08,0.007,LAND,0,10,0,,0,0,0
1785497859.2438815,42.228478,-1.234023,500.08,0.007,LAND,0,10,0,,0,0,0
1785497859.7464964,42.228478,-1.234023,500.08,0.007,LAND,0,10,0,,0,0,0
1785497860.2494497,42.228478,-1.234023,500.08,0.007,LAND,0,10,0,,0,0,0
1785497860.7519786,42.228478,-1.234023,500.08,0.007,LAND,0,10,0,,0,0,0
1785497861.2541854,42.228478,-1.234023,500.08,0.007,LAND,0,10,0,,0,0,0
1785497861.757039,42.228478,-1.234023,500.08,0.007,LAND,0,10,0,,0,0,0
1785497862.2593505,42.228478,-1.234023,500.08,0.007,LAND,0,10,0,,0,0,0
1785497862.7618012,42.228478,-1.234023,500.08,0.007,LAND,0,10,0,,0,0,0
1785497863.2642214,42.228478,-1.234023,500.08,0.007,LAND,0,10,0,,0,0,0
1785497863.7674198,42.228478,-1.234023,500.08,0.007,LAND,0,10,0,,0,0,0
1785497864.269416,42.228478,-1.234023,500.08,0.007,LAND,0,10,0,,0,0,0
1785497864.7729793,42.228478,-1.234023,500.08,0.007,LAND,0,10,0,,0,0,0
1785497865.2760391,42.228478,-1.234023,500.08,0.007,LAND,0,10,0,,0,0,0
1785497865.7783308,42.228478,-1.234023,500.08,0.007,LAND,0,10,0,,0,0,0
1785497866.281727,42.228478,-1.234023,500.08,0.007,LAND,0,10,0,,0,0,0
1785497866.7851014,42.228478,-1.234023,500.08,0.007,LAND,0,10,0,,0,0,0
1785497867.2879603,42.228478,-1.234023,500.08,0.007,LAND,0,10,0,,0,0,0
1785497867.7906315,42.228478,-1.234023,500.08,0.007,LAND,0,10,0,,0,0,0
1785497868.293432,42.228478,-1.234023,500.08,0.007,LAND,0,10,0,,0,0,0
1785497868.7961116,42.228478,-1.234023,500.08,0.007,LAND,0,10,0,,0,0,0
1785497869.2985456,42.228478,-1.234023,500.08,0.007,LAND,0,10,0,,0,0,0
1785497869.8022318,42.228478,-1.234023,500.08,0.007,LAND,0,10,0,,0,0,0
1785497870.3049555,42.228478,-1.234023,500.08,0.007,LAND,0,10,0,,0,0,0
1785497870.8076658,42.228478,-1.234023,500.08,0.007,LAND,0,10,0,,0,0,0
1785497871.3107882,42.228478,-1.234023,500.08,0.007,LAND,0,10,0,,0,0,0
1785497871.8133924,42.228478,-1.234023,500.08,0.007,LAND,0,10,0,,0,0,0
1785497872.3159723,42.228478,-1.234023,500.08,0.007,LAND,0,10,0,,0,0,0
1785497872.8185208,42.228478,-1.234023,500.08,0.007,LAND,0,10,0,,0,0,0
1785497873.3212283,42.228478,-1.234023,500.08,0.007,LAND,0,10,0,,0,0,0
1785497873.8236756,42.228478,-1.234023,500.08,0.007,LAND,0,10,0,,0,0,0
1785497874.3266838,42.228478,-1.234023,500.08,0.007,LAND,0,10,0,,0,0,0
1785497874.8298283,42.228478,-1.234023,500.08,0.007,LAND,0,10,0,,0,0,0
1785497875.3324535,42.228478,-1.234023,500.08,0.007,LAND,0,10,0,,0,0,0
1785497875.8343801,42.228478,-1.234023,500.08,0.007,LAND,0,10,0,,0,0,0
1785497876.3368056,42.228478,-1.234023,500.08,0.007,LAND,0,10,0,,0,0,0
1785497876.8393764,42.228478,-1.234023,500.08,0.007,LAND,0,10,0,,0,0,0
1785497877.3418055,42.228478,-1.234023,500.08,0.007,LAND,0,10,0,,0,0,0
1785497877.8446007,42.228478,-1.234023,500.08,0.007,LAND,0,10,0,,0,0,0
1785497878.347132,42.228478,-1.234023,500.08,0.007,LAND,0,10,0,,0,0,0
1785497878.8506708,42.228478,-1.234023,500.08,0.007,LAND,0,10,0,,0,0,0
1785497879.353229,42.228478,-1.234023,500.08,0.007,LAND,0,10,0,,0,0,0
1785497879.8566797,42.228478,-1.234023,500.08,0.007,LAND,0,10,0,,0,0,0
1785497880.3593705,42.228478,-1.234023,500.08,0.007,LAND,0,10,0,,0,0,0
1785497880.8628423,42.228478,-1.234023,500.08,0.007,LAND,0,10,0,,0,0,0
1785497881.36549,42.228478,-1.234023,500.08,0.007,LAND,0,10,0,,0,0,0
1785497881.868529,42.228478,-1.234023,500.08,0.007,LAND,0,10,0,,0,0,0
1785497882.3704858,42.228478,-1.234023,500.08,0.007,LAND,0,10,0,,0,0,0
1785497882.873472,42.228478,-1.234023,500.08,0.007,LAND,0,10,0,,0,0,0
1785497883.375941,42.228478,-1.234023,500.08,0.007,LAND,0,10,0,,0,0,0
1785497883.8785224,42.228478,-1.234023,500.08,0.007,LAND,0,10,0,,0,0,0
1785497884.3809235,42.228478,-1.234023,500.08,0.007,LAND,0,10,0,,0,0,0
1785497884.8834364,42.228478,-1.234023,500.08,0.007,LAND,0,10,0,,0,0,0
1785497885.3862555,42.228478,-1.234023,500.08,0.007,LAND,0,10,0,,0,0,0
1785497885.8890793,42.228478,-1.234023,500.08,0.007,LAND,0,10,0,,0,0,0
1785497886.391709,42.228478,-1.234023,500.08,0.007,LAND,0,10,0,,0,0,0
1785497886.8942614,42.228478,-1.234023,500.08,0.007,LAND,0,10,0,,0,0,0
1785497887.396641,42.228478,-1.234023,500.08,0.007,LAND,0,10,0,,0,0,0
1785497887.8997455,42.228478,-1.234023,500.08,0.007,LAND,0,10,0,,0,0,0
1785497888.4030566,42.228478,-1.234023,500.08,0.007,LAND,0,10,0,,0,0,0
1785497888.90577,42.228478,-1.234023,500.08,0.007,LAND,0,10,0,,0,0,0
1785497889.4081485,42.228478,-1.234023,500.08,0.007,LAND,0,10,0,,0,0,0
1785497889.9103804,42.228478,-1.234023,500.08,0.007,LAND,0,10,0,,0,0,0
1785497890.4124532,42.228478,-1.234023,500.08,0.007,LAND,0,10,0,,0,0,0
1785497890.9163806,42.228478,-1.234023,500.08,0.007,LAND,0,10,0,,0,0,0
1785497891.4183412,42.228478,-1.234023,500.08,0.007,LAND,0,10,0,,0,0,0
1785497891.9211824,42.228478,-1.234023,500.08,0.007,LAND,0,10,0,,0,0,0
1785497892.4239542,42.228478,-1.234023,500.08,0.007,LAND,0,10,0,,0,0,0
1785497892.9266365,42.228478,-1.234023,500.08,0.007,LAND,0,10,0,,0,0,0
1785497893.4293098,42.228478,-1.234023,500.08,0.007,LAND,0,10,0,,0,0,0
1785497893.9316561,42.228478,-1.234023,500.08,0.007,LAND,0,10,0,,0,0,0
1785497894.4345822,42.228478,-1.234023,500.08,0.007,LAND,0,10,0,,0,0,0
1785497894.9371736,42.228478,-1.234023,500.08,0.007,LAND,0,10,0,,0,0,0
1785497895.439285,42.228478,-1.234023,500.08,0.007,LAND,0,10,0,,0,0,0
1785497895.9420934,42.228478,-1.234023,500.08,0.007,LAND,0,10,0,,0,0,0
1785497896.4443784,42.228478,-1.234023,500.08,0.007,LAND,0,10,0,,0,0,0
1785497896.9473913,42.228478,-1.234023,500.08,0.007,LAND,0,10,0,,0,0,0
1785497897.4497628,42.228478,-1.234023,500.08,0.007,LAND,0,10,0,,0,0,0
1785497897.9524107,42.228478,-1.234023,500.08,0.007,LAND,0,10,0,,0,0,0
1785497898.4549878,42.228478,-1.234023,500.08,0.007,LAND,0,10,0,,0,0,0
1785497898.9576466,42.228478,-1.234023,500.08,0.007,LAND,0,10,0,,0,0,0
1785497899.4603305,42.228478,-1.234023,500.08,0.007,LAND,0,10,0,,0,0,0
1785497899.962623,42.228478,-1.234023,500.08,0.007,LAND,0,10,0,,0,0,0
1785497900.4667633,42.228478,-1.234023,500.08,0.007,LAND,0,10,0,,0,0,0
1785497900.974546,42.228478,-1.234023,500.08,0.007,LAND,0,10,0,,0,0,0
1785497901.477505,42.228478,-1.234023,500.08,0.007,LAND,0,10,0,,0,0,0
1785497901.9798155,42.228478,-1.234023,500.08,0.007,LAND,0,10,0,,0,0,0
1785497902.482609,42.228478,-1.234023,500.08,0.007,LAND,0,10,0,,0,0,0
1785497902.985582,42.228478,-1.234023,500.08,0.007,LAND,0,10,0,,0,0,0
1785497903.4881501,42.228478,-1.234023,500.08,0.007,LAND,0,10,0,,0,0,0
1785497903.9915907,42.228478,-1.234023,500.08,0.007,LAND,0,10,0,,0,0,0
1785497904.4936574,42.228478,-1.234023,500.08,0.007,LAND,0,10,0,,0,0,0
1785497904.9963584,42.228478,-1.234023,500.08,0.007,LAND,0,10,0,,0,0,0
1785497905.4991207,42.228478,-1.234023,500.08,0.007,LAND,0,10,0,,0,0,0
1785497906.0017066,42.228478,-1.234023,500.08,0.007,LAND,0,10,0,,0,0,0
1785497906.5037498,42.228478,-1.234023,500.08,0.007,LAND,0,10,0,,0,0,0
1785497907.0057034,42.228478,-1.234023,500.08,0.007,LAND,0,10,0,,0,0,0
1785497907.5083237,42.228478,-1.234023,500.08,0.007,LAND,0,10,0,,0,0,0
1785497908.011685,42.228478,-1.234023,500.08,0.007,LAND,0,10,0,,0,0,0
1785497908.514567,42.228478,-1.234023,500.08,0.007,LAND,0,10,0,,0,0,0
1785497909.0174606,42.228478,-1.234023,500.08,0.007,LAND,0,10,0,,0,0,0
1785497909.5198362,42.228478,-1.234023,500.08,0.007,LAND,0,10,0,,0,0,0
1785497910.0229526,42.228478,-1.234023,500.08,0.007,LAND,0,10,0,,0,0,0
1785497910.5253637,42.228478,-1.234023,500.08,0.007,LAND,0,10,0,,0,0,0
1785497911.0279477,42.228478,-1.234023,500.08,0.007,LAND,0,10,0,,0,0,0
1785497911.530774,42.228478,-1.234023,500.08,0.007,LAND,0,10,0,,0,0,0
1785497912.0338154,42.228478,-1.234023,500.08,0.007,LAND,0,10,0,,0,0,0
1785497912.5381877,42.228478,-1.234023,500.08,0.007,LAND,0,10,0,,0,0,0
1785497913.0409973,42.228478,-1.234023,500.08,0.007,LAND,0,10,0,,0,0,0
1785497913.5433726,42.228478,-1.234023,500.08,0.007,LAND,0,10,0,,0,0,0
1785497914.0468786,42.228478,-1.234023,500.08,0.007,LAND,0,10,0,,0,0,0
1785497914.5495815,42.228478,-1.234023,500.08,0.007,LAND,0,10,0,,0,0,0
1785497915.0521014,42.228478,-1.234023,500.08,0.007,LAND,0,10,0,,0,0,0
1785497915.5544705,42.228478,-1.234023,500.08,0.007,LAND,0,10,0,,0,0,0
1785497916.0577533,42.228478,-1.234023,500.08,0.007,LAND,0,10,0,,0,0,0
1785497916.5601895,42.228478,-1.234023,500.08,0.007,LAND,0,10,0,,0,0,0
1785497917.062794,42.228478,-1.234023,500.08,0.007,LAND,0,10,0,,0,0,0
1785497917.565983,42.228478,-1.234023,500.08,0.007,LAND,0,10,0,,0,0,0
1785497918.069344,42.228478,-1.234023,500.08,0.007,LAND,0,10,0,,0,0,0
1785497918.572005,42.228478,-1.234023,500.08,0.007,LAND,0,10,0,,0,0,0
1785497919.0749998,42.228478,-1.234023,500.08,0.007,LAND,0,10,0,,0,0,0
1785497919.5782783,42.228478,-1.234023,500.08,0.007,LAND,0,10,0,,0,0,0
1785497920.080904,42.228478,-1.234023,500.08,0.007,LAND,0,10,0,,0,0,0
1785497920.5837126,42.228478,-1.234023,500.08,0.007,LAND,0,10,0,,0,0,0
1785497921.085942,42.228478,-1.234023,500.08,0.007,LAND,0,10,0,,0,0,0
1785497921.588825,42.228478,-1.234023,500.08,0.007,LAND,0,10,0,,0,0,0
1785497922.0913541,42.228478,-1.234023,500.08,0.007,LAND,0,10,0,,0,0,0
1785497922.5945487,42.228478,-1.234023,500.08,0.007,LAND,0,10,0,,0,0,0
1785497923.0970986,42.228478,-1.234023,500.08,0.007,LAND,0,10,0,,0,0,0
1785497923.601116,42.228478,-1.234023,500.08,0.007,LAND,0,10,0,,0,0,0
1785497924.1040266,42.228478,-1.234023,500.08,0.007,LAND,0,10,0,,0,0,0
1785497924.6073008,42.228478,-1.234023,500.08,0.007,LAND,0,10,0,,0,0,0
1785497925.1098154,42.228478,-1.234023,500.08,0.007,LAND,0,10,0,,0,0,0
1785497925.6128263,42.228478,-1.234023,500.08,0.007,LAND,0,10,0,,0,0,0
1785497926.1154666,42.228478,-1.234023,500.08,0.007,LAND,0,10,0,,0,0,0
1785497926.6187873,42.228478,-1.234023,500.08,0.007,LAND,0,10,0,,0,0,0
1785497927.121633,42.228478,-1.234023,500.08,0.007,LAND,0,10,0,,0,0,0
1785497927.6247401,42.228478,-1.234023,500.08,0.007,LAND,0,10,0,,0,0,0
1785497928.1277823,42.228478,-1.234023,500.08,0.007,LAND,0,10,0,,0,0,0
1785497928.629714,42.228478,-1.234023,500.08,0.007,LAND,0,10,0,,0,0,0
1785497929.1331236,42.228478,-1.234023,500.08,0.007,LAND,0,10,0,,0,0,0
1785497929.6355374,42.228478,-1.234023,500.08,0.007,LAND,0,10,0,,0,0,0
1785497930.1383138,42.228478,-1.234023,500.08,0.007,LAND,0,10,0,,0,0,0
1785497930.6414025,42.228478,-1.234023,500.08,0.007,LAND,0,10,0,,0,0,0
1785497931.1441307,42.228478,-1.234023,500.08,0.007,LAND,0,10,0,,0,0,0
1785497931.6462858,42.228478,-1.234023,500.08,0.007,LAND,0,10,0,,0,0,0
1785497932.1491554,42.228478,-1.234023,500.08,0.007,LAND,0,10,0,,0,0,0
1785497932.6520262,42.228478,-1.234023,500.08,0.007,LAND,0,10,0,,0,0,0
1785497933.1546555,42.228478,-1.234023,500.08,0.007,LAND,0,10,0,,0,0,0
1785497933.6581552,42.228478,-1.234023,500.08,0.007,LAND,0,10,0,,0,0,0
1785497934.1615748,42.228478,-1.234023,500.08,0.007,LAND,0,10,0,,0,0,0
1785497934.6645253,42.228478,-1.234023,500.08,0.007,LAND,0,10,0,,0,0,0
1785497935.1683917,42.228478,-1.234023,500.08,0.007,LAND,0,10,0,,0,0,0
1785497935.671179,42.228478,-1.234023,500.08,0.007,LAND,0,10,0,,0,0,0
1785497936.173902,42.228478,-1.234023,500.08,0.007,LAND,0,10,0,,0,0,0
1785497936.6763237,42.228478,-1.234023,500.08,0.007,LAND,0,10,0,,0,0,0
1785497937.1790292,42.228478,-1.234023,500.08,0.007,LAND,0,10,0,,0,0,0
1785497937.68134,42.228478,-1.234023,500.08,0.007,LAND,0,10,0,,0,0,0
1785497938.1844766,42.228478,-1.234023,500.08,0.007,LAND,0,10,0,,0,0,0
1785497938.6871133,42.228478,-1.234023,500.08,0.007,LAND,0,10,0,,0,0,0
1785497939.1904008,42.228478,-1.234023,500.08,0.007,LAND,0,10,0,,0,0,0
1785497939.6931973,42.228478,-1.234023,500.08,0.007,LAND,0,10,0,,0,0,0
1785497940.1956146,42.228478,-1.234023,500.08,0.007,LAND,0,10,0,,0,0,0
1785497940.6983957,42.228478,-1.234023,500.08,0.007,LAND,0,10,0,,0,0,0
1785497941.20079,42.228478,-1.234023,500.08,0.007,LAND,0,10,0,,0,0,0
1785497941.7036,42.228478,-1.234023,500.08,0.007,LAND,0,10,0,,0,0,0
1785497942.2064748,42.228478,-1.234023,500.08,0.007,LAND,0,10,0,,0,0,0
1785497942.7092934,42.228478,-1.234023,500.08,0.007,LAND,0,10,0,,0,0,0
1785497943.212463,42.228478,-1.234023,500.08,0.007,LAND,0,10,0,,0,0,0
1785497943.7155962,42.228478,-1.234023,500.08,0.007,LAND,0,10,0,,0,0,0
1785497944.2183726,42.228478,-1.234023,500.08,0.007,LAND,0,10,0,,0,0,0
1785497944.7203996,42.228478,-1.234023,500.08,0.007,LAND,0,10,0,,0,0,0
1785497945.2231479,42.228478,-1.234023,500.08,0.007,LAND,0,10,0,,0,0,0
1785497945.725634,42.228478,-1.234023,500.08,0.007,LAND,0,10,0,,0,0,0
1785497946.22806,42.228478,-1.234023,500.08,0.007,LAND,0,10,0,,0,0,0
1785497946.7311144,42.228478,-1.234023,500.08,0.007,LAND,0,10,0,,0,0,0
1785497947.2352293,42.228478,-1.234023,500.08,0.007,LAND,0,10,0,,0,0,0
1785497947.7382429,42.228478,-1.234023,500.08,0.007,LAND,0,10,0,,0,0,0
1785497948.2409992,42.228478,-1.234023,500.08,0.007,LAND,0,10,0,,0,0,0
1785497948.7434916,42.228478,-1.234023,500.08,0.007,LAND,0,10,0,,0,0,0
1785497949.2464294,42.228478,-1.234023,500.08,0.007,LAND,0,10,0,,0,0,0
1785497949.7488263,42.228478,-1.234023,500.08,0.007,LAND,0,10,0,,0,0,0
1785497950.2515397,42.228478,-1.234023,500.08,0.007,LAND,0,10,0,,0,0,0
1785497950.7543075,42.228478,-1.234023,500.08,0.007,LAND,0,10,0,,0,0,0
1785497951.257784,42.228478,-1.234023,500.08,0.007,LAND,0,10,0,,0,0,0
1785497951.7607713,42.228478,-1.234023,500.08,0.007,LAND,0,10,0,,0,0,0
1785497952.2640574,42.228478,-1.234023,500.08,0.007,LAND,0,10,0,,0,0,0
1785497952.7669466,42.228478,-1.234023,500.08,0.007,LAND,0,10,0,,0,0,0
1785497953.2708237,42.228478,-1.234023,500.08,0.007,LAND,0,10,0,,0,0,0
1785497953.773095,42.228478,-1.234023,500.08,0.007,LAND,0,10,0,,0,0,0
1785497954.2753909,42.228478,-1.234023,500.08,0.007,LAND,0,10,0,,0,0,0
1785497954.7784107,42.228478,-1.234023,500.08,0.007,LAND,0,10,0,,0,0,0
1785497955.2814887,42.228478,-1.234023,500.08,0.007,LAND,0,10,0,,0,0,0
1785497955.7842357,42.228478,-1.234023,500.08,0.007,LAND,0,10,0,,0,0,0
1785497956.2871628,42.228478,-1.234023,500.08,0.007,LAND,0,10,0,,0,0,0
1785497956.7890997,42.228478,-1.234023,500.08,0.007,LAND,0,10,0,,0,0,0
1785497957.2911668,42.228478,-1.234023,500.08,0.007,LAND,0,10,0,,0,0,0
1785497957.793638,42.228478,-1.234023,500.08,0.007,LAND,0,10,0,,0,0,0
1785497958.2967157,42.228478,-1.234023,500.08,0.007,LAND,0,10,0,,0,0,0
1785497958.79922,42.228478,-1.234023,500.08,0.007,LAND,0,10,0,,0,0,0
1785497959.3021028,42.228478,-1.234023,500.08,0.007,LAND,0,10,0,,0,0,0
1785497959.8048997,42.228478,-1.234023,500.08,0.007,LAND,0,10,0,,0,0,0
1785497960.3076556,42.228478,-1.234023,500.08,0.007,LAND,0,10,0,,0,0,0
1785497960.810113,42.228478,-1.234023,500.08,0.007,LAND,0,10,0,,0,0,0
1785497961.3134904,42.228478,-1.234023,500.08,0.007,LAND,0,10,0,,0,0,0
1785497961.8159657,42.228478,-1.234023,500.08,0.007,LAND,0,10,0,,0,0,0
1785497962.3184557,42.228478,-1.234023,500.08,0.007,LAND,0,10,0,,0,0,0
1785497962.8212404,42.228478,-1.234023,500.08,0.007,LAND,0,10,0,,0,0,0
1785497963.3241897,42.228478,-1.234023,500.08,0.007,LAND,0,10,0,,0,0,0
1785497963.826664,42.228478,-1.234023,500.08,0.007,LAND,0,10,0,,0,0,0
1785497964.3288496,42.228478,-1.234023,500.08,0.007,LAND,0,10,0,,0,0,0
1785497964.8313658,42.228478,-1.234023,500.08,0.007,LAND,0,10,0,,0,0,0
1785497965.334781,42.228478,-1.234023,500.08,0.007,LAND,0,10,0,,0,0,0
1785497965.8375812,42.228478,-1.234023,500.08,0.007,LAND,0,10,0,,0,0,0
1785497966.3400042,42.228478,-1.234023,500.08,0.007,LAND,0,10,0,,0,0,0
1785497966.8424592,42.228478,-1.234023,500.08,0.007,LAND,0,10,0,,0,0,0
1785497967.34507,42.228478,-1.234023,500.08,0.007,LAND,0,10,0,,0,0,0
1785497967.8479426,42.228478,-1.234023,500.08,0.007,LAND,0,10,0,,0,0,0
1785497968.3516564,42.228478,-1.234023,500.08,0.007,LAND,0,10,0,,0,0,0
1785497968.8543594,42.228478,-1.234023,500.08,0.007,LAND,0,10,0,,0,0,0
1785497969.3566358,42.228478,-1.234023,500.08,0.007,LAND,0,10,0,,0,0,0
1785497969.858836,42.228478,-1.234023,500.08,0.007,LAND,0,10,0,,0,0,0
1785497970.3613787,42.228478,-1.234023,500.08,0.007,LAND,0,10,0,,0,0,0
1785497970.8639739,42.228478,-1.234023,500.08,0.007,LAND,0,10,0,,0,0,0
1785497971.3674316,42.228478,-1.234023,500.08,0.007,LAND,0,10,0,,0,0,0
1785497971.8697681,42.228478,-1.234023,500.08,0.007,LAND,0,10,0,,0,0,0
1785497972.3723855,42.228478,-1.234023,500.08,0.007,LAND,0,10,0,,0,0,0
1785497972.8748713,42.228478,-1.234023,500.08,0.007,LAND,0,10,0,,0,0,0
1785497973.3775303,42.228478,-1.234023,500.08,0.007,LAND,0,10,0,,0,0,0
1785497973.8802412,42.228478,-1.234023,500.08,0.007,LAND,0,10,0,,0,0,0
1785497974.382825,42.228478,-1.234023,500.08,0.007,LAND,0,10,0,,0,0,0
1785497974.8849578,42.228478,-1.234023,500.08,0.007,LAND,0,10,0,,0,0,0
1785497975.3870685,42.228478,-1.234023,500.08,0.007,LAND,0,10,0,,0,0,0
1785497975.889535,42.228478,-1.234023,500.08,0.007,LAND,0,10,0,,0,0,0
1785497976.3918145,42.228478,-1.234023,500.08,0.007,LAND,0,10,0,,0,0,0
1785497976.8946073,42.228478,-1.234023,500.08,0.007,LAND,0,10,0,,0,0,0
1785497977.397194,42.228478,-1.234023,500.08,0.007,LAND,0,10,0,,0,0,0
1785497977.9000099,42.228478,-1.234023,500.08,0.007,LAND,0,10,0,,0,0,0
1785497978.4024007,42.228478,-1.234023,500.08,0.007,LAND,0,10,0,,0,0,0
1785497978.9053555,42.228478,-1.234023,500.08,0.007,LAND,0,10,0,,0,0,0
1785497979.4082224,42.228478,-1.234023,500.08,0.007,LAND,0,10,0,,0,0,0
1785497979.9111557,42.228478,-1.234023,500.08,0.007,LAND,0,10,0,,0,0,0
1785497980.4136844,42.228478,-1.234023,500.08,0.007,LAND,0,10,0,,0,0,0
1785497980.9163525,42.228478,-1.234023,500.08,0.007,LAND,0,10,0,,0,0,0
1785497981.4184175,42.228478,-1.234023,500.08,0.007,LAND,0,10,0,,0,0,0
1785497981.92149,42.228478,-1.234023,500.08,0.007,LAND,0,10,0,,0,0,0
1785497982.4239082,42.228478,-1.234023,500.08,0.007,LAND,0,10,0,,0,0,0
1785497982.9260592,42.228478,-1.234023,500.08,0.007,LAND,0,10,0,,0,0,0
1785497983.4287899,42.228478,-1.234023,500.08,0.007,LAND,0,10,0,,0,0,0
1785497983.9314446,42.228478,-1.234023,500.08,0.007,LAND,0,10,0,,0,0,0
1785497984.4348028,42.228478,-1.234023,500.08,0.007,LAND,0,10,0,,0,0,0
1785497984.937034,42.228478,-1.234023,500.08,0.007,LAND,0,10,0,,0,0,0
1785497985.4394076,42.228478,-1.234023,500.08,0.007,LAND,0,10,0,,0,0,0
1785497985.9419515,42.228478,-1.234023,500.08,0.007,LAND,0,10,0,,0,0,0
1785497986.4445078,42.228478,-1.234023,500.08,0.007,LAND,0,10,0,,0,0,0
1785497986.9472244,42.228478,-1.234023,500.08,0.007,LAND,0,10,0,,0,0,0
1785497987.4507174,42.228478,-1.234023,500.08,0.007,LAND,0,10,0,,0,0,0
1785497987.953667,42.228478,-1.234023,500.08,0.007,LAND,0,10,0,,0,0,0
1785497988.4569106,42.228478,-1.234023,500.08,0.007,LAND,0,10,0,,0,0,0
1785497988.959416,42.228478,-1.234023,500.08,0.007,LAND,0,10,0,,0,0,0
1785497989.4627392,42.228478,-1.234023,500.08,0.007,LAND,0,10,0,,0,0,0
1785497989.9645567,42.228478,-1.234023,500.08,0.007,LAND,0,10,0,,0,0,0
1785497990.4668746,42.228478,-1.234023,500.08,0.007,LAND,0,10,0,,0,0,0
1785497990.9698215,42.228478,-1.234023,500.08,0.007,LAND,0,10,0,,0,0,0
1785497991.4727197,42.228478,-1.234023,500.08,0.007,LAND,0,10,0,,0,0,0
1785497991.975358,42.228478,-1.234023,500.08,0.007,LAND,0,10,0,,0,0,0
1785497992.4779956,42.228478,-1.2340231,500.08,0.007,LAND,0,10,0,,0,0,0
1785497992.9804087,42.228478,-1.2340231,500.08,0.007,LAND,0,10,0,,0,0,0
1785497993.4832523,42.228478,-1.2340231,500.08,0.007,LAND,0,10,0,,0,0,0
1785497993.9855123,42.228478,-1.2340231,500.08,0.007,LAND,0,10,0,,0,0,0
1785497994.487996,42.228478,-1.2340231,500.08,0.007,LAND,0,10,0,,0,0,0
1785497994.9903514,42.228478,-1.2340231,500.08,0.007,LAND,0,10,0,,0,0,0
1785497995.4934056,42.228478,-1.2340231,500.08,0.007,LAND,0,10,0,,0,0,0
1785497995.9958987,42.228478,-1.2340231,500.08,0.007,LAND,0,10,0,,0,0,0
1785497996.4985192,42.228478,-1.2340231,500.08,0.007,LAND,0,10,0,,0,0,0
1785497997.0015452,42.228478,-1.2340231,500.08,0.007,LAND,0,10,0,,0,0,0
1785497997.5043886,42.228478,-1.2340232,500.08,0.007,LAND,0,10,0,,0,0,0
1785497998.0071104,42.228478,-1.2340232,500.08,0.007,LAND,0,10,0,,0,0,0
1785497998.5103862,42.228478,-1.2340232,500.08,0.007,LAND,0,10,0,,0,0,0
1785497999.0132756,42.228478,-1.2340232,500.08,0.007,LAND,0,10,0,,0,0,0
1785497999.5163457,42.228478,-1.2340232,500.08,0.007,LAND,0,10,0,,0,0,0
1785498000.0188365,42.228478,-1.2340232,500.08,0.007,LAND,0,10,0,,0,0,0
1785498000.5211859,42.228478,-1.2340232,500.08,0.007,LAND,0,10,0,,0,0,0
1785498001.0234594,42.228478,-1.2340232,500.08,0.007,LAND,0,10,0,,0,0,0
1785498001.5270305,42.228478,-1.2340232,500.08,0.007,LAND,0,10,0,,0,0,0
1785498002.0294778,42.228478,-1.2340232,500.08,0.007,LAND,0,10,0,,0,0,0
1785498002.532532,42.228478,-1.2340232,500.08,0.007,LAND,0,10,0,,0,0,0
1785498003.0358367,42.228478,-1.2340232,500.08,0.007,LAND,0,10,0,,0,0,0
1785498003.5382295,42.228478,-1.2340232,500.08,0.007,LAND,0,10,0,,0,0,0
1785498004.0410187,42.228478,-1.2340232,500.08,0.006,LAND,0,10,0,,0,0,0
1785498004.5431557,42.228478,-1.2340232,500.08,0.006,LAND,0,10,0,,0,0,0
1785498005.0455866,42.228478,-1.2340233,500.08,0.006,LAND,0,10,0,,0,0,0
1785498005.5482283,42.228478,-1.2340233,500.08,0.006,LAND,0,10,0,,0,0,0
1785498006.050916,42.228478,-1.2340233,500.08,0.006,LAND,0,10,0,,0,0,0
1785498006.5533154,42.228478,-1.2340233,500.08,0.006,LAND,0,10,0,,0,0,0
1785498007.0556436,42.228478,-1.2340233,500.08,0.006,LAND,0,10,0,,0,0,0
1785498007.5587196,42.228478,-1.2340233,500.08,0.006,LAND,0,10,0,,0,0,0
1785498008.0617902,42.228478,-1.2340233,500.08,0.006,LAND,0,10,0,,0,0,0
1785498008.5637865,42.228478,-1.2340233,500.08,0.006,LAND,0,10,0,,0,0,0
1785498009.0662854,42.228478,-1.2340233,500.08,0.006,LAND,0,10,0,,0,0,0
1785498009.569232,42.228478,-1.2340233,500.08,0.006,LAND,0,10,0,,0,0,0
1785498010.0723124,42.228478,-1.2340233,500.08,0.006,LAND,0,10,0,,0,0,0
1785498010.574944,42.228478,-1.2340233,500.08,0.006,LAND,0,10,0,,0,0,0
1785498011.0775013,42.228478,-1.2340233,500.08,0.006,LAND,0,10,0,,0,0,0
1785498011.5802572,42.228478,-1.2340233,500.08,0.006,LAND,0,10,0,,0,0,0
1785498012.0827894,42.228478,-1.2340233,500.08,0.006,LAND,0,10,0,,0,0,0
1785498012.5853732,42.228478,-1.2340233,500.08,0.007,LAND,0,10,0,,0,0,0
1785498013.0886674,42.228478,-1.2340233,500.08,0.007,LAND,0,10,0,,0,0,0
1785498013.591534,42.228478,-1.2340233,500.08,0.007,LAND,0,10,0,,0,0,0
1785498014.0946703,42.228478,-1.2340233,500.08,0.007,LAND,0,10,0,,0,0,0
1785498014.5971076,42.228478,-1.2340233,500.08,0.007,LAND,0,10,0,,0,0,0
1785498015.100514,42.228478,-1.2340233,500.08,0.007,LAND,0,10,0,,0,0,0
1785498015.6029668,42.228478,-1.2340233,500.08,0.007,LAND,0,10,0,,0,0,0
1785498016.1061027,42.228478,-1.2340233,500.08,0.007,LAND,0,10,0,,0,0,0
1785498016.608454,42.228478,-1.2340233,500.08,0.007,LAND,0,10,0,,0,0,0
1785498017.11131,42.228478,-1.2340233,500.08,0.007,LAND,0,10,0,,0,0,0
1785498017.61417,42.228478,-1.2340233,500.08,0.007,LAND,0,10,0,,0,0,0
1785498018.1171746,42.228478,-1.2340233,500.08,0.007,LAND,0,10,0,,0,0,0
1785498018.6202672,42.228478,-1.2340233,500.08,0.007,LAND,0,10,0,,0,0,0
1785498019.1230514,42.228478,-1.2340233,500.08,0.007,LAND,0,10,0,,0,0,0
1785498019.625751,42.228478,-1.2340233,500.08,0.007,LAND,0,10,0,,0,0,0
1785498020.128838,42.228478,-1.2340233,500.08,0.007,LAND,0,10,0,,0,0,0
1785498020.631618,42.228478,-1.2340233,500.08,0.007,LAND,0,10,0,,0,0,0
1785498021.1347713,42.228478,-1.2340233,500.08,0.007,LAND,0,10,0,,0,0,0
1785498021.6371334,42.228478,-1.2340233,500.08,0.007,LAND,0,10,0,,0,0,0
1785498022.1399863,42.228478,-1.2340233,500.08,0.007,LAND,0,10,0,,0,0,0
1785498022.6425805,42.228478,-1.2340233,500.08,0.007,LAND,0,10,0,,0,0,0
1785498023.1452117,42.228478,-1.2340233,500.08,0.007,LAND,0,10,0,,0,0,0
1785498023.6479492,42.228478,-1.2340233,500.08,0.007,LAND,0,10,0,,0,0,0
1785498024.1498759,42.228478,-1.2340234,500.08,0.007,LAND,0,10,0,,0,0,0
1785498024.6533077,42.228478,-1.2340234,500.08,0.007,LAND,0,10,0,,0,0,0
1785498025.1568007,42.228478,-1.2340234,500.08,0.007,LAND,0,10,0,,0,0,0
1785498025.6604755,42.228478,-1.2340234,500.08,0.007,LAND,0,10,0,,0,0,0
1785498026.163072,42.228478,-1.2340234,500.08,0.007,LAND,0,10,0,,0,0,0
1785498026.66554,42.228478,-1.2340234,500.08,0.007,LAND,0,10,0,,0,0,0
1785498027.1683507,42.228478,-1.2340234,500.08,0.007,LAND,0,10,0,,0,0,0
1785498027.6708047,42.228478,-1.2340234,500.08,0.006,LAND,0,10,0,,0,0,0
1785498028.1737316,42.228478,-1.2340234,500.08,0.006,LAND,0,10,0,,0,0,0
1785498028.6767902,42.228478,-1.2340234,500.08,0.006,LAND,0,10,0,,0,0,0
1785498029.1790075,42.228478,-1.2340234,500.08,0.006,LAND,0,10,0,,0,0,0
1785498029.6824129,42.228478,-1.2340234,500.08,0.006,LAND,0,10,0,,0,0,0
1785498030.184955,42.228478,-1.2340234,500.08,0.006,LAND,0,10,0,,0,0,0
1785498030.68768,42.228478,-1.2340234,500.08,0.006,LAND,0,10,0,,0,0,0
1785498031.190422,42.228478,-1.2340234,500.08,0.006,LAND,0,10,0,,0,0,0
1785498031.6936457,42.228478,-1.2340234,500.08,0.007,LAND,0,10,0,,0,0,0
1785498032.1964333,42.228478,-1.2340234,500.08,0.007,LAND,0,10,0,,0,0,0
1785498032.6994889,42.228478,-1.2340234,500.08,0.007,LAND,0,10,0,,0,0,0
1785498033.2017257,42.228478,-1.2340234,500.08,0.007,LAND,0,10,0,,0,0,0
1785498033.7047598,42.228478,-1.2340234,500.08,0.007,LAND,0,10,0,,0,0,0
1785498034.2076862,42.228478,-1.2340234,500.08,0.007,LAND,0,10,0,,0,0,0
1785498034.710228,42.228478,-1.2340234,500.08,0.007,LAND,0,10,0,,0,0,0
1785498035.2134564,42.228478,-1.2340234,500.08,0.007,LAND,0,10,0,,0,0,0
1785498035.7160838,42.228478,-1.2340234,500.08,0.007,LAND,0,10,0,,0,0,0
1785498036.2185016,42.228478,-1.2340234,500.08,0.007,LAND,0,10,0,,0,0,0
1785498036.721269,42.228478,-1.2340234,500.08,0.007,LAND,0,10,0,,0,0,0
1785498037.2240837,42.228478,-1.2340234,500.08,0.007,LAND,0,10,0,,0,0,0
1785498037.728163,42.228478,-1.2340234,500.08,0.007,LAND,0,10,0,,0,0,0
1785498038.2305472,42.228478,-1.2340234,500.08,0.007,LAND,0,10,0,,0,0,0
1785498038.7338831,42.228478,-1.2340234,500.08,0.007,LAND,0,10,0,,0,0,0
1785498039.2365532,42.228478,-1.2340234,500.08,0.007,LAND,0,10,0,,0,0,0
1785498039.7389314,42.228478,-1.2340234,500.08,0.007,LAND,0,10,0,,0,0,0
1785498040.2415688,42.228478,-1.2340234,500.08,0.007,LAND,0,10,0,,0,0,0
1785498040.7445707,42.228478,-1.2340234,500.08,0.007,LAND,0,10,0,,0,0,0
1785498041.2478092,42.228478,-1.2340234,500.08,0.007,LAND,0,10,0,,0,0,0
1785498041.7511134,42.228478,-1.2340234,500.08,0.007,LAND,0,10,0,,0,0,0
1785498042.2539136,42.228478,-1.2340234,500.08,0.007,LAND,0,10,0,,0,0,0
1785498042.7567246,42.228478,-1.2340234,500.08,0.007,LAND,0,10,0,,0,0,0
1785498043.2602088,42.228478,-1.2340234,500.08,0.007,LAND,0,10,0,,0,0,0
1785498043.763247,42.228478,-1.2340234,500.08,0.007,LAND,0,10,0,,0,0,0
1785498044.265982,42.228478,-1.2340234,500.08,0.007,LAND,0,10,0,,0,0,0
1785498044.7685976,42.228478,-1.2340234,500.08,0.007,LAND,0,10,0,,0,0,0
1785498045.2712274,42.228478,-1.2340234,500.08,0.007,LAND,0,10,0,,0,0,0
1785498045.773721,42.228478,-1.2340234,500.08,0.007,LAND,0,10,0,,0,0,0
1785498046.2758107,42.228478,-1.2340234,500.08,0.006,LAND,0,10,0,,0,0,0
1785498046.778739,42.228478,-1.2340234,500.08,0.006,LAND,0,10,0,,0,0,0
1785498047.2814076,42.228478,-1.2340234,500.08,0.006,LAND,0,10,0,,0,0,0
1785498047.7841537,42.228478,-1.2340234,500.08,0.006,LAND,0,10,0,,0,0,0
1785498048.2865381,42.228478,-1.2340234,500.08,0.006,LAND,0,10,0,,0,0,0
1785498048.788947,42.228478,-1.2340234,500.08,0.006,LAND,0,10,0,,0,0,0
1785498049.292582,42.228478,-1.2340234,500.08,0.006,LAND,0,10,0,,0,0,0
1785498049.7954478,42.228478,-1.2340234,500.08,0.007,LAND,0,10,0,,0,0,0
1785498050.297799,42.228478,-1.2340234,500.08,0.007,LAND,0,10,0,,0,0,0
1785498050.8005362,42.228478,-1.2340234,500.08,0.007,LAND,0,10,0,,0,0,0
1785498051.303257,42.228478,-1.2340234,500.08,0.007,LAND,0,10,0,,0,0,0
1785498051.8066196,42.228478,-1.2340234,500.08,0.007,LAND,0,10,0,,0,0,0
1785498052.3093863,42.228478,-1.2340234,500.08,0.007,LAND,0,10,0,,0,0,0
1785498052.8119278,42.228478,-1.2340234,500.08,0.007,LAND,0,10,0,,0,0,0
1785498053.3140397,42.228478,-1.2340234,500.08,0.007,LAND,0,10,0,,0,0,0
1785498053.8171916,42.228478,-1.2340234,500.08,0.007,LAND,0,10,0,,0,0,0
1785498054.3202085,42.228478,-1.2340234,500.08,0.007,LAND,0,10,0,,0,0,0
1785498054.8235254,42.228478,-1.2340234,500.08,0.007,LAND,0,10,0,,0,0,0
1785498055.3260896,42.228478,-1.2340234,500.08,0.007,LAND,0,10,0,,0,0,0
1785498055.8289385,42.228478,-1.2340234,500.08,0.007,LAND,0,10,0,,0,0,0
1785498056.3312821,42.228478,-1.2340234,500.08,0.007,LAND,0,10,0,,0,0,0
1785498056.833881,42.228478,-1.2340234,500.08,0.007,LAND,0,10,0,,0,0,0
1785498057.3365204,42.228478,-1.2340234,500.08,0.007,LAND,0,10,0,,0,0,0
1785498057.839111,42.228478,-1.2340234,500.08,0.007,LAND,0,10,0,,0,0,0
1785498058.3417203,42.228478,-1.2340234,500.08,0.007,LAND,0,10,0,,0,0,0
1785498058.8434691,42.228478,-1.2340234,500.08,0.007,LAND,0,10,0,,0,0,0
1785498059.3457804,42.228478,-1.2340234,500.08,0.007,LAND,0,10,0,,0,0,0
1785498059.8492184,42.228478,-1.2340234,500.08,0.007,LAND,0,10,0,,0,0,0
1785498060.3518634,42.228478,-1.2340234,500.08,0.007,LAND,0,10,0,,0,0,0
1785498060.8549278,42.228478,-1.2340234,500.08,0.007,LAND,0,10,0,,0,0,0
1785498061.3573937,42.228478,-1.2340234,500.08,0.007,LAND,0,10,0,,0,0,0
1785498061.8597124,42.228478,-1.2340234,500.08,0.007,LAND,0,10,0,,0,0,0
1785498062.3622167,42.228478,-1.2340234,500.08,0.007,LAND,0,10,0,,0,0,0
1785498062.8651402,42.228478,-1.2340234,500.08,0.007,LAND,0,10,0,,0,0,0
1785498063.3680134,42.228478,-1.2340234,500.08,0.007,LAND,0,10,0,,0,0,0
1785498063.8704448,42.228478,-1.2340234,500.08,0.007,LAND,0,10,0,,0,0,0
1785498064.3727696,42.228478,-1.2340234,500.08,0.007,LAND,0,10,0,,0,0,0
1785498064.8756037,42.228478,-1.2340234,500.08,0.007,LAND,0,10,0,,0,0,0
1785498065.3773532,42.228478,-1.2340234,500.08,0.007,LAND,0,10,0,,0,0,0
1785498065.88008,42.228478,-1.2340234,500.08,0.007,LAND,0,10,0,,0,0,0
1785498066.3818424,42.228478,-1.2340234,500.08,0.007,LAND,0,10,0,,0,0,0
1785498066.88453,42.228478,-1.2340234,500.08,0.007,LAND,0,10,0,,0,0,0
1785498067.388357,42.228478,-1.2340234,500.08,0.007,LAND,0,10,0,,0,0,0
1785498067.8914056,42.228478,-1.2340234,500.08,0.007,LAND,0,10,0,,0,0,0
1785498068.3937318,42.228478,-1.2340234,500.08,0.007,LAND,0,10,0,,0,0,0
1785498068.896492,42.228478,-1.2340234,500.08,0.007,LAND,0,10,0,,0,0,0
1785498069.3987546,42.228478,-1.2340234,500.08,0.007,LAND,0,10,0,,0,0,0
1785498069.901431,42.228478,-1.2340234,500.08,0.007,LAND,0,10,0,,0,0,0
1785498070.4040985,42.228478,-1.2340234,500.08,0.007,LAND,0,10,0,,0,0,0
1785498070.9064841,42.228478,-1.2340234,500.08,0.007,LAND,0,10,0,,0,0,0
1785498071.4086452,42.228478,-1.2340234,500.08,0.007,LAND,0,10,0,,0,0,0
1785498071.9109395,42.228478,-1.2340234,500.08,0.007,LAND,0,10,0,,0,0,0
1785498072.4135156,42.228478,-1.2340234,500.08,0.007,LAND,0,10,0,,0,0,0
1785498072.9160056,42.228478,-1.2340234,500.08,0.007,LAND,0,10,0,,0,0,0
1785498073.4186888,42.228478,-1.2340234,500.08,0.007,LAND,0,10,0,,0,0,0
1785498073.9210768,42.228478,-1.2340234,500.08,0.007,LAND,0,10,0,,0,0,0
1785498074.4236066,42.228478,-1.2340234,500.08,0.007,LAND,0,10,0,,0,0,0
1785498074.9264414,42.228478,-1.2340234,500.08,0.007,LAND,0,10,0,,0,0,0
1785498075.4292076,42.228478,-1.2340234,500.08,0.007,LAND,0,10,0,,0,0,0
1785498075.9312303,42.228478,-1.2340234,500.08,0.007,LAND,0,10,0,,0,0,0
1785498076.4335103,42.228478,-1.2340234,500.08,0.007,LAND,0,10,0,,0,0,0
1785498076.9358008,42.228478,-1.2340234,500.08,0.007,LAND,0,10,0,,0,0,0
1785498077.4383175,42.228478,-1.2340234,500.08,0.007,LAND,0,10,0,,0,0,0
1785498077.940327,42.228478,-1.2340234,500.08,0.007,LAND,0,10,0,,0,0,0
1785498078.4421813,42.228478,-1.2340234,500.08,0.007,LAND,0,10,0,,0,0,0
1785498078.9440396,42.228478,-1.2340234,500.08,0.007,LAND,0,10,0,,0,0,0
1785498079.4465773,42.228478,-1.2340234,500.08,0.007,LAND,0,10,0,,0,0,0
1785498079.9494743,42.228478,-1.2340234,500.08,0.007,LAND,0,10,0,,0,0,0
1785498080.4516175,42.228478,-1.2340234,500.08,0.007,LAND,0,10,0,,0,0,0
1785498080.9538927,42.228478,-1.2340234,500.08,0.007,LAND,0,10,0,,0,0,0
1785498081.456686,42.228478,-1.2340234,500.08,0.007,LAND,0,10,0,,0,0,0
1785498081.9592674,42.228478,-1.2340234,500.08,0.007,LAND,0,10,0,,0,0,0
1785498082.460966,42.228478,-1.2340234,500.08,0.007,LAND,0,10,0,,0,0,0
1785498082.9635532,42.228478,-1.2340234,500.08,0.007,LAND,0,10,0,,0,0,0
1785498083.4654825,42.228478,-1.2340234,500.08,0.007,LAND,0,10,0,,0,0,0
1785498083.9684618,42.228478,-1.2340234,500.08,0.007,LAND,0,10,0,,0,0,0
1785498084.470688,42.228478,-1.2340234,500.08,0.007,LAND,0,10,0,,0,0,0
1785498084.9733071,42.228478,-1.2340234,500.08,0.007,LAND,0,10,0,,0,0,0
1785498085.4757347,42.228478,-1.2340234,500.08,0.007,LAND,0,10,0,,0,0,0
1785498085.9782953,42.228478,-1.2340234,500.08,0.007,LAND,0,10,0,,0,0,0
1785498086.4808347,42.228478,-1.2340234,500.08,0.007,LAND,0,10,0,,0,0,0
1785498086.9835443,42.228478,-1.2340234,500.08,0.007,LAND,0,10,0,,0,0,0
1785498087.4860811,42.228478,-1.2340234,500.08,0.007,LAND,0,10,0,,0,0,0
1785498087.9892464,42.228478,-1.2340234,500.08,0.007,LAND,0,10,0,,0,0,0
1785498088.49166,42.228478,-1.2340234,500.08,0.007,LAND,0,10,0,,0,0,0
1785498088.9945815,42.228478,-1.2340234,500.08,0.007,LAND,0,10,0,,0,0,0
1785498089.4969409,42.228478,-1.2340234,500.08,0.007,LAND,0,10,0,,0,0,0
1785498089.9996114,42.228478,-1.2340234,500.08,0.007,LAND,0,10,0,,0,0,0
1785498090.502254,42.228478,-1.2340234,500.08,0.006,LAND,0,10,0,,0,0,0
1785498091.004756,42.228478,-1.2340234,500.08,0.006,LAND,0,10,0,,0,0,0
1785498091.506854,42.228478,-1.2340234,500.08,0.006,LAND,0,10,0,,0,0,0
1785498092.0092885,42.228478,-1.2340234,500.08,0.006,LAND,0,10,0,,0,0,0
1785498092.5118678,42.228478,-1.2340234,500.08,0.006,LAND,0,10,0,,0,0,0
1785498093.013956,42.228478,-1.2340234,500.08,0.006,LAND,0,10,0,,0,0,0
1785498093.5157812,42.228478,-1.2340234,500.08,0.006,LAND,0,10,0,,0,0,0
1785498094.0181189,42.228478,-1.2340234,500.08,0.006,LAND,0,10,0,,0,0,0
1785498094.5201135,42.228478,-1.2340234,500.08,0.006,LAND,0,10,0,,0,0,0
1785498095.0228784,42.228478,-1.2340234,500.08,0.006,LAND,0,10,0,,0,0,0
1785498095.5255291,42.228478,-1.2340234,500.08,0.007,LAND,0,10,0,,0,0,0
1785498096.0272415,42.228478,-1.2340234,500.08,0.007,LAND,0,10,0,,0,0,0
1785498096.5303025,42.228478,-1.2340234,500.08,0.007,LAND,0,10,0,,0,0,0
1785498097.0329509,42.228478,-1.2340234,500.08,0.007,LAND,0,10,0,,0,0,0
1785498097.5356848,42.228478,-1.2340234,500.08,0.007,LAND,0,10,0,,0,0,0
1785498098.0381372,42.228478,-1.2340234,500.08,0.007,LAND,0,10,0,,0,0,0
1785498098.5398743,42.228478,-1.2340234,500.08,0.007,LAND,0,10,0,,0,0,0
1785498099.0425608,42.228478,-1.2340234,500.08,0.007,LAND,0,10,0,,0,0,0
1785498099.545233,42.228478,-1.2340234,500.08,0.007,LAND,0,10,0,,0,0,0
1785498100.0473208,42.228478,-1.2340234,500.08,0.007,LAND,0,10,0,,0,0,0
1785498100.549804,42.228478,-1.2340234,500.08,0.007,LAND,0,10,0,,0,0,0
1785498101.0524728,42.228478,-1.2340234,500.08,0.007,LAND,0,10,0,,0,0,0
1785498101.554617,42.228478,-1.2340234,500.08,0.007,LAND,0,10,0,,0,0,0
1785498102.057135,42.228478,-1.2340234,500.08,0.007,LAND,0,10,0,,0,0,0
1785498102.5598845,42.228478,-1.2340234,500.08,0.007,LAND,0,10,0,,0,0,0
1785498103.0620155,42.228478,-1.2340234,500.08,0.007,LAND,0,10,0,,0,0,0
1785498103.5646954,42.228478,-1.2340234,500.08,0.007,LAND,0,10,0,,0,0,0
1785498104.0672395,42.228478,-1.2340234,500.08,0.007,LAND,0,10,0,,0,0,0
1785498104.5693078,42.228478,-1.2340234,500.08,0.007,LAND,0,10,0,,0,0,0
1785498105.0721967,42.228478,-1.2340234,500.08,0.007,LAND,0,10,0,,0,0,0
1785498105.5749185,42.228478,-1.2340234,500.08,0.007,LAND,0,10,0,,0,0,0
1785498106.0772507,42.228478,-1.2340234,500.08,0.007,LAND,0,10,0,,0,0,0
1785498106.5800629,42.228478,-1.2340234,500.08,0.007,LAND,0,10,0,,0,0,0
1785498107.0828266,42.228478,-1.2340234,500.08,0.007,LAND,0,10,0,,0,0,0
1785498107.5845602,42.228478,-1.2340234,500.08,0.007,LAND,0,10,0,,0,0,0
1785498108.08701,42.228478,-1.2340234,500.08,0.007,LAND,0,10,0,,0,0,0
1785498108.5885427,42.228478,-1.2340234,500.08,0.007,LAND,0,10,0,,0,0,0
1785498109.0906081,42.228478,-1.2340234,500.08,0.007,LAND,0,10,0,,0,0,0
1785498109.5930378,42.228478,-1.2340234,500.08,0.007,LAND,0,10,0,,0,0,0
1785498110.096054,42.228478,-1.2340234,500.08,0.007,LAND,0,10,0,,0,0,0
1785498110.5987484,42.228478,-1.2340234,500.08,0.007,LAND,0,10,0,,0,0,0
1785498111.101335,42.228478,-1.2340234,500.08,0.007,LAND,0,10,0,,0,0,0
1785498111.604149,42.228478,-1.2340234,500.08,0.007,LAND,0,10,0,,0,0,0
1785498112.1066835,42.228478,-1.2340234,500.08,0.007,LAND,0,10,0,,0,0,0
1785498112.6087406,42.228478,-1.2340234,500.08,0.007,LAND,0,10,0,,0,0,0
1785498113.1110096,42.228478,-1.2340234,500.08,0.007,LAND,0,10,0,,0,0,0
1785498113.6127238,42.228478,-1.2340234,500.08,0.007,LAND,0,10,0,,0,0,0
1785498114.11484,42.228478,-1.2340234,500.08,0.007,LAND,0,10,0,,0,0,0
1785498114.6173074,42.228478,-1.2340234,500.08,0.007,LAND,0,10,0,,0,0,0
1785498115.1198246,42.228478,-1.2340234,500.08,0.007,LAND,0,10,0,,0,0,0
1785498115.6224487,42.228478,-1.2340234,500.08,0.007,LAND,0,10,0,,0,0,0
1785498116.1252646,42.228478,-1.2340234,500.08,0.007,LAND,0,10,0,,0,0,0
1785498116.6281023,42.228478,-1.2340234,500.08,0.007,LAND,0,10,0,,0,0,0
1785498117.1304846,42.228478,-1.2340234,500.08,0.007,LAND,0,10,0,,0,0,0
1785498117.6328673,42.228478,-1.2340234,500.08,0.007,LAND,0,10,0,,0,0,0
1785498118.1351912,42.228478,-1.2340234,500.08,0.007,LAND,0,10,0,,0,0,0
1785498118.6373315,42.228478,-1.2340234,500.08,0.007,LAND,0,10,0,,0,0,0
1785498119.1399913,42.228478,-1.2340234,500.08,0.007,LAND,0,10,0,,0,0,0
1785498119.6417885,42.228478,-1.2340234,500.08,0.007,LAND,0,10,0,,0,0,0
1785498120.1443055,42.228478,-1.2340234,500.08,0.007,LAND,0,10,0,,0,0,0
1785498120.6471453,42.228478,-1.2340234,500.08,0.007,LAND,0,10,0,,0,0,0
1785498121.1495,42.228478,-1.2340234,500.08,0.007,LAND,0,10,0,,0,0,0
1785498121.651416,42.228478,-1.2340234,500.08,0.007,LAND,0,10,0,,0,0,0
1785498122.1542356,42.228478,-1.2340234,500.08,0.007,LAND,0,10,0,,0,0,0
1785498122.6569438,42.228478,-1.2340234,500.08,0.007,LAND,0,10,0,,0,0,0
1785498123.159738,42.228478,-1.2340234,500.08,0.007,LAND,0,10,0,,0,0,0
1785498123.6611676,42.228478,-1.2340234,500.08,0.007,LAND,0,10,0,,0,0,0
1785498124.1643538,42.228478,-1.2340234,500.08,0.007,LAND,0,10,0,,0,0,0
1785498124.6665595,42.228478,-1.2340234,500.08,0.007,LAND,0,10,0,,0,0,0
1785498125.169514,42.228478,-1.2340234,500.08,0.007,LAND,0,10,0,,0,0,0
1785498125.6721241,42.228478,-1.2340234,500.08,0.007,LAND,0,10,0,,0,0,0
1785498126.1747162,42.228478,-1.2340234,500.08,0.007,LAND,0,10,0,,0,0,0
1785498126.6771858,42.228478,-1.2340234,500.08,0.007,LAND,0,10,0,,0,0,0
1785498127.1797276,42.228478,-1.2340234,500.08,0.007,LAND,0,10,0,,0,0,0
1785498127.6825745,42.228478,-1.2340234,500.08,0.007,LAND,0,10,0,,0,0,0
1785498128.1851556,42.228478,-1.2340234,500.08,0.007,LAND,0,10,0,,0,0,0
1785498128.6874936,42.228478,-1.2340234,500.08,0.007,LAND,0,10,0,,0,0,0
1785498129.1900744,42.228478,-1.2340234,500.08,0.007,LAND,0,10,0,,0,0,0
1785498129.6914942,42.228478,-1.2340234,500.08,0.007,LAND,0,10,0,,0,0,0
1785498130.1937926,42.228478,-1.2340234,500.08,0.007,LAND,0,10,0,,0,0,0
1785498130.6956468,42.228478,-1.2340234,500.08,0.007,LAND,0,10,0,,0,0,0
1785498131.198735,42.228478,-1.2340234,500.08,0.007,LAND,0,10,0,,0,0,0
1785498131.7006907,42.228478,-1.2340234,500.08,0.007,LAND,0,10,0,,0,0,0
1785498132.2033732,42.228478,-1.2340234,500.08,0.007,LAND,0,10,0,,0,0,0
1785498132.7051136,42.228478,-1.2340234,500.08,0.007,LAND,0,10,0,,0,0,0
1785498133.2073994,42.228478,-1.2340234,500.08,0.007,LAND,0,10,0,,0,0,0
1785498133.7097309,42.228478,-1.2340234,500.08,0.007,LAND,0,10,0,,0,0,0
1785498134.2117095,42.228478,-1.2340234,500.08,0.007,LAND,0,10,0,,0,0,0
1785498134.7143772,42.228478,-1.2340234,500.08,0.007,LAND,0,10,0,,0,0,0
1785498135.216565,42.228478,-1.2340234,500.08,0.007,LAND,0,10,0,,0,0,0
1785498135.7183998,42.228478,-1.2340234,500.08,0.007,LAND,0,10,0,,0,0,0
1785498136.2197409,42.228478,-1.2340234,500.08,0.007,LAND,0,10,0,,0,0,0
1785498136.7215967,42.228478,-1.2340234,500.08,0.007,LAND,0,10,0,,0,0,0
1785498137.2241545,42.228478,-1.2340234,500.08,0.007,LAND,0,10,0,,0,0,0
1785498137.7266068,42.228478,-1.2340234,500.08,0.007,LAND,0,10,0,,0,0,0
1785498138.2292686,42.228478,-1.2340234,500.08,0.007,LAND,0,10,0,,0,0,0
1785498138.731647,42.228478,-1.2340234,500.08,0.007,LAND,0,10,0,,0,0,0
1785498139.2347639,42.228478,-1.2340234,500.08,0.007,LAND,0,10,0,,0,0,0
1785498139.736688,42.228478,-1.2340234,500.08,0.007,LAND,0,10,0,,0,0,0
1785498140.2386444,42.228478,-1.2340234,500.08,0.007,LAND,0,10,0,,0,0,0
1785498140.741206,42.228478,-1.2340234,500.08,0.007,LAND,0,10,0,,0,0,0
1785498141.2441442,42.228478,-1.2340234,500.08,0.007,LAND,0,10,0,,0,0,0
1785498141.7463727,42.228478,-1.2340234,500.08,0.007,LAND,0,10,0,,0,0,0
1785498142.2488434,42.228478,-1.2340234,500.08,0.007,LAND,0,10,0,,0,0,0
1785498142.7513897,42.228478,-1.2340234,500.08,0.007,LAND,0,10,0,,0,0,0
1785498143.2532294,42.228478,-1.2340234,500.08,0.007,LAND,0,10,0,,0,0,0
1785498143.7545419,42.228478,-1.2340234,500.08,0.007,LAND,0,10,0,,0,0,0
1785498144.2574677,42.228478,-1.2340234,500.08,0.007,LAND,0,10,0,,0,0,0
1785498144.7594523,42.228478,-1.2340234,500.08,0.007,LAND,0,10,0,,0,0,0
1785498145.2617137,42.228478,-1.2340234,500.08,0.007,LAND,0,10,0,,0,0,0
1785498145.7636545,42.228478,-1.2340234,500.08,0.007,LAND,0,10,0,,0,0,0
1785498146.2658362,42.228478,-1.2340234,500.08,0.007,LAND,0,10,0,,0,0,0
1785498146.7678523,42.228478,-1.2340234,500.08,0.007,LAND,0,10,0,,0,0,0
1785498147.2699835,42.228478,-1.2340234,500.08,0.007,LAND,0,10,0,,0,0,0
1785498147.771516,42.228478,-1.2340234,500.08,0.007,LAND,0,10,0,,0,0,0
1785498148.2750838,42.228478,-1.2340234,500.08,0.007,LAND,0,10,0,,0,0,0
1785498148.7772248,42.228478,-1.2340234,500.08,0.007,LAND,0,10,0,,0,0,0
1785498149.2791114,42.228478,-1.2340234,500.08,0.007,LAND,0,10,0,,0,0,0
1785498149.7988667,42.228478,-1.2340234,500.08,0.007,LAND,0,10,0,,0,0,0
1785498150.30193,42.228478,-1.2340234,500.08,0.006,LAND,0,10,0,,0,0,0
1785498150.803961,42.228478,-1.2340234,500.08,0.006,LAND,0,10,0,,0,0,0
1785498151.3056314,42.228478,-1.2340234,500.08,0.006,LAND,0,10,0,,0,0,0
1785498151.8079605,42.228478,-1.2340234,500.08,0.006,LAND,0,10,0,,0,0,0
1785498152.3105412,42.228478,-1.2340234,500.08,0.006,LAND,0,10,0,,0,0,0
1785498152.8124106,42.228478,-1.2340234,500.08,0.006,LAND,0,10,0,,0,0,0
1785498153.3147743,42.228478,-1.2340234,500.08,0.006,LAND,0,10,0,,0,0,0
1785498153.8168395,42.228478,-1.2340234,500.08,0.007,LAND,0,10,0,,0,0,0
1785498154.319242,42.228478,-1.2340234,500.08,0.007,LAND,0,10,0,,0,0,0
1785498154.8217967,42.228478,-1.2340234,500.08,0.007,LAND,0,10,0,,0,0,0
1785498155.3239963,42.228478,-1.2340234,500.08,0.007,LAND,0,10,0,,0,0,0
1785498155.826154,42.228478,-1.2340234,500.08,0.007,LAND,0,10,0,,0,0,0
1785498156.3290548,42.228478,-1.2340234,500.08,0.007,LAND,0,10,0,,0,0,0
1785498156.831263,42.228478,-1.2340234,500.08,0.007,LAND,0,10,0,,0,0,0
1785498157.3334925,42.228478,-1.2340234,500.08,0.007,LAND,0,10,0,,0,0,0
1785498157.834736,42.228478,-1.2340234,500.08,0.007,LAND,0,10,0,,0,0,0
1785498158.3363945,42.228478,-1.2340234,500.08,0.007,LAND,0,10,0,,0,0,0
1785498158.8389838,42.228478,-1.2340234,500.08,0.007,LAND,0,10,0,,0,0,0
1785498159.3416064,42.228478,-1.2340234,500.08,0.007,LAND,0,10,0,,0,0,0
1785498159.843717,42.228478,-1.2340234,500.08,0.007,LAND,0,10,0,,0,0,0
1785498160.3456886,42.228478,-1.2340234,500.08,0.007,LAND,0,10,0,,0,0,0
1785498160.8472035,42.228478,-1.2340234,500.08,0.007,LAND,0,10,0,,0,0,0
1785498161.3501372,42.228478,-1.2340234,500.08,0.007,LAND,0,10,0,,0,0,0
1785498161.8526328,42.228478,-1.2340234,500.08,0.007,LAND,0,10,0,,0,0,0
1785498162.3548567,42.228478,-1.2340234,500.08,0.007,LAND,0,10,0,,0,0,0
1785498162.8566146,42.228478,-1.2340234,500.08,0.007,LAND,0,10,0,,0,0,0
1785498163.359021,42.228478,-1.2340234,500.08,0.007,LAND,0,10,0,,0,0,0
1785498163.8611693,42.228478,-1.2340234,500.08,0.007,LAND,0,10,0,,0,0,0
1785498164.363845,42.228478,-1.2340234,500.08,0.007,LAND,0,10,0,,0,0,0
1785498164.866527,42.228478,-1.2340234,500.08,0.007,LAND,0,10,0,,0,0,0
1785498165.3687341,42.228478,-1.2340234,500.08,0.007,LAND,0,10,0,,0,0,0
1785498165.8711278,42.228478,-1.2340234,500.08,0.007,LAND,0,10,0,,0,0,0
1785498166.373768,42.228478,-1.2340234,500.08,0.007,LAND,0,10,0,,0,0,0
1785498166.8763368,42.228478,-1.2340234,500.08,0.007,LAND,0,10,0,,0,0,0
1785498167.3783157,42.228478,-1.2340234,500.08,0.007,LAND,0,10,0,,0,0,0
1785498167.88033,42.228478,-1.2340234,500.08,0.007,LAND,0,10,0,,0,0,0
1785498168.3833258,42.228478,-1.2340234,500.08,0.007,LAND,0,10,0,,0,0,0
1785498168.8859622,42.228478,-1.2340234,500.08,0.007,LAND,0,10,0,,0,0,0
1785498169.387527,42.228478,-1.2340234,500.08,0.007,LAND,0,10,0,,0,0,0
1785498169.8901029,42.228478,-1.2340234,500.08,0.007,LAND,0,10,0,,0,0,0
1785498170.3921883,42.228478,-1.2340234,500.08,0.007,LAND,0,10,0,,0,0,0
1785498170.894194,42.228478,-1.2340234,500.08,0.007,LAND,0,10,0,,0,0,0
1785498171.396784,42.228478,-1.2340234,500.08,0.007,LAND,0,10,0,,0,0,0
1785498171.8994455,42.228478,-1.2340234,500.08,0.007,LAND,0,10,0,,0,0,0
1785498172.4020405,42.228478,-1.2340234,500.08,0.007,LAND,0,10,0,,0,0,0
1785498172.9045537,42.228478,-1.2340234,500.08,0.007,LAND,0,10,0,,0,0,0
1785498173.407311,42.228478,-1.2340234,500.08,0.007,LAND,0,10,0,,0,0,0
1785498173.909249,42.228478,-1.2340234,500.08,0.007,LAND,0,10,0,,0,0,0
1785498174.4116085,42.228478,-1.2340234,500.08,0.007,LAND,0,10,0,,0,0,0
1785498174.9135134,42.228478,-1.2340234,500.08,0.007,LAND,0,10,0,,0,0,0
1785498175.4160829,42.228478,-1.2340234,500.08,0.007,LAND,0,10,0,,0,0,0
1785498175.9183342,42.228478,-1.2340234,500.08,0.007,LAND,0,10,0,,0,0,0
1785498176.4201593,42.228478,-1.2340234,500.08,0.007,LAND,0,10,0,,0,0,0
1785498176.9218783,42.228478,-1.2340234,500.08,0.007,LAND,0,10,0,,0,0,0
1785498177.4248316,42.228478,-1.2340234,500.08,0.007,LAND,0,10,0,,0,0,0
1785498177.92704,42.228478,-1.2340234,500.08,0.007,LAND,0,10,0,,0,0,0
1785498178.4293566,42.228478,-1.2340234,500.08,0.007,LAND,0,10,0,,0,0,0
1785498178.9320462,42.228478,-1.2340234,500.08,0.007,LAND,0,10,0,,0,0,0
1785498179.4345734,42.228478,-1.2340234,500.08,0.007,LAND,0,10,0,,0,0,0
1785498179.936314,42.228478,-1.2340234,500.08,0.007,LAND,0,10,0,,0,0,0
1785498180.4380527,42.228478,-1.2340234,500.08,0.007,LAND,0,10,0,,0,0,0
1785498180.939897,42.228478,-1.2340234,500.08,0.007,LAND,0,10,0,,0,0,0
1785498181.441718,42.228478,-1.2340234,500.08,0.007,LAND,0,10,0,,0,0,0
1785498181.9441504,42.228478,-1.2340234,500.08,0.007,LAND,0,10,0,,0,0,0
1785498182.4467394,42.228478,-1.2340234,500.08,0.007,LAND,0,10,0,,0,0,0
1785498182.9486284,42.228478,-1.2340234,500.08,0.007,LAND,0,10,0,,0,0,0
1785498183.4508536,42.228478,-1.2340234,500.08,0.007,LAND,0,10,0,,0,0,0
1785498183.9536214,42.228478,-1.2340234,500.08,0.007,LAND,0,10,0,,0,0,0
1785498184.4563172,42.228478,-1.2340234,500.08,0.007,LAND,0,10,0,,0,0,0
1785498184.958451,42.228478,-1.2340234,500.08,0.007,LAND,0,10,0,,0,0,0
1785498185.4608579,42.228478,-1.2340234,500.08,0.007,LAND,0,10,0,,0,0,0
1785498185.974922,42.228478,-1.2340234,500.08,0.007,LAND,0,10,0,,0,0,0
1785498186.477503,42.228478,-1.2340234,500.08,0.007,LAND,0,10,0,,0,0,0
1785498186.9804723,42.228478,-1.2340234,500.08,0.007,LAND,0,10,0,,0,0,0
1785498187.4829037,42.228478,-1.2340234,500.08,0.007,LAND,0,10,0,,0,0,0
1785498187.9857895,42.228478,-1.2340234,500.08,0.007,LAND,0,10,0,,0,0,0
1785498188.4883418,42.228478,-1.2340234,500.08,0.007,LAND,0,10,0,,0,0,0
1785498188.9899492,42.228478,-1.2340234,500.08,0.007,LAND,0,10,0,,0,0,0
1785498189.4934077,42.228478,-1.2340234,500.08,0.007,LAND,0,10,0,,0,0,0
1785498189.9957783,42.228478,-1.2340234,500.08,0.007,LAND,0,10,0,,0,0,0
1785498190.497558,42.228478,-1.2340234,500.08,0.007,LAND,0,10,0,,0,0,0
1785498191.0004182,42.228478,-1.2340234,500.08,0.007,LAND,0,10,0,,0,0,0
1785498191.5025926,42.228478,-1.2340234,500.08,0.007,LAND,0,10,0,,0,0,0
1785498192.0050642,42.228478,-1.2340234,500.08,0.007,LAND,0,10,0,,0,0,0
1785498192.5073633,42.228478,-1.2340234,500.08,0.007,LAND,0,10,0,,0,0,0
1785498193.0104501,42.228478,-1.2340234,500.08,0.007,LAND,0,10,0,,0,0,0
1785498193.5127697,42.228478,-1.2340234,500.08,0.007,LAND,0,10,0,,0,0,0
1785498194.0155392,42.228478,-1.2340234,500.08,0.007,LAND,0,10,0,,0,0,0
1785498194.5177438,42.228478,-1.2340234,500.08,0.007,LAND,0,10,0,,0,0,0
1785498195.0201359,42.228478,-1.2340234,500.08,0.007,LAND,0,10,0,,0,0,0
1785498195.5225575,42.228478,-1.2340234,500.08,0.007,LAND,0,10,0,,0,0,0
1785498196.02478,42.228478,-1.2340234,500.08,0.007,LAND,0,10,0,,0,0,0
1785498196.5270066,42.228478,-1.2340234,500.08,0.007,LAND,0,10,0,,0,0,0
1785498197.0293362,42.228478,-1.2340234,500.08,0.007,LAND,0,10,0,,0,0,0
1785498197.531199,42.228478,-1.2340234,500.08,0.007,LAND,0,10,0,,0,0,0
1785498198.0335054,42.228478,-1.2340234,500.08,0.007,LAND,0,10,0,,0,0,0
1785498198.5359445,42.228478,-1.2340234,500.08,0.007,LAND,0,10,0,,0,0,0
1785498199.037892,42.228478,-1.2340234,500.08,0.007,LAND,0,10,0,,0,0,0
1785498199.5405078,42.228478,-1.2340234,500.08,0.007,LAND,0,10,0,,0,0,0
1785498200.0425584,42.228478,-1.2340234,500.08,0.007,LAND,0,10,0,,0,0,0
1785498200.5444665,42.228478,-1.2340234,500.08,0.007,LAND,0,10,0,,0,0,0
1785498201.0464604,42.228478,-1.2340234,500.08,0.007,LAND,0,10,0,,0,0,0
1785498201.5491798,42.228478,-1.2340234,500.08,0.007,LAND,0,10,0,,0,0,0
1785498202.05131,42.228478,-1.2340234,500.08,0.007,LAND,0,10,0,,0,0,0
1785498202.553666,42.228478,-1.2340234,500.08,0.007,LAND,0,10,0,,0,0,0
1785498203.0557723,42.228478,-1.2340234,500.08,0.007,LAND,0,10,0,,0,0,0
1785498203.5585501,42.228478,-1.2340234,500.08,0.007,LAND,0,10,0,,0,0,0
1785498204.062073,42.228478,-1.2340234,500.08,0.007,LAND,0,10,0,,0,0,0
1785498204.564504,42.228478,-1.2340234,500.08,0.007,LAND,0,10,0,,0,0,0
1785498205.067161,42.228478,-1.2340234,500.08,0.007,LAND,0,10,0,,0,0,0
1785498205.5697105,42.228478,-1.2340234,500.08,0.007,LAND,0,10,0,,0,0,0
1785498206.0723996,42.228478,-1.2340234,500.08,0.007,LAND,0,10,0,,0,0,0
1785498206.5743814,42.228478,-1.2340234,500.08,0.007,LAND,0,10,0,,0,0,0
1785498207.076773,42.228478,-1.2340234,500.08,0.007,LAND,0,10,0,,0,0,0
1785498207.5790222,42.228478,-1.2340234,500.08,0.007,LAND,0,10,0,,0,0,0
1785498208.081834,42.228478,-1.2340234,500.08,0.007,LAND,0,10,0,,0,0,0
1785498208.584167,42.228478,-1.2340234,500.08,0.007,LAND,0,10,0,,0,0,0
1785498209.0862336,42.228478,-1.2340234,500.08,0.007,LAND,0,10,0,,0,0,0
1785498209.588319,42.228478,-1.2340234,500.08,0.007,LAND,0,10,0,,0,0,0
1785498210.0908802,42.228478,-1.2340234,500.08,0.007,LAND,0,10,0,,0,0,0
1785498210.593378,42.228478,-1.2340234,500.08,0.007,LAND,0,10,0,,0,0,0
1785498211.0960274,42.228478,-1.2340234,500.08,0.007,LAND,0,10,0,,0,0,0
1785498211.598627,42.228478,-1.2340234,500.08,0.007,LAND,0,10,0,,0,0,0
1785498212.1011038,42.228478,-1.2340234,500.08,0.007,LAND,0,10,0,,0,0,0
1785498212.6034331,42.228478,-1.2340234,500.08,0.007,LAND,0,10,0,,0,0,0
1785498213.1054604,42.228478,-1.2340234,500.08,0.007,LAND,0,10,0,,0,0,0
1785498213.608022,42.228478,-1.2340234,500.08,0.007,LAND,0,10,0,,0,0,0
1785498214.1103694,42.228478,-1.2340234,500.08,0.007,LAND,0,10,0,,0,0,0
1785498214.6126544,42.228478,-1.2340234,500.08,0.007,LAND,0,10,0,,0,0,0
1785498215.114628,42.228478,-1.2340234,500.08,0.007,LAND,0,10,0,,0,0,0
1785498215.616342,42.228478,-1.2340234,500.08,0.007,LAND,0,10,0,,0,0,0
1785498216.1189077,42.228478,-1.2340234,500.08,0.007,LAND,0,10,0,,0,0,0
1785498216.6210954,42.228478,-1.2340234,500.08,0.006,LAND,0,10,0,,0,0,0
1785498217.12379,42.228478,-1.2340234,500.08,0.006,LAND,0,10,0,,0,0,0
1785498217.6261585,42.228478,-1.2340234,500.08,0.006,LAND,0,10,0,,0,0,0
1785498218.1281338,42.228478,-1.2340234,500.08,0.006,LAND,0,10,0,,0,0,0
1785498218.630482,42.228478,-1.2340234,500.08,0.006,LAND,0,10,0,,0,0,0
1785498219.132841,42.228478,-1.2340234,500.08,0.006,LAND,0,10,0,,0,0,0
1785498219.6349852,42.228478,-1.2340234,500.08,0.006,LAND,0,10,0,,0,0,0
1785498220.1381307,42.228478,-1.2340234,500.08,0.006,LAND,0,10,0,,0,0,0
1785498220.6407623,42.228478,-1.2340234,500.08,0.006,LAND,0,10,0,,0,0,0
1785498221.142578,42.228478,-1.2340234,500.08,0.006,LAND,0,10,0,,0,0,0
1785498221.6446426,42.228478,-1.2340234,500.08,0.006,LAND,0,10,0,,0,0,0
1785498222.146553,42.228478,-1.2340234,500.08,0.006,LAND,0,10,0,,0,0,0
1785498222.6490417,42.228478,-1.2340234,500.08,0.006,LAND,0,10,0,,0,0,0
1785498223.151221,42.228478,-1.2340234,500.08,0.006,LAND,0,10,0,,0,0,0
1785498223.6533656,42.228478,-1.2340234,500.08,0.007,LAND,0,10,0,,0,0,0
1785498224.1557794,42.228478,-1.2340234,500.08,0.007,LAND,0,10,0,,0,0,0
1785498224.6581225,42.228478,-1.2340234,500.08,0.007,LAND,0,10,0,,0,0,0
1785498225.1599622,42.228478,-1.2340234,500.08,0.007,LAND,0,10,0,,0,0,0
1785498225.6621356,42.228478,-1.2340234,500.08,0.007,LAND,0,10,0,,0,0,0
1785498226.164446,42.228478,-1.2340234,500.08,0.007,LAND,0,10,0,,0,0,0
1785498226.6670964,42.228478,-1.2340234,500.08,0.007,LAND,0,10,0,,0,0,0
1785498227.1694355,42.228478,-1.2340234,500.08,0.007,LAND,0,10,0,,0,0,0
1785498227.6719782,42.228478,-1.2340234,500.08,0.007,LAND,0,10,0,,0,0,0
1785498228.1742249,42.228478,-1.2340234,500.08,0.007,LAND,0,10,0,,0,0,0
1785498228.676579,42.228478,-1.2340234,500.08,0.007,LAND,0,10,0,,0,0,0
1785498229.1790998,42.228478,-1.2340234,500.08,0.007,LAND,0,10,0,,0,0,0
1785498229.6816292,42.228478,-1.2340234,500.08,0.007,LAND,0,10,0,,0,0,0
1785498230.1838093,42.228478,-1.2340234,500.08,0.007,LAND,0,10,0,,0,0,0
1785498230.686153,42.228478,-1.2340234,500.08,0.007,LAND,0,10,0,,0,0,0
1785498231.1884875,42.228478,-1.2340234,500.08,0.007,LAND,0,10,0,,0,0,0
1785498231.6907327,42.228478,-1.2340234,500.08,0.007,LAND,0,10,0,,0,0,0
1785498232.1932864,42.228478,-1.2340234,500.08,0.007,LAND,0,10,0,,0,0,0
1785498232.6961305,42.228478,-1.2340234,500.08,0.007,LAND,0,10,0,,0,0,0
1785498233.1980958,42.228478,-1.2340234,500.08,0.007,LAND,0,10,0,,0,0,0
1785498233.700495,42.228478,-1.2340234,500.08,0.007,LAND,0,10,0,,0,0,0
1785498234.2027805,42.228478,-1.2340234,500.08,0.007,LAND,0,10,0,,0,0,0
1785498234.7055025,42.228478,-1.2340234,500.08,0.007,LAND,0,10,0,,0,0,0
1785498235.2074952,42.228478,-1.2340234,500.08,0.007,LAND,0,10,0,,0,0,0
1785498235.709638,42.228478,-1.2340234,500.08,0.007,LAND,0,10,0,,0,0,0
1785498236.2119842,42.228478,-1.2340234,500.08,0.007,LAND,0,10,0,,0,0,0
1785498236.7143826,42.228478,-1.2340234,500.08,0.007,LAND,0,10,0,,0,0,0
1785498237.2166216,42.228478,-1.2340234,500.08,0.007,LAND,0,10,0,,0,0,0
1785498237.719452,42.228478,-1.2340234,500.08,0.007,LAND,0,10,0,,0,0,0
1785498238.2220037,42.228478,-1.2340234,500.08,0.007,LAND,0,10,0,,0,0,0
1785498238.724499,42.228478,-1.2340234,500.08,0.007,LAND,0,10,0,,0,0,0
1785498239.2266245,42.228478,-1.2340234,500.08,0.007,LAND,0,10,0,,0,0,0
1785498239.7292397,42.228478,-1.2340234,500.08,0.007,LAND,0,10,0,,0,0,0
1785498240.2310793,42.228478,-1.2340234,500.08,0.007,LAND,0,10,0,,0,0,0
1785498240.7338424,42.228478,-1.2340234,500.08,0.007,LAND,0,10,0,,0,0,0
1785498241.2360396,42.228478,-1.2340234,500.08,0.007,LAND,0,10,0,,0,0,0
1785498241.7381039,42.228478,-1.2340234,500.08,0.007,LAND,0,10,0,,0,0,0
1785498242.2410073,42.228478,-1.2340234,500.08,0.007,LAND,0,10,0,,0,0,0
1785498242.742869,42.228478,-1.2340234,500.08,0.007,LAND,0,10,0,,0,0,0
1785498243.245101,42.228478,-1.2340234,500.08,0.007,LAND,0,10,0,,0,0,0
1785498243.7474885,42.228478,-1.2340234,500.08,0.007,LAND,0,10,0,,0,0,0
1785498244.249799,42.228478,-1.2340234,500.08,0.007,LAND,0,10,0,,0,0,0
1785498244.7518198,42.228478,-1.2340234,500.08,0.007,LAND,0,10,0,,0,0,0
1785498245.2545278,42.228478,-1.2340234,500.08,0.007,LAND,0,10,0,,0,0,0
1785498245.7569718,42.228478,-1.2340234,500.08,0.007,LAND,0,10,0,,0,0,0
1785498246.2593172,42.228478,-1.2340234,500.08,0.007,LAND,0,10,0,,0,0,0
1785498246.7615607,42.228478,-1.2340234,500.08,0.007,LAND,0,10,0,,0,0,0
1785498247.264063,42.228478,-1.2340234,500.08,0.007,LAND,0,10,0,,0,0,0
1785498247.767151,42.228478,-1.2340234,500.08,0.007,LAND,0,10,0,,0,0,0
1785498248.2696142,42.228478,-1.2340234,500.08,0.007,LAND,0,10,0,,0,0,0
1785498248.7720425,42.228478,-1.2340234,500.08,0.007,LAND,0,10,0,,0,0,0
1785498249.2746077,42.228478,-1.2340234,500.08,0.007,LAND,0,10,0,,0,0,0
1785498249.7768817,42.228478,-1.2340234,500.08,0.007,LAND,0,10,0,,0,0,0
1785498250.2794182,42.228478,-1.2340234,500.08,0.007,LAND,0,10,0,,0,0,0
1785498250.7819023,42.228478,-1.2340234,500.08,0.007,LAND,0,10,0,,0,0,0
1785498251.2840314,42.228478,-1.2340234,500.08,0.007,LAND,0,10,0,,0,0,0
1785498251.7863977,42.228478,-1.2340234,500.08,0.007,LAND,0,10,0,,0,0,0
1785498252.28896,42.228478,-1.2340234,500.08,0.007,LAND,0,10,0,,0,0,0
1785498252.7914805,42.228478,-1.2340234,500.08,0.007,LAND,0,10,0,,0,0,0
1785498253.2935674,42.228478,-1.2340234,500.08,0.007,LAND,0,10,0,,0,0,0
1785498253.7959087,42.228478,-1.2340234,500.08,0.007,LAND,0,10,0,,0,0,0
1785498254.2981405,42.228478,-1.2340234,500.08,0.007,LAND,0,10,0,,0,0,0
1785498254.8005838,42.228478,-1.2340234,500.08,0.007,LAND,0,10,0,,0,0,0
1785498255.3028731,42.228478,-1.2340234,500.08,0.007,LAND,0,10,0,,0,0,0
1785498255.805092,42.228478,-1.2340234,500.08,0.007,LAND,0,10,0,,0,0,0
1785498256.3078108,42.228478,-1.2340234,500.08,0.007,LAND,0,10,0,,0,0,0
1785498256.8109596,42.228478,-1.2340234,500.08,0.007,LAND,0,10,0,,0,0,0
1785498257.3132288,42.228478,-1.2340234,500.08,0.007,LAND,0,10,0,,0,0,0
1785498257.8155634,42.228478,-1.2340234,500.08,0.007,LAND,0,10,0,,0,0,0
1785498258.3182802,42.228478,-1.2340234,500.08,0.007,LAND,0,10,0,,0,0,0
1785498258.8207977,42.228478,-1.2340234,500.08,0.007,LAND,0,10,0,,0,0,0
1785498259.3232796,42.228478,-1.2340234,500.08,0.007,LAND,0,10,0,,0,0,0
1785498259.8256648,42.228478,-1.2340234,500.08,0.007,LAND,0,10,0,,0,0,0
1785498260.3278725,42.228478,-1.2340234,500.08,0.007,LAND,0,10,0,,0,0,0
1785498260.8303452,42.228478,-1.2340234,500.08,0.007,LAND,0,10,0,,0,0,0
1785498261.3327491,42.228478,-1.2340234,500.08,0.007,LAND,0,10,0,,0,0,0
1785498261.8351452,42.228478,-1.2340234,500.08,0.007,LAND,0,10,0,,0,0,0
1785498262.3376074,42.228478,-1.2340234,500.08,0.007,LAND,0,10,0,,0,0,0
1785498262.8403835,42.228478,-1.2340234,500.08,0.007,LAND,0,10,0,,0,0,0
1785498263.342553,42.228478,-1.2340234,500.08,0.007,LAND,0,10,0,,0,0,0
1785498263.8448687,42.228478,-1.2340234,500.08,0.007,LAND,0,10,0,,0,0,0
1785498264.3477104,42.228478,-1.2340234,500.08,0.007,LAND,0,10,0,,0,0,0
1785498264.8503017,42.228478,-1.2340234,500.08,0.007,LAND,0,10,0,,0,0,0
1785498265.3525057,42.228478,-1.2340234,500.08,0.007,LAND,0,10,0,,0,0,0
1785498265.8552773,42.228478,-1.2340234,500.08,0.007,LAND,0,10,0,,0,0,0
1785498266.3572872,42.228478,-1.2340234,500.08,0.007,LAND,0,10,0,,0,0,0
1785498266.859701,42.228478,-1.2340234,500.08,0.007,LAND,0,10,0,,0,0,0
1785498267.3619812,42.228478,-1.2340234,500.08,0.007,LAND,0,10,0,,0,0,0
1785498267.8645945,42.228478,-1.2340234,500.08,0.007,LAND,0,10,0,,0,0,0
1785498268.3665967,42.228478,-1.2340234,500.08,0.007,LAND,0,10,0,,0,0,0
1785498268.8694046,42.228478,-1.2340233,500.08,0.007,LAND,0,10,0,,0,0,0
1785498269.3718295,42.228478,-1.2340233,500.08,0.007,LAND,0,10,0,,0,0,0
1785498269.8743908,42.228478,-1.2340233,500.08,0.007,LAND,0,10,0,,0,0,0
1785498270.3766696,42.228478,-1.2340233,500.08,0.007,LAND,0,10,0,,0,0,0
1785498270.8792868,42.228478,-1.2340233,500.08,0.007,LAND,0,10,0,,0,0,0
1785498271.3820503,42.228478,-1.2340233,500.08,0.007,LAND,0,10,0,,0,0,0
1785498271.8847475,42.228478,-1.2340233,500.08,0.007,LAND,0,10,0,,0,0,0
1785498272.3874788,42.228478,-1.2340233,500.08,0.007,LAND,0,10,0,,0,0,0
1785498272.8900895,42.228478,-1.2340233,500.08,0.007,LAND,0,10,0,,0,0,0
1785498273.3925562,42.228478,-1.2340232,500.08,0.007,LAND,0,10,0,,0,0,0
1785498273.8951988,42.228478,-1.2340232,500.08,0.007,LAND,0,10,0,,0,0,0
1785498274.3972976,42.228478,-1.2340232,500.08,0.007,LAND,0,10,0,,0,0,0
1785498274.8996422,42.228478,-1.2340232,500.08,0.007,LAND,0,10,0,,0,0,0
1785498275.4016206,42.228478,-1.2340232,500.08,0.007,LAND,0,10,0,,0,0,0
1785498275.903754,42.228478,-1.2340232,500.08,0.007,LAND,0,10,0,,0,0,0
1785498276.4060144,42.228478,-1.2340232,500.08,0.007,LAND,0,10,0,,0,0,0
1785498276.9083753,42.228478,-1.2340232,500.08,0.007,LAND,0,10,0,,0,0,0
1785498277.4108064,42.228478,-1.2340232,500.08,0.007,LAND,0,10,0,,0,0,0
1785498277.9131815,42.228478,-1.2340232,500.08,0.007,LAND,0,10,0,,0,0,0
1785498278.4155703,42.228478,-1.2340232,500.08,0.007,LAND,0,10,0,,0,0,0
1785498278.9179506,42.228478,-1.2340232,500.08,0.007,LAND,0,10,0,,0,0,0
1785498279.420856,42.228478,-1.2340232,500.08,0.007,LAND,0,10,0,,0,0,0
1785498279.9228885,42.228478,-1.2340232,500.08,0.007,LAND,0,10,0,,0,0,0
1785498280.4251423,42.228478,-1.2340232,500.08,0.007,LAND,0,10,0,,0,0,0
1785498280.92764,42.228478,-1.2340231,500.08,0.007,LAND,0,10,0,,0,0,0
1785498281.4298954,42.228478,-1.2340231,500.08,0.007,LAND,0,10,0,,0,0,0
1785498281.9323113,42.228478,-1.2340231,500.08,0.007,LAND,0,10,0,,0,0,0
1785498282.4344404,42.228478,-1.2340231,500.08,0.007,LAND,0,10,0,,0,0,0
1785498282.9368355,42.228478,-1.2340231,500.08,0.007,LAND,0,10,0,,0,0,0
1785498283.4389749,42.228478,-1.2340231,500.08,0.007,LAND,0,10,0,,0,0,0
1785498283.9412053,42.228478,-1.2340231,500.08,0.007,LAND,0,10,0,,0,0,0
1785498284.4432778,42.228478,-1.2340231,500.08,0.007,LAND,0,10,0,,0,0,0
1785498284.945414,42.228478,-1.2340231,500.08,0.007,LAND,0,10,0,,0,0,0
1785498285.4479816,42.228478,-1.2340231,500.08,0.007,LAND,0,10,0,,0,0,0
1785498285.9510949,42.228478,-1.2340231,500.08,0.007,LAND,0,10,0,,0,0,0
1785498286.4538474,42.228478,-1.2340231,500.08,0.007,LAND,0,10,0,,0,0,0
1785498286.9572382,42.228478,-1.2340231,500.08,0.007,LAND,0,10,0,,0,0,0
1785498287.460182,42.228478,-1.2340231,500.08,0.007,LAND,0,10,0,,0,0,0
1785498287.9626465,42.228478,-1.2340231,500.08,0.007,LAND,0,10,0,,0,0,0
1785498288.465192,42.228478,-1.2340231,500.08,0.007,LAND,0,10,0,,0,0,0
1785498288.9679203,42.228478,-1.2340231,500.08,0.007,LAND,0,10,0,,0,0,0
1785498289.4709277,42.228478,-1.2340231,500.08,0.007,LAND,0,10,0,,0,0,0
1785498289.9733965,42.228478,-1.2340231,500.08,0.007,LAND,0,10,0,,0,0,0
1785498290.4758856,42.228478,-1.2340231,500.08,0.007,LAND,0,10,0,,0,0,0
1785498290.9784658,42.228478,-1.2340231,500.08,0.007,LAND,0,10,0,,0,0,0
1785498291.480587,42.228478,-1.2340231,500.08,0.007,LAND,0,10,0,,0,0,0
1785498291.9826796,42.228478,-1.2340231,500.08,0.007,LAND,0,10,0,,0,0,0
1785498292.4851723,42.228478,-1.2340231,500.08,0.007,LAND,0,10,0,,0,0,0
1785498292.987508,42.228478,-1.2340231,500.08,0.007,LAND,0,10,0,,0,0,0
1785498293.489888,42.228478,-1.2340231,500.08,0.007,LAND,0,10,0,,0,0,0
1785498293.9925096,42.228478,-1.2340231,500.08,0.007,LAND,0,10,0,,0,0,0
1785498294.4945412,42.228478,-1.2340231,500.08,0.007,LAND,0,10,0,,0,0,0
1785498294.997518,42.228478,-1.2340231,500.08,0.007,LAND,0,10,0,,0,0,0
1785498295.4994233,42.228478,-1.2340231,500.08,0.007,LAND,0,10,0,,0,0,0
1785498296.0017865,42.228478,-1.2340231,500.08,0.007,LAND,0,10,0,,0,0,0
1785498296.503909,42.228478,-1.2340231,500.08,0.007,LAND,0,10,0,,0,0,0
1785498297.0062501,42.228478,-1.2340231,500.08,0.007,LAND,0,10,0,,0,0,0
1785498297.5088124,42.228478,-1.2340231,500.08,0.007,LAND,0,10,0,,0,0,0
1785498298.0112119,42.228478,-1.2340231,500.08,0.007,LAND,0,10,0,,0,0,0
1785498298.5138168,42.228478,-1.2340231,500.08,0.007,LAND,0,10,0,,0,0,0
1785498299.0165284,42.228478,-1.2340231,500.08,0.007,LAND,0,10,0,,0,0,0
1785498299.5187142,42.228478,-1.2340231,500.08,0.007,LAND,0,10,0,,0,0,0
1785498300.021103,42.228478,-1.234023,500.08,0.007,LAND,0,10,0,,0,0,0
1785498300.5232131,42.228478,-1.234023,500.08,0.007,LAND,0,10,0,,0,0,0
1785498301.0258095,42.228478,-1.234023,500.08,0.007,LAND,0,10,0,,0,0,0
1785498301.5285258,42.228478,-1.234023,500.08,0.007,LAND,0,10,0,,0,0,0
1785498302.0313401,42.228478,-1.234023,500.08,0.007,LAND,0,10,0,,0,0,0
1785498302.5336728,42.228478,-1.234023,500.08,0.007,LAND,0,10,0,,0,0,0
1785498303.0366218,42.228478,-1.234023,500.08,0.007,LAND,0,10,0,,0,0,0
1785498303.5394788,42.228478,-1.234023,500.08,0.007,LAND,0,10,0,,0,0,0
1785498304.0424047,42.228478,-1.234023,500.08,0.007,LAND,0,10,0,,0,0,0
1785498304.5449202,42.228478,-1.234023,500.08,0.007,LAND,0,10,0,,0,0,0
1785498305.0473127,42.228478,-1.234023,500.08,0.007,LAND,0,10,0,,0,0,0
1785498305.549887,42.228478,-1.234023,500.08,0.007,LAND,0,10,0,,0,0,0
1785498306.0524192,42.228478,-1.234023,500.08,0.007,LAND,0,10,0,,0,0,0
1785498306.5546923,42.228478,-1.234023,500.08,0.007,LAND,0,10,0,,0,0,0
1785498307.056901,42.228478,-1.234023,500.08,0.007,LAND,0,10,0,,0,0,0
1785498307.559228,42.228478,-1.234023,500.08,0.007,LAND,0,10,0,,0,0,0
1785498308.0615628,42.228478,-1.234023,500.08,0.007,LAND,0,10,0,,0,0,0
1785498308.5638742,42.228478,-1.234023,500.08,0.007,LAND,0,10,0,,0,0,0
1785498309.0664654,42.228478,-1.234023,500.08,0.007,LAND,0,10,0,,0,0,0
1785498309.5689082,42.228478,-1.234023,500.08,0.007,LAND,0,10,0,,0,0,0
1785498310.071763,42.228478,-1.234023,500.08,0.007,LAND,0,10,0,,0,0,0
1785498310.574097,42.228478,-1.234023,500.08,0.007,LAND,0,10,0,,0,0,0
1785498311.076611,42.228478,-1.234023,500.08,0.007,LAND,0,10,0,,0,0,0
1785498311.5788817,42.228478,-1.234023,500.08,0.007,LAND,0,10,0,,0,0,0
1785498312.0812128,42.228478,-1.234023,500.08,0.007,LAND,0,10,0,,0,0,0
1785498312.5831168,42.228478,-1.234023,500.08,0.007,LAND,0,10,0,,0,0,0
1785498313.0857382,42.228478,-1.234023,500.08,0.007,LAND,0,10,0,,0,0,0
1785498313.5884738,42.228478,-1.234023,500.08,0.007,LAND,0,10,0,,0,0,0
1785498314.0913062,42.228478,-1.234023,500.08,0.007,LAND,0,10,0,,0,0,0
1785498314.5936632,42.228478,-1.234023,500.08,0.007,LAND,0,10,0,,0,0,0
1785498315.0962908,42.228478,-1.234023,500.08,0.007,LAND,0,10,0,,0,0,0
1785498315.5991883,42.228478,-1.234023,500.08,0.007,LAND,0,10,0,,0,0,0
1785498316.1019733,42.228478,-1.234023,500.08,0.007,LAND,0,10,0,,0,0,0
1785498316.6044955,42.228478,-1.234023,500.08,0.007,LAND,0,10,0,,0,0,0
1785498317.1073277,42.228478,-1.234023,500.08,0.007,LAND,0,10,0,,0,0,0
1785498317.609486,42.228478,-1.234023,500.08,0.007,LAND,0,10,0,,0,0,0
