ts,lat,lon,alt_msl,rel_alt,mode,armed,wp_idx,obs_count,nearest_obs_dist_m,evasion_active,evasion_path_len,evasion_path_idx
1785496720.4554112,42.229695,-1.235085,500.1,-0.013,STABILIZE,0,1,0,,0,0,0
1785496720.9583173,42.229695,-1.235085,500.08,-0.013,GUIDED,0,1,0,,0,0,0
1785496721.4604306,42.229695,-1.235085,500.08,-0.013,GUIDED,0,1,0,,0,0,0
1785496721.9630342,42.229695,-1.235085,500.08,-0.012,GUIDED,0,1,0,,0,0,0
1785496722.464906,42.229695,-1.235085,500.08,-0.012,GUIDED,0,1,0,,0,0,0
1785496722.967222,42.229695,-1.2350851,500.08,-0.012,GUIDED,0,1,0,,0,0,0
1785496723.469611,42.229695,-1.2350851,500.08,-0.012,GUIDED,0,1,0,,0,0,0
1785496723.9718018,42.229695,-1.2350851,500.08,-0.012,GUIDED,0,1,0,,0,0,0
1785496724.4747837,42.229695,-1.2350852,500.08,-0.012,GUIDED,0,1,0,,0,0,0
1785496724.9773862,42.229695,-1.2350852,500.08,-0.012,GUIDED,0,1,0,,0,0,0
1785496725.4796543,42.229695,-1.2350851,500.08,-0.012,GUIDED,0,1,0,,0,0,0
1785496725.982616,42.229695,-1.2350851,500.08,0.007,GUIDED,1,1,0,,0,0,0
1785496726.4847229,42.229695,-1.2350851,500.08,0.007,GUIDED,1,1,0,,0,0,0
1785496726.9869707,42.229695,-1.2350851,500.08,0.007,GUIDED,1,1,0,,0,0,0
1785496727.48965,42.229695,-1.2350851,500.08,0.007,GUIDED,1,1,0,,0,0,0
1785496727.9921825,42.229695,-1.2350851,500.08,0.007,GUIDED,1,1,0,,0,0,0
1785496728.494681,42.229695,-1.2350851,500.08,0.007,GUIDED,1,1,0,,0,0,0
1785496728.9971824,42.229695,-1.2350851,500.09,0.013,GUIDED,1,1,0,,0,0,0
1785496729.5000274,42.229695,-1.2350851,500.25,0.176,GUIDED,1,1,0,,0,0,0
1785496730.00224,42.229695,-1.2350851,500.7,0.625,GUIDED,1,1,0,,0,0,0
1785496730.504259,42.229695,-1.235085,501.36,1.285,GUIDED,1,1,0,,0,0,0
1785496731.0065148,42.229695,-1.2350849,502.27,2.199,GUIDED,1,1,0,,0,0,0
1785496731.509428,42.229695,-1.2350848,503.69,3.619,GUIDED,1,1,0,,0,0,0
1785496732.0116951,42.229695,-1.2350848,504.97,4.899,GUIDED,1,1,0,,0,0,0
1785496732.5140114,42.229695,-1.2350848,506.24,6.161,GUIDED,1,1,0,,0,0,0
1785496733.0165148,42.229695,-1.2350848,507.73,7.656,GUIDED,1,1,0,,0,0,0
1785496733.5184298,42.229695,-1.2350848,508.97,8.896,GUIDED,1,1,0,,0,0,0
1785496734.0215251,42.229695,-1.2350848,510.46,10.386,GUIDED,1,1,0,,0,0,0
1785496734.5236742,42.229695,-1.2350848,511.7,11.629,GUIDED,1,1,0,,0,0,0
1785496735.0260155,42.229695,-1.2350848,513.2,13.127,GUIDED,1,1,0,,0,0,0
1785496735.5282009,42.229695,-1.2350848,514.45,14.378,GUIDED,1,1,0,,0,0,0
1785496736.0306292,42.229695,-1.2350848,515.95,15.875,GUIDED,1,1,0,,0,0,0
1785496736.5328581,42.229695,-1.2350848,516.95,16.871,GUIDED,1,1,0,,0,0,0
1785496737.035631,42.229695,-1.2350848,518.45,18.374,GUIDED,1,1,0,,0,0,0
1785496737.5377696,42.229695,-1.2350848,519.95,19.879,GUIDED,1,1,0,,0,0,0
1785496738.0401905,42.229695,-1.2350847,521.2,21.129,GUIDED,1,1,0,,0,0,0
1785496738.542725,42.229695,-1.2350847,522.45,22.377,GUIDED,1,1,0,,0,0,0
1785496739.0455263,42.229695,-1.2350847,523.95,23.877,GUIDED,1,1,0,,0,0,0
1785496739.5478237,42.229695,-1.2350847,525.2,25.125,GUIDED,1,1,0,,0,0,0
1785496740.050836,42.229695,-1.2350846,526.7,26.621,GUIDED,1,1,0,,0,0,0
1785496740.5533774,42.229695,-1.2350846,527.95,27.872,GUIDED,1,1,0,,0,0,0
1785496741.0558996,42.229695,-1.2350846,529.45,29.372,GUIDED,1,1,0,,0,0,0
1785496741.5582714,42.229695,-1.2350846,530.7,30.621,GUIDED,1,1,0,,0,0,0
1785496742.0607297,42.229695,-1.2350846,531.94,31.867,GUIDED,1,1,0,,0,0,0
1785496742.5632331,42.229695,-1.2350846,533.44,33.367,GUIDED,1,1,0,,0,0,0
1785496743.0656776,42.229695,-1.2350846,534.94,34.862,GUIDED,1,1,0,,0,0,0
1785496743.568573,42.229695,-1.2350846,536.18,36.107,GUIDED,1,1,0,,0,0,0
1785496744.0710685,42.229695,-1.2350846,537.43,37.353,GUIDED,1,1,0,,0,0,0
1785496744.5733652,42.229695,-1.2350846,538.93,38.858,GUIDED,1,1,0,,0,0,0
1785496745.0762517,42.229695,-1.2350847,540.16,40.083,GUIDED,1,1,0,,0,0,0
1785496745.5785396,42.229695,-1.2350847,541.27,41.191,GUIDED,1,1,0,,0,0,0
1785496746.0808759,42.229695,-1.2350847,542.23,42.153,GUIDED,1,1,0,,0,0,0
1785496746.5834596,42.229695,-1.2350847,543.05,42.978,GUIDED,1,1,0,,0,0,0
1785496747.0862935,42.229695,-1.2350847,543.86,43.789,GUIDED,1,1,0,,0,0,0
1785496747.5896945,42.229695,-1.2350847,544.39,44.315,GUIDED,1,2,0,,0,0,0
1785496748.0938504,42.2296964,-1.2350857,544.76,44.686,GUIDED,1,2,0,,0,0,0
1785496748.5973563,42.2297025,-1.23509,544.82,44.741,GUIDED,1,2,0,,0,0,0
1785496749.1009254,42.2297169,-1.2351003,544.79,44.718,GUIDED,1,2,0,,0,0,0
1785496749.6043825,42.2297343,-1.2351126,544.79,44.719,GUIDED,1,2,0,,0,0,0
1785496750.1073856,42.2297565,-1.2351281,544.81,44.732,GUIDED,1,2,0,,0,0,0
1785496750.6104925,42.2297892,-1.2351513,544.83,44.754,GUIDED,1,2,0,,0,0,0
1785496751.1132672,42.2298192,-1.2351724,544.85,44.774,GUIDED,1,2,0,,0,0,0
1785496751.6172512,42.2298567,-1.2351983,544.86,44.783,GUIDED,1,2,0,,0,0,0
1785496752.1204107,42.2298887,-1.2352205,544.86,44.788,GUIDED,1,2,0,,0,0,0
1785496752.6240907,42.2299277,-1.2352476,544.87,44.797,GUIDED,1,2,0,,0,0,0
1785496753.1273782,42.2299603,-1.2352705,544.88,44.806,GUIDED,1,2,0,,0,0,0
1785496753.630649,42.2299996,-1.2352981,544.89,44.815,GUIDED,1,2,0,,0,0,0
1785496754.1338294,42.2300323,-1.2353212,544.9,44.822,GUIDED,1,2,0,,0,0,0
1785496754.6369457,42.230065,-1.2353442,544.9,44.829,GUIDED,1,2,0,,0,0,0
1785496755.140647,42.2300974,-1.235367,544.91,44.836,GUIDED,1,2,0,,0,0,0
1785496755.6443577,42.2301361,-1.2353942,544.92,44.845,GUIDED,1,2,0,,0,0,0
1785496756.1469357,42.2301747,-1.2354213,544.93,44.853,GUIDED,1,2,0,,0,0,0
1785496756.650186,42.2302068,-1.2354438,544.94,44.86,GUIDED,1,2,0,,0,0,0
1785496757.1526048,42.2302387,-1.2354663,544.94,44.866,GUIDED,1,2,0,,0,0,0
1785496757.6549306,42.230277,-1.2354931,544.95,44.874,GUIDED,1,2,0,,0,0,0
1785496758.1586003,42.230309,-1.2355156,544.96,44.881,GUIDED,1,2,0,,0,0,0
1785496758.661318,42.2303475,-1.2355426,544.96,44.888,GUIDED,1,2,0,,0,0,0
1785496759.1643782,42.2303794,-1.2355649,544.97,44.894,GUIDED,1,2,0,,0,0,0
1785496759.668011,42.2304112,-1.2355873,544.98,44.9,GUIDED,1,2,0,,0,0,0
1785496760.1702917,42.2304368,-1.2356052,544.98,44.904,GUIDED,1,2,0,,0,0,0
1785496760.6738126,42.2304751,-1.2356321,544.99,44.911,GUIDED,1,2,0,,0,0,0
1785496761.1773772,42.230507,-1.2356545,544.99,44.917,GUIDED,1,2,0,,0,0,0
1785496761.6802335,42.2305388,-1.2356768,545.0,44.923,GUIDED,1,2,0,,0,0,0
1785496762.1832762,42.2305771,-1.2357036,545.01,44.93,GUIDED,1,2,0,,0,0,0
1785496762.6869438,42.2306091,-1.235726,545.01,44.935,GUIDED,1,2,0,,0,0,0
1785496763.1905878,42.2306474,-1.2357529,545.02,44.942,GUIDED,1,2,0,,0,0,0
1785496763.6936035,42.2306792,-1.2357752,545.02,44.947,GUIDED,1,2,0,,0,0,0
1785496764.1963272,42.2307175,-1.2358021,545.03,44.954,GUIDED,1,2,0,,0,0,0
1785496764.6991477,42.2307495,-1.2358245,545.04,44.96,GUIDED,1,2,0,,0,0,0
1785496765.2027838,42.2307877,-1.2358513,545.04,44.967,GUIDED,1,2,0,,0,0,0
1785496765.7062852,42.2308194,-1.2358735,545.05,44.974,GUIDED,1,2,0,,0,0,0
1785496766.2102883,42.2308558,-1.235899,545.06,44.982,GUIDED,1,2,0,,0,0,0
1785496766.7148292,42.2308839,-1.2359187,545.06,44.985,GUIDED,1,2,0,,0,0,0
1785496767.2177095,42.2309096,-1.2359367,545.06,44.987,GUIDED,1,2,0,,0,0,0
1785496767.721024,42.2309371,-1.2359559,545.07,44.991,GUIDED,1,2,0,,0,0,0
1785496768.2246497,42.2309569,-1.2359697,545.07,44.994,GUIDED,1,2,0,,0,0,0
1785496768.7278638,42.2309764,-1.2359834,545.07,44.997,GUIDED,1,3,0,,0,0,0
1785496769.2308497,42.2309876,-1.2359914,545.07,44.997,GUIDED,1,3,0,,0,0,0
1785496769.7339575,42.2309935,-1.2359955,545.08,45.0,GUIDED,1,3,0,,0,0,0
1785496770.2365594,42.2309944,-1.2359954,545.08,45.002,GUIDED,1,3,0,,0,0,0
1785496770.7398195,42.230989,-1.2359894,545.08,45.002,GUIDED,1,3,0,,0,0,0
1785496771.2435648,42.2309794,-1.2359797,545.08,45.001,GUIDED,1,3,0,,0,0,0
1785496771.7469313,42.2309653,-1.2359656,545.07,44.999,GUIDED,1,3,0,,0,0,0
1785496772.2497442,42.2309426,-1.2359429,545.07,44.996,GUIDED,1,3,0,,0,0,0
1785496772.7531905,42.230919,-1.2359197,545.07,44.998,GUIDED,1,3,0,,0,0,0
1785496773.256521,42.2308869,-1.2358877,545.08,45.007,GUIDED,1,3,0,,0,0,0
1785496773.7608285,42.2308588,-1.2358594,545.08,45.008,GUIDED,1,3,0,,0,0,0
1785496774.2637773,42.230824,-1.2358245,545.08,45.004,GUIDED,1,3,0,,0,0,0
1785496774.7670093,42.2307944,-1.2357949,545.08,45.003,GUIDED,1,3,0,,0,0,0
1785496775.2701337,42.2307587,-1.2357592,545.08,45.003,GUIDED,1,3,0,,0,0,0
1785496775.7738547,42.2307288,-1.2357293,545.08,45.003,GUIDED,1,3,0,,0,0,0
1785496776.2774215,42.230693,-1.2356935,545.08,45.003,GUIDED,1,3,0,,0,0,0
1785496776.7804127,42.2306636,-1.235664,545.08,45.005,GUIDED,1,3,0,,0,0,0
1785496777.2835927,42.2306356,-1.2356359,545.08,45.006,GUIDED,1,3,0,,0,0,0
1785496777.7870257,42.2306045,-1.2356048,545.08,45.003,GUIDED,1,3,0,,0,0,0
1785496778.2898417,42.2305812,-1.2355814,545.07,44.999,GUIDED,1,3,0,,0,0,0
1785496778.7925582,42.2305564,-1.2355566,545.07,44.997,GUIDED,1,3,0,,0,0,0
1785496779.295381,42.2305386,-1.2355388,545.07,44.996,GUIDED,1,3,0,,0,0,0
1785496779.7993314,42.2305235,-1.2355237,545.07,44.997,GUIDED,1,4,0,,0,0,0
1785496780.3027148,42.2305095,-1.2355097,545.07,44.998,GUIDED,1,4,0,,0,0,0
1785496780.8057113,42.2304928,-1.2354929,545.07,44.999,GUIDED,1,4,0,,0,0,0
1785496781.3092961,42.2304673,-1.2354671,545.08,45.003,GUIDED,1,4,0,,0,0,0
1785496781.8124654,42.2304421,-1.2354416,545.08,45.007,GUIDED,1,4,0,,0,0,0
1785496782.316229,42.2304151,-1.2354144,545.08,45.009,GUIDED,1,4,0,,0,0,0
1785496782.8192847,42.2303817,-1.2353809,545.08,45.005,GUIDED,1,4,0,,0,0,0
1785496783.3232307,42.2303473,-1.2353466,545.08,45.002,GUIDED,1,4,0,,0,0,0
1785496783.8275216,42.2303181,-1.2353175,545.08,45.0,GUIDED,1,4,0,,0,0,0
1785496784.330824,42.2302828,-1.2352824,545.07,44.999,GUIDED,1,4,0,,0,0,0
1785496784.83387,42.2302534,-1.2352531,545.07,44.999,GUIDED,1,4,0,,0,0,0
1785496785.3372767,42.2302239,-1.2352238,545.07,44.999,GUIDED,1,4,0,,0,0,0
1785496785.8412821,42.2301887,-1.2351887,545.08,45.0,GUIDED,1,4,0,,0,0,0
1785496786.3461835,42.2301598,-1.2351598,545.08,45.003,GUIDED,1,4,0,,0,0,0
1785496786.8494117,42.2301269,-1.235127,545.08,45.003,GUIDED,1,4,0,,0,0,0
1785496787.3533823,42.2301017,-1.2351018,545.08,45.001,GUIDED,1,4,0,,0,0,0
1785496787.8561788,42.2300743,-1.2350745,545.07,44.997,GUIDED,1,4,0,,0,0,0
1785496788.3599994,42.2300542,-1.2350544,545.07,44.995,GUIDED,1,4,0,,0,0,0
1785496788.8633206,42.2300368,-1.235037,545.07,44.994,GUIDED,1,4,0,,0,0,0
1785496789.3666372,42.2300194,-1.2350197,545.07,44.995,GUIDED,1,5,0,,0,0,0
1785496789.8700893,42.2300051,-1.2350074,545.07,44.996,GUIDED,1,5,0,,0,0,0
1785496790.373358,42.2299821,-1.2349916,545.07,44.999,GUIDED,1,5,0,,0,0,0
1785496790.877304,42.2299576,-1.2349761,545.08,45.003,GUIDED,1,5,0,,0,0,0
1785496791.3817503,42.229923,-1.2349548,545.08,45.009,GUIDED,1,5,0,,0,0,0
1785496791.8852048,42.2298924,-1.2349362,545.08,45.009,GUIDED,1,5,0,,0,0,0
1785496792.3879304,42.2298607,-1.2349171,545.08,45.004,GUIDED,1,5,0,,0,0,0
1785496792.892191,42.2298216,-1.2348937,545.08,45.001,GUIDED,1,5,0,,0,0,0
1785496793.396036,42.2298016,-1.2348817,545.08,45.0,GUIDED,1,5,0,,0,0,0
1785496793.898844,42.2297614,-1.2348577,545.07,44.998,GUIDED,1,5,0,,0,0,0
1785496794.4016218,42.2297278,-1.2348376,545.07,44.998,GUIDED,1,5,0,,0,0,0
1785496794.9051323,42.2296879,-1.2348135,545.07,44.999,GUIDED,1,5,0,,0,0,0
1785496795.4099672,42.2296559,-1.2347943,545.07,44.999,GUIDED,1,5,0,,0,0,0
1785496795.914022,42.2296204,-1.2347728,545.07,44.995,GUIDED,1,5,0,,0,0,0
1785496796.4179623,42.2295936,-1.2347567,545.07,44.991,GUIDED,1,5,0,,0,0,0
1785496796.9218893,42.2295698,-1.2347423,545.06,44.989,GUIDED,1,5,0,,0,0,0
1785496797.4252312,42.2295449,-1.2347274,545.06,44.988,GUIDED,1,5,0,,0,0,0
1785496797.929569,42.2295276,-1.234717,545.06,44.988,GUIDED,1,6,0,,0,0,0
1785496798.4327805,42.2295109,-1.2347073,545.06,44.989,GUIDED,1,6,0,,0,0,0
1785496798.9361784,42.2294856,-1.2346938,545.07,44.993,GUIDED,1,6,0,,0,0,0
1785496799.439018,42.229459,-1.23468,545.07,44.999,GUIDED,1,6,0,,0,0,0
1785496799.9427671,42.2294228,-1.2346614,545.08,45.009,GUIDED,1,6,0,,0,0,0
1785496800.4463992,42.2293911,-1.2346452,545.08,45.008,GUIDED,1,6,0,,0,0,0
1785496800.9498045,42.2293518,-1.2346252,545.08,45.004,GUIDED,1,6,0,,0,0,0
1785496801.4527264,42.2293181,-1.2346083,545.08,45.001,GUIDED,1,6,0,,0,0,0
1785496801.9558687,42.2292841,-1.2345912,545.07,44.999,GUIDED,1,6,0,,0,0,0
1785496802.4604511,42.2292431,-1.2345706,545.07,44.999,GUIDED,1,6,0,,0,0,0
1785496802.9638455,42.229203,-1.2345504,545.08,45.001,GUIDED,1,6,0,,0,0,0
1785496803.4673085,42.2291718,-1.2345347,545.07,44.998,GUIDED,1,6,0,,0,0,0
1785496803.9703875,42.2291378,-1.2345176,545.07,44.993,GUIDED,1,6,0,,0,0,0
1785496804.4731874,42.2291125,-1.2345049,545.07,44.99,GUIDED,1,6,0,,0,0,0
1785496804.9773622,42.2290903,-1.2344937,545.06,44.989,GUIDED,1,6,0,,0,0,0
1785496805.480593,42.2290713,-1.2344841,545.06,44.989,GUIDED,1,7,0,,0,0,0
1785496805.9841757,42.2290551,-1.2344759,545.07,44.99,GUIDED,1,7,0,,0,0,0
1785496806.487648,42.2290382,-1.2344675,545.07,44.99,GUIDED,1,7,0,,0,0,0
1785496806.9915142,42.2290167,-1.2344567,545.07,44.995,GUIDED,1,7,0,,0,0,0
1785496807.4961007,42.2289844,-1.2344405,545.08,45.002,GUIDED,1,7,0,,0,0,0
1785496808.0004387,42.228954,-1.2344252,545.08,45.009,GUIDED,1,7,0,,0,0,0
1785496808.5036905,42.2289222,-1.2344093,545.08,45.008,GUIDED,1,7,0,,0,0,0
1785496809.0066795,42.2288831,-1.2343899,545.08,45.006,GUIDED,1,7,0,,0,0,0
1785496809.5105605,42.2288513,-1.2343743,545.08,45.003,GUIDED,1,7,0,,0,0,0
1785496810.0141494,42.2288158,-1.2343569,545.07,44.996,GUIDED,1,7,0,,0,0,0
1785496810.5172515,42.228789,-1.2343438,545.07,44.992,GUIDED,1,7,0,,0,0,0
1785496811.0212288,42.2287605,-1.2343299,545.06,44.988,GUIDED,1,7,0,,0,0,0
1785496811.5252807,42.2287402,-1.23432,545.06,44.988,GUIDED,1,8,0,,0,0,0
1785496812.0287802,42.2287203,-1.2343099,545.06,44.989,GUIDED,1,8,0,,0,0,0
1785496812.5324028,42.2287053,-1.2342984,545.07,44.991,GUIDED,1,8,0,,0,0,0
1785496813.0356705,42.2286843,-1.2342764,545.07,44.996,GUIDED,1,8,0,,0,0,0
1785496813.5383184,42.2286635,-1.2342518,545.07,44.999,GUIDED,1,8,0,,0,0,0
1785496814.042118,42.2286399,-1.234223,545.08,45.005,GUIDED,1,8,0,,0,0,0
1785496814.5454385,42.2286105,-1.2341867,545.08,45.007,GUIDED,1,8,0,,0,0,0
1785496815.047665,42.2285865,-1.2341572,545.08,45.002,GUIDED,1,8,0,,0,0,0
1785496815.552165,42.2285594,-1.2341239,545.07,44.995,GUIDED,1,8,0,,0,0,0
1785496816.055966,42.2285388,-1.2340986,545.07,44.991,GUIDED,1,8,0,,0,0,0
1785496816.558869,42.2285167,-1.2340716,545.06,44.988,GUIDED,1,8,0,,0,0,0
1785496817.062882,42.2285011,-1.2340525,545.06,44.988,GUIDED,1,10,0,,0,0,0
1785496817.5656884,42.2284861,-1.2340341,545.02,44.943,LAND,1,10,0,,0,0,0
1785496818.0678022,42.2284779,-1.2340241,544.74,44.668,LAND,1,10,0,,0,0,0
1785496818.5701184,42.2284736,-1.2340189,544.05,43.973,LAND,1,10,0,,0,0,0
1785496819.0729408,42.2284731,-1.2340182,543.27,43.193,LAND,1,10,0,,0,0,0
1785496819.5752594,42.2284737,-1.2340188,542.48,42.404,LAND,1,10,0,,0,0,0
1785496820.0778558,42.2284747,-1.2340198,541.57,41.498,LAND,1,10,0,,0,0,0
1785496820.5807946,42.2284755,-1.2340206,540.83,40.756,LAND,1,10,0,,0,0,0
1785496821.0832949,42.2284762,-1.2340213,539.95,39.87,LAND,1,10,0,,0,0,0
1785496821.5862439,42.2284766,-1.2340216,539.2,39.128,LAND,1,10,0,,0,0,0
1785496822.0886705,42.2284769,-1.2340218,538.31,38.235,LAND,1,10,0,,0,0,0
1785496822.5913544,42.228477,-1.2340219,537.56,37.485,LAND,1,10,0,,0,0,0
1785496823.093852,42.2284771,-1.234022,536.66,36.584,LAND,1,10,0,,0,0,0
1785496823.5962806,42.2284772,-1.2340221,535.91,35.834,LAND,1,10,0,,0,0,0
1785496824.0988808,42.2284773,-1.2340222,535.01,34.936,LAND,1,10,0,,0,0,0
1785496824.601912,42.2284773,-1.2340223,534.26,34.185,LAND,1,10,0,,0,0,0
1785496825.104868,42.2284773,-1.2340224,533.51,33.436,LAND,1,10,0,,0,0,0
1785496825.6079366,42.2284774,-1.2340224,532.61,32.537,LAND,1,10,0,,0,0,0
1785496826.1116662,42.2284774,-1.2340225,531.86,31.786,LAND,1,10,0,,0,0,0
1785496826.6141307,42.2284774,-1.2340225,530.96,30.885,LAND,1,10,0,,0,0,0
1785496827.116817,42.2284775,-1.2340226,530.21,30.136,LAND,1,10,0,,0,0,0
1785496827.6189435,42.2284775,-1.2340226,529.31,29.238,LAND,1,10,0,,0,0,0
1785496828.121819,42.2284775,-1.2340227,528.56,28.487,LAND,1,10,0,,0,0,0
1785496828.624176,42.2284776,-1.2340227,527.66,27.585,LAND,1,10,0,,0,0,0
1785496829.1270933,42.2284776,-1.2340227,526.91,26.833,LAND,1,10,0,,0,0,0
1785496829.6310754,42.2284776,-1.2340227,526.01,25.934,LAND,1,10,0,,0,0,0
1785496830.1335652,42.2284776,-1.2340227,525.26,25.183,LAND,1,10,0,,0,0,0
1785496830.6355364,42.2284776,-1.2340227,524.51,24.433,LAND,1,10,0,,0,0,0
1785496831.137964,42.2284776,-1.2340227,523.76,23.684,LAND,1,10,0,,0,0,0
1785496831.6401377,42.2284776,-1.2340227,523.01,22.936,LAND,1,10,0,,0,0,0
1785496832.1428769,42.2284776,-1.2340227,522.26,22.186,LAND,1,10,0,,0,0,0
1785496832.6458056,42.2284776,-1.2340227,521.51,21.439,LAND,1,10,0,,0,0,0
1785496833.1487257,42.2284776,-1.2340228,520.77,20.693,LAND,1,10,0,,0,0,0
1785496833.6512322,42.2284776,-1.2340228,520.02,19.946,LAND,1,10,0,,0,0,0
1785496834.153722,42.2284776,-1.2340228,519.12,19.045,LAND,1,10,0,,0,0,0
1785496834.656839,42.2284776,-1.2340228,518.37,18.292,LAND,1,10,0,,0,0,0
1785496835.1596084,42.2284776,-1.2340228,517.47,17.392,LAND,1,10,0,,0,0,0
1785496835.6632895,42.2284776,-1.2340228,516.72,16.644,LAND,1,10,0,,0,0,0
1785496836.1657343,42.2284776,-1.2340228,515.82,15.741,LAND,1,10,0,,0,0,0
1785496836.6688545,42.2284776,-1.2340228,515.06,14.988,LAND,1,10,0,,0,0,0
1785496837.1717947,42.2284776,-1.2340228,514.16,14.089,LAND,1,10,0,,0,0,0
1785496837.6749942,42.2284776,-1.2340228,513.42,13.34,LAND,1,10,0,,0,0,0
1785496838.1789105,42.2284776,-1.2340228,512.51,12.439,LAND,1,10,0,,0,0,0
1785496838.6816766,42.2284776,-1.2340228,511.76,11.688,LAND,1,10,0,,0,0,0
1785496839.1843643,42.2284776,-1.2340228,511.05,10.974,LAND,1,10,0,,0,0,0
1785496839.6874607,42.2284776,-1.2340228,510.48,10.405,LAND,1,10,0,,0,0,0
1785496840.1896644,42.2284776,-1.2340228,510.23,10.159,LAND,1,10,0,,0,0,0
1785496840.6920521,42.2284776,-1.2340228,509.97,9.897,LAND,1,10,0,,0,0,0
1785496841.1952753,42.2284776,-1.2340228,509.78,9.704,LAND,1,10,0,,0,0,0
1785496841.69843,42.2284776,-1.2340228,509.48,9.4,LAND,1,10,0,,0,0,0
1785496842.2009861,42.2284776,-1.2340228,509.22,9.145,LAND,1,10,0,,0,0,0
1785496842.7037072,42.2284776,-1.2340228,508.92,8.841,LAND,1,10,0,,0,0,0
1785496843.206082,42.2284776,-1.2340228,508.67,8.591,LAND,1,10,0,,0,0,0
1785496843.7083561,42.2284776,-1.2340228,508.37,8.29,LAND,1,10,0,,0,0,0
1785496844.2115247,42.2284776,-1.2340228,508.11,8.039,LAND,1,10,0,,0,0,0
1785496844.7138948,42.2284776,-1.2340228,507.81,7.738,LAND,1,10,0,,0,0,0
1785496845.2168734,42.2284776,-1.2340228,507.56,7.489,LAND,1,10,0,,0,0,0
1785496845.7200272,42.2284776,-1.2340228,507.31,7.238,LAND,1,10,0,,0,0,0
1785496846.2225437,42.2284776,-1.2340228,507.01,6.938,LAND,1,10,0,,0,0,0
1785496846.7248535,42.2284776,-1.2340228,506.76,6.688,LAND,1,10,0,,0,0,0
1785496847.2283008,42.2284776,-1.2340228,506.46,6.389,LAND,1,10,0,,0,0,0
1785496847.73128,42.2284776,-1.2340228,506.21,6.138,LAND,1,10,0,,0,0,0
1785496848.234144,42.2284776,-1.2340228,505.91,5.838,LAND,1,10,0,,0,0,0
1785496848.7369742,42.2284776,-1.2340228,505.66,5.587,LAND,1,10,0,,0,0,0
1785496849.239397,42.2284776,-1.2340228,505.41,5.337,LAND,1,10,0,,0,0,0
1785496849.7425601,42.2284776,-1.2340228,505.16,5.087,LAND,1,10,0,,0,0,0
1785496850.2452326,42.2284776,-1.2340228,504.86,4.787,LAND,1,10,0,,0,0,0
1785496850.7478538,42.2284776,-1.2340228,504.61,4.537,LAND,1,10,0,,0,0,0
1785496851.2498622,42.2284776,-1.2340228,504.31,4.238,LAND,1,10,0,,0,0,0
1785496851.7527084,42.2284776,-1.2340228,504.06,3.987,LAND,1,10,0,,0,0,0
1785496852.2550921,42.2284776,-1.2340228,503.81,3.737,LAND,1,10,0,,0,0,0
1785496852.7573879,42.2284776,-1.2340228,503.51,3.437,LAND,1,10,0,,0,0,0
1785496853.2594938,42.2284776,-1.2340228,503.26,3.187,LAND,1,10,0,,0,0,0
1785496853.7620444,42.2284776,-1.2340228,502.96,2.886,LAND,1,10,0,,0,0,0
1785496854.26491,42.2284776,-1.2340228,502.71,2.635,LAND,1,10,0,,0,0,0
1785496854.766812,42.2284776,-1.2340228,502.41,2.335,LAND,1,10,0,,0,0,0
1785496855.269038,42.2284776,-1.2340228,502.16,2.086,LAND,1,10,0,,0,0,0
1785496855.7714067,42.2284776,-1.2340228,501.86,1.786,LAND,1,10,0,,0,0,0
1785496856.274436,42.2284776,-1.2340228,501.61,1.536,LAND,1,10,0,,0,0,0
1785496856.776671,42.2284776,-1.2340228,501.36,1.286,LAND,1,10,0,,0,0,0
1785496857.279021,42.2284776,-1.2340228,501.11,1.037,LAND,1,10,0,,0,0,0
1785496857.7816072,42.2284776,-1.2340228,500.81,0.737,LAND,1,10,0,,0,0,0
1785496858.2837393,42.2284776,-1.2340228,500.56,0.487,LAND,1,10,0,,0,0,0
1785496858.785905,42.2284776,-1.2340228,500.31,0.237,LAND,1,10,0,,0,0,0
1785496859.2880757,42.2284776,-1.2340228,500.03,-0.041,LAND,1,10,0,,0,0,0
1785496859.7909293,42.2284776,-1.2340228,500.05,-0.024,LAND,1,10,0,,0,0,0
1785496860.2930222,42.2284776,-1.2340228,500.05,-0.025,LAND,1,10,0,,0,0,0
1785496860.7962012,42.2284776,-1.2340228,500.05,-0.023,LAND,1,10,0,,0,0,0
1785496861.298638,42.2284776,-1.2340227,500.06,-0.015,LAND,1,10,0,,0,0,0
1785496861.8011932,42.2284776,-1.2340227,500.06,-0.01,LAND,0,10,0,,0,0,0
1785496862.303829,42.2284776,-1.2340227,500.07,-0.005,LAND,0,10,0,,0,0,0
1785496862.8063195,42.2284776,-1.2340227,500.07,-0.002,LAND,0,10,0,,0,0,0
1785496863.3086636,42.2284776,-1.2340227,500.08,0.0,LAND,0,10,0,,0,0,0
1785496863.8114707,42.2284776,-1.2340227,500.08,0.001,LAND,0,10,0,,0,0,0
1785496864.3140187,42.2284776,-1.2340227,500.08,0.003,LAND,0,10,0,,0,0,0
1785496864.816888,42.2284776,-1.2340227,500.08,0.004,LAND,0,10,0,,0,0,0
1785496865.3200362,42.2284776,-1.2340227,500.08,0.005,LAND,0,10,0,,0,0,0
1785496865.8233006,42.2284776,-1.2340227,500.08,0.006,LAND,0,10,0,,0,0,0
1785496866.3258617,42.2284776,-1.2340227,500.08,0.006,LAND,0,10,0,,0,0,0
1785496866.8291965,42.2284776,-1.2340227,500.08,0.007,LAND,0,10,0,,0,0,0
1785496867.3314996,42.2284776,-1.2340227,500.08,0.007,LAND,0,10,0,,0,0,0
1785496867.8334074,42.2284776,-1.2340227,500.08,0.008,LAND,0,10,0,,0,0,0
1785496868.3354201,42.2284776,-1.2340227,500.08,0.008,LAND,0,10,0,,0,0,0
1785496868.8383834,42.2284776,-1.2340227,500.08,0.008,LAND,0,10,0,,0,0,0
1785496869.3410094,42.2284776,-1.2340227,500.08,0.008,LAND,0,10,0,,0,0,0
1785496869.844239,42.2284776,-1.2340227,500.08,0.008,LAND,0,10,0,,0,0,0
1785496870.347298,42.2284776,-1.2340227,500.08,0.008,LAND,0,10,0,,0,0,0
1785496870.849466,42.2284776,-1.2340227,500.08,0.008,LAND,0,10,0,,0,0,0
1785496871.3517537,42.2284776,-1.2340227,500.08,0.008,LAND,0,10,0,,0,0,0
1785496871.854615,42.2284776,-1.2340227,500.08,0.008,LAND,0,10,0,,0,0,0
1785496872.3568823,42.2284776,-1.2340227,500.08,0.008,LAND,0,10,0,,0,0,0
1785496872.8594806,42.2284776,-1.2340227,500.08,0.008,LAND,0,10,0,,0,0,0
1785496873.362299,42.2284776,-1.2340227,500.08,0.008,LAND,0,10,0,,0,0,0
1785496873.8652556,42.2284776,-1.2340227,500.08,0.008,LAND,0,10,0,,0,0,0
1785496874.367694,42.2284776,-1.2340227,500.08,0.008,LAND,0,10,0,,0,0,0
1785496874.8704176,42.2284776,-1.2340227,500.08,0.008,LAND,0,10,0,,0,0,0
1785496875.3731122,42.2284776,-1.2340227,500.08,0.008,LAND,0,10,0,,0,0,0
1785496875.8757768,42.2284776,-1.2340227,500.08,0.008,LAND,0,10,0,,0,0,0
1785496876.3788683,42.2284776,-1.2340227,500.08,0.008,LAND,0,10,0,,0,0,0
1785496876.881108,42.2284776,-1.2340227,500.08,0.008,LAND,0,10,0,,0,0,0
1785496877.3833501,42.2284776,-1.2340227,500.08,0.008,LAND,0,10,0,,0,0,0
1785496877.8855898,42.2284776,-1.2340227,500.08,0.008,LAND,0,10,0,,0,0,0
1785496878.388046,42.2284776,-1.2340227,500.08,0.008,LAND,0,10,0,,0,0,0
1785496878.8904808,42.2284776,-1.2340227,500.08,0.007,LAND,0,10,0,,0,0,0
1785496879.392868,42.2284776,-1.2340227,500.08,0.007,LAND,0,10,0,,0,0,0
1785496879.8961017,42.2284776,-1.2340227,500.08,0.007,LAND,0,10,0,,0,0,0
1785496880.3985472,42.2284776,-1.2340227,500.08,0.007,LAND,0,10,0,,0,0,0
1785496880.9006839,42.2284776,-1.2340227,500.08,0.007,LAND,0,10,0,,0,0,0
1785496881.4029014,42.2284776,-1.2340227,500.08,0.007,LAND,0,10,0,,0,0,0
1785496881.9051642,42.2284776,-1.2340227,500.08,0.007,LAND,0,10,0,,0,0,0
1785496882.4075978,42.2284776,-1.2340227,500.08,0.007,LAND,0,10,0,,0,0,0
1785496882.9101746,42.2284776,-1.2340227,500.08,0.007,LAND,0,10,0,,0,0,0
1785496883.4128156,42.2284776,-1.2340227,500.08,0.007,LAND,0,10,0,,0,0,0
1785496883.915968,42.2284776,-1.2340227,500.08,0.007,LAND,0,10,0,,0,0,0
1785496884.4189034,42.2284776,-1.2340227,500.08,0.007,LAND,0,10,0,,0,0,0
1785496884.921605,42.2284776,-1.2340227,500.08,0.007,LAND,0,10,0,,0,0,0
1785496885.4243004,42.2284776,-1.2340227,500.08,0.007,LAND,0,10,0,,0,0,0
1785496885.9269516,42.2284776,-1.2340227,500.08,0.007,LAND,0,10,0,,0,0,0
1785496886.4291232,42.2284776,-1.2340227,500.08,0.007,LAND,0,10,0,,0,0,0
1785496886.931566,42.2284776,-1.2340227,500.08,0.007,LAND,0,10,0,,0,0,0
1785496887.4346395,42.2284776,-1.2340227,500.08,0.007,LAND,0,10,0,,0,0,0
1785496887.9366968,42.2284776,-1.2340227,500.08,0.007,LAND,0,10,0,,0,0,0
1785496888.439355,42.2284776,-1.2340227,500.08,0.007,LAND,0,10,0,,0,0,0
1785496888.9418592,42.2284776,-1.2340227,500.08,0.007,LAND,0,10,0,,0,0,0
1785496889.4450166,42.2284776,-1.2340227,500.08,0.007,LAND,0,10,0,,0,0,0
1785496889.9485064,42.2284776,-1.2340227,500.08,0.007,LAND,0,10,0,,0,0,0
1785496890.4506373,42.2284776,-1.2340227,500.08,0.007,LAND,0,10,0,,0,0,0
1785496890.9532754,42.2284776,-1.2340227,500.08,0.007,LAND,0,10,0,,0,0,0
1785496891.4557092,42.2284776,-1.2340227,500.08,0.007,LAND,0,10,0,,0,0,0
1785496891.9580677,42.2284776,-1.2340227,500.08,0.007,LAND,0,10,0,,0,0,0
1785496892.4600587,42.2284776,-1.2340227,500.08,0.007,LAND,0,10,0,,0,0,0
1785496892.961914,42.2284776,-1.2340227,500.08,0.007,LAND,0,10,0,,0,0,0
1785496893.46395,42.2284776,-1.2340227,500.08,0.007,LAND,0,10,0,,0,0,0
1785496893.9674394,42.2284776,-1.2340227,500.08,0.007,LAND,0,10,0,,0,0,0
1785496894.4701974,42.2284776,-1.2340227,500.08,0.007,LAND,0,10,0,,0,0,0
1785496894.9733014,42.2284776,-1.2340227,500.08,0.007,LAND,0,10,0,,0,0,0
1785496895.475856,42.2284776,-1.2340227,500.08,0.007,LAND,0,10,0,,0,0,0
1785496895.9793544,42.2284776,-1.2340227,500.08,0.007,LAND,0,10,0,,0,0,0
1785496896.4815588,42.2284776,-1.2340227,500.08,0.007,LAND,0,10,0,,0,0,0
1785496896.9843783,42.2284776,-1.2340227,500.08,0.007,LAND,0,10,0,,0,0,0
1785496897.4866946,42.2284776,-1.2340227,500.08,0.007,LAND,0,10,0,,0,0,0
1785496897.9893289,42.2284776,-1.2340227,500.08,0.007,LAND,0,10,0,,0,0,0
1785496898.4915662,42.2284776,-1.2340227,500.08,0.007,LAND,0,10,0,,0,0,0
1785496898.9937444,42.2284776,-1.2340227,500.08,0.007,LAND,0,10,0,,0,0,0
1785496899.4968553,42.2284776,-1.2340227,500.08,0.007,LAND,0,10,0,,0,0,0
1785496899.999148,42.2284776,-1.2340227,500.08,0.007,LAND,0,10,0,,0,0,0
1785496900.5019596,42.2284776,-1.2340227,500.08,0.007,LAND,0,10,0,,0,0,0
1785496901.0045834,42.2284776,-1.2340227,500.08,0.007,LAND,0,10,0,,0,0,0
1785496901.506796,42.2284776,-1.2340227,500.08,0.007,LAND,0,10,0,,0,0,0
1785496902.009326,42.2284776,-1.2340227,500.08,0.007,LAND,0,10,0,,0,0,0
1785496902.5124204,42.2284776,-1.2340227,500.08,0.007,LAND,0,10,0,,0,0,0
1785496903.0148783,42.2284776,-1.2340227,500.08,0.007,LAND,0,10,0,,0,0,0
1785496903.5172074,42.2284776,-1.2340227,500.08,0.007,LAND,0,10,0,,0,0,0
1785496904.0196311,42.2284776,-1.2340227,500.08,0.007,LAND,0,10,0,,0,0,0
1785496904.5220728,42.2284776,-1.2340227,500.08,0.007,LAND,0,10,0,,0,0,0
1785496905.0244284,42.2284776,-1.2340227,500.08,0.007,LAND,0,10,0,,0,0,0
1785496905.5266476,42.2284776,-1.2340227,500.08,0.007,LAND,0,10,0,,0,0,0
1785496906.0297778,42.2284776,-1.2340227,500.08,0.007,LAND,0,10,0,,0,0,0
1785496906.5329752,42.2284776,-1.2340227,500.08,0.007,LAND,0,10,0,,0,0,0
1785496907.0355465,42.2284776,-1.2340227,500.08,0.007,LAND,0,10,0,,0,0,0
1785496907.5382392,42.2284776,-1.2340227,500.08,0.007,LAND,0,10,0,,0,0,0
1785496908.0410159,42.2284776,-1.2340227,500.08,0.007,LAND,0,10,0,,0,0,0
1785496908.543611,42.2284776,-1.2340227,500.08,0.007,LAND,0,10,0,,0,0,0
1785496909.046137,42.2284776,-1.2340227,500.08,0.007,LAND,0,10,0,,0,0,0
1785496909.5483983,42.2284776,-1.2340227,500.08,0.007,LAND,0,10,0,,0,0,0
1785496910.0507255,42.2284776,-1.2340227,500.08,0.007,LAND,0,10,0,,0,0,0
1785496910.553447,42.2284776,-1.2340227,500.08,0.007,LAND,0,10,0,,0,0,0
1785496911.0556002,42.2284776,-1.2340227,500.08,0.007,LAND,0,10,0,,0,0,0
1785496911.558007,42.2284776,-1.2340227,500.08,0.007,LAND,0,10,0,,0,0,0
1785496912.060256,42.2284776,-1.2340227,500.08,0.007,LAND,0,10,0,,0,0,0
1785496912.5631678,42.2284776,-1.2340227,500.08,0.007,LAND,0,10,0,,0,0,0
1785496913.065172,42.2284776,-1.2340227,500.08,0.007,LAND,0,10,0,,0,0,0
1785496913.567286,42.2284776,-1.2340227,500.08,0.007,LAND,0,10,0,,0,0,0
1785496914.070385,42.2284776,-1.2340227,500.08,0.007,LAND,0,10,0,,0,0,0
1785496914.5725532,42.2284776,-1.2340227,500.08,0.007,LAND,0,10,0,,0,0,0
1785496915.0753553,42.2284776,-1.2340227,500.08,0.007,LAND,0,10,0,,0,0,0
1785496915.5781636,42.2284776,-1.2340227,500.08,0.007,LAND,0,10,0,,0,0,0
1785496916.0816157,42.2284776,-1.2340227,500.08,0.007,LAND,0,10,0,,0,0,0
1785496916.5838928,42.2284776,-1.2340227,500.08,0.007,LAND,0,10,0,,0,0,0
1785496917.0863721,42.2284776,-1.2340227,500.08,0.007,LAND,0,10,0,,0,0,0
1785496917.5892427,42.2284776,-1.2340227,500.08,0.007,LAND,0,10,0,,0,0,0
1785496918.0915086,42.2284776,-1.2340227,500.08,0.007,LAND,0,10,0,,0,0,0
1785496918.5941296,42.2284776,-1.2340227,500.08,0.007,LAND,0,10,0,,0,0,0
1785496919.0967329,42.2284776,-1.2340227,500.08,0.007,LAND,0,10,0,,0,0,0
1785496919.5990133,42.2284776,-1.2340227,500.08,0.007,LAND,0,10,0,,0,0,0
1785496920.1013997,42.2284776,-1.2340227,500.08,0.007,LAND,0,10,0,,0,0,0
1785496920.6038246,42.2284776,-1.2340227,500.08,0.007,LAND,0,10,0,,0,0,0
1785496921.1062317,42.2284776,-1.2340227,500.08,0.007,LAND,0,10,0,,0,0,0
1785496921.6087847,42.2284776,-1.2340227,500.08,0.007,LAND,0,10,0,,0,0,0
1785496922.1117296,42.2284776,-1.2340227,500.08,0.007,LAND,0,10,0,,0,0,0
1785496922.6139574,42.2284776,-1.2340227,500.08,0.007,LAND,0,10,0,,0,0,0
1785496923.1164305,42.2284776,-1.2340227,500.08,0.007,LAND,0,10,0,,0,0,0
1785496923.6191778,42.2284776,-1.2340227,500.08,0.007,LAND,0,10,0,,0,0,0
1785496924.1215463,42.2284776,-1.2340227,500.08,0.007,LAND,0,10,0,,0,0,0
1785496924.625018,42.2284776,-1.2340227,500.08,0.007,LAND,0,10,0,,0,0,0
1785496925.127459,42.2284776,-1.2340227,500.08,0.007,LAND,0,10,0,,0,0,0
1785496925.6301184,42.2284776,-1.2340227,500.08,0.007,LAND,0,10,0,,0,0,0
1785496926.1329062,42.2284776,-1.2340227,500.08,0.007,LAND,0,10,0,,0,0,0
1785496926.6350834,42.2284776,-1.2340227,500.08,0.007,LAND,0,10,0,,0,0,0
1785496927.1375158,42.2284776,-1.2340227,500.08,0.007,LAND,0,10,0,,0,0,0
1785496927.6399307,42.2284776,-1.2340227,500.08,0.007,LAND,0,10,0,,0,0,0
1785496928.1420155,42.2284776,-1.2340227,500.08,0.007,LAND,0,10,0,,0,0,0
1785496928.6442175,42.2284776,-1.2340227,500.08,0.007,LAND,0,10,0,,0,0,0
1785496929.14741,42.2284776,-1.2340227,500.08,0.007,LAND,0,10,0,,0,0,0
1785496929.6501732,42.2284776,-1.2340227,500.08,0.007,LAND,0,10,0,,0,0,0
1785496930.1534133,42.2284776,-1.2340227,500.08,0.007,LAND,0,10,0,,0,0,0
1785496930.6565156,42.2284776,-1.2340227,500.08,0.007,LAND,0,10,0,,0,0,0
1785496931.1588368,42.2284776,-1.2340227,500.08,0.007,LAND,0,10,0,,0,0,0
1785496931.6610982,42.2284776,-1.2340227,500.08,0.007,LAND,0,10,0,,0,0,0
1785496932.163428,42.2284776,-1.2340227,500.08,0.007,LAND,0,10,0,,0,0,0
1785496932.6660335,42.2284776,-1.2340227,500.08,0.007,LAND,0,10,0,,0,0,0
1785496933.1681397,42.2284776,-1.2340227,500.08,0.007,LAND,0,10,0,,0,0,0
1785496933.6707003,42.2284776,-1.2340227,500.08,0.007,LAND,0,10,0,,0,0,0
1785496934.173172,42.2284776,-1.2340227,500.08,0.007,LAND,0,10,0,,0,0,0
1785496934.6758919,42.2284776,-1.2340227,500.08,0.007,LAND,0,10,0,,0,0,0
1785496935.1787033,42.2284776,-1.2340227,500.08,0.007,LAND,0,10,0,,0,0,0
1785496935.6816833,42.2284776,-1.2340227,500.08,0.007,LAND,0,10,0,,0,0,0
1785496936.184607,42.2284776,-1.2340227,500.08,0.007,LAND,0,10,0,,0,0,0
1785496936.6871939,42.2284776,-1.2340227,500.08,0.007,LAND,0,10,0,,0,0,0
1785496937.1893907,42.2284776,-1.2340227,500.08,0.007,LAND,0,10,0,,0,0,0
1785496937.691903,42.2284776,-1.2340227,500.08,0.007,LAND,0,10,0,,0,0,0
1785496938.1942587,42.2284776,-1.2340227,500.08,0.007,LAND,0,10,0,,0,0,0
1785496938.69688,42.2284776,-1.2340227,500.08,0.007,LAND,0,10,0,,0,0,0
1785496939.1993523,42.2284776,-1.2340227,500.08,0.007,LAND,0,10,0,,0,0,0
1785496939.7022755,42.2284776,-1.2340227,500.08,0.007,LAND,0,10,0,,0,0,0
1785496940.2048876,42.2284776,-1.2340227,500.08,0.007,LAND,0,10,0,,0,0,0
1785496940.7070885,42.2284776,-1.2340227,500.08,0.007,LAND,0,10,0,,0,0,0
1785496941.2094686,42.2284776,-1.2340227,500.08,0.007,LAND,0,10,0,,0,0,0
1785496941.7118006,42.2284776,-1.2340227,500.08,0.007,LAND,0,10,0,,0,0,0
1785496942.2146692,42.2284776,-1.2340227,500.08,0.007,LAND,0,10,0,,0,0,0
1785496942.7174144,42.2284776,-1.2340227,500.08,0.007,LAND,0,10,0,,0,0,0
1785496943.2197585,42.2284776,-1.2340227,500.08,0.007,LAND,0,10,0,,0,0,0
1785496943.7224536,42.2284776,-1.2340227,500.08,0.007,LAND,0,10,0,,0,0,0
1785496944.224761,42.2284776,-1.2340227,500.08,0.007,LAND,0,10,0,,0,0,0
1785496944.7274044,42.2284776,-1.2340227,500.08,0.007,LAND,0,10,0,,0,0,0
1785496945.2295697,42.2284776,-1.2340227,500.08,0.007,LAND,0,10,0,,0,0,0
1785496945.7320576,42.2284776,-1.2340227,500.08,0.007,LAND,0,10,0,,0,0,0
1785496946.2346747,42.2284776,-1.2340227,500.08,0.007,LAND,0,10,0,,0,0,0
1785496946.7369983,42.2284776,-1.2340227,500.08,0.007,LAND,0,10,0,,0,0,0
1785496947.2392128,42.2284776,-1.2340227,500.08,0.007,LAND,0,10,0,,0,0,0
1785496947.7417216,42.2284776,-1.2340227,500.08,0.007,LAND,0,10,0,,0,0,0
1785496948.244564,42.2284776,-1.2340227,500.08,0.007,LAND,0,10,0,,0,0,0
1785496948.747524,42.2284776,-1.2340227,500.08,0.007,LAND,0,10,0,,0,0,0
1785496949.250057,42.2284776,-1.2340227,500.08,0.007,LAND,0,10,0,,0,0,0
1785496949.7525048,42.2284776,-1.2340227,500.08,0.007,LAND,0,10,0,,0,0,0
1785496950.2552018,42.2284776,-1.2340227,500.08,0.007,LAND,0,10,0,,0,0,0
1785496950.7577484,42.2284776,-1.2340227,500.08,0.007,LAND,0,10,0,,0,0,0
1785496951.260384,42.2284776,-1.2340227,500.08,0.007,LAND,0,10,0,,0,0,0
1785496951.7636285,42.2284776,-1.2340227,500.08,0.006,LAND,0,10,0,,0,0,0
1785496952.267053,42.2284776,-1.2340227,500.08,0.006,LAND,0,10,0,,0,0,0
1785496952.7693706,42.2284776,-1.2340227,500.08,0.006,LAND,0,10,0,,0,0,0
1785496953.2717602,42.2284776,-1.2340227,500.08,0.006,LAND,0,10,0,,0,0,0
1785496953.7739549,42.2284776,-1.2340227,500.08,0.006,LAND,0,10,0,,0,0,0
1785496954.276567,42.2284776,-1.2340227,500.08,0.006,LAND,0,10,0,,0,0,0
1785496954.7790186,42.2284776,-1.2340227,500.08,0.007,LAND,0,10,0,,0,0,0
1785496955.2820241,42.2284776,-1.2340227,500.08,0.007,LAND,0,10,0,,0,0,0
1785496955.7843974,42.2284776,-1.2340227,500.08,0.007,LAND,0,10,0,,0,0,0
1785496956.287326,42.2284776,-1.2340227,500.08,0.007,LAND,0,10,0,,0,0,0
1785496956.7900288,42.2284776,-1.2340227,500.08,0.007,LAND,0,10,0,,0,0,0
1785496957.2925196,42.2284776,-1.2340227,500.08,0.007,LAND,0,10,0,,0,0,0
1785496957.7951005,42.2284776,-1.2340227,500.08,0.007,LAND,0,10,0,,0,0,0
1785496958.2974827,42.2284776,-1.2340227,500.08,0.007,LAND,0,10,0,,0,0,0
1785496958.8006551,42.2284776,-1.2340227,500.08,0.007,LAND,0,10,0,,0,0,0
1785496959.3037045,42.2284776,-1.2340227,500.08,0.007,LAND,0,10,0,,0,0,0
1785496959.8062449,42.2284776,-1.2340227,500.08,0.007,LAND,0,10,0,,0,0,0
1785496960.3087523,42.2284776,-1.2340227,500.08,0.007,LAND,0,10,0,,0,0,0
1785496960.8109102,42.2284776,-1.2340227,500.08,0.007,LAND,0,10,0,,0,0,0
1785496961.313942,42.2284776,-1.2340227,500.08,0.007,LAND,0,10,0,,0,0,0
1785496961.8175986,42.2284776,-1.2340227,500.08,0.007,LAND,0,10,0,,0,0,0
1785496962.3201077,42.2284776,-1.2340227,500.08,0.007,LAND,0,10,0,,0,0,0
1785496962.8222685,42.2284776,-1.2340227,500.08,0.007,LAND,0,10,0,,0,0,0
1785496963.3244982,42.2284776,-1.2340227,500.08,0.007,LAND,0,10,0,,0,0,0
1785496963.82707,42.2284776,-1.2340227,500.08,0.007,LAND,0,10,0,,0,0,0
1785496964.3298187,42.2284776,-1.2340227,500.08,0.007,LAND,0,10,0,,0,0,0
1785496964.8320222,42.2284776,-1.2340227,500.08,0.007,LAND,0,10,0,,0,0,0
1785496965.3341982,42.2284776,-1.2340227,500.08,0.007,LAND,0,10,0,,0,0,0
1785496965.8368852,42.2284776,-1.2340227,500.08,0.007,LAND,0,10,0,,0,0,0
1785496966.3396204,42.2284776,-1.2340227,500.08,0.007,LAND,0,10,0,,0,0,0
1785496966.8420584,42.2284776,-1.2340227,500.08,0.007,LAND,0,10,0,,0,0,0
1785496967.344655,42.2284776,-1.2340227,500.08,0.007,LAND,0,10,0,,0,0,0
1785496967.847702,42.2284776,-1.2340227,500.08,0.007,LAND,0,10,0,,0,0,0
1785496968.3504486,42.2284776,-1.2340227,500.08,0.007,LAND,0,10,0,,0,0,0
1785496968.852994,42.2284776,-1.2340227,500.08,0.007,LAND,0,10,0,,0,0,0
1785496969.355739,42.2284776,-1.2340227,500.08,0.007,LAND,0,10,0,,0,0,0
1785496969.858286,42.2284776,-1.2340227,500.08,0.007,LAND,0,10,0,,0,0,0
1785496970.36098,42.2284776,-1.2340227,500.08,0.007,LAND,0,10,0,,0,0,0
1785496970.8633957,42.2284776,-1.2340227,500.08,0.007,LAND,0,10,0,,0,0,0
1785496971.3656042,42.2284776,-1.2340227,500.08,0.007,LAND,0,10,0,,0,0,0
1785496971.868598,42.2284776,-1.2340226,500.08,0.007,LAND,0,10,0,,0,0,0
1785496972.3710403,42.2284776,-1.2340226,500.08,0.007,LAND,0,10,0,,0,0,0
1785496972.8738585,42.2284776,-1.2340226,500.08,0.007,LAND,0,10,0,,0,0,0
1785496973.3763704,42.2284776,-1.2340226,500.08,0.007,LAND,0,10,0,,0,0,0
1785496973.8796968,42.2284776,-1.2340226,500.08,0.007,LAND,0,10,0,,0,0,0
1785496974.3823266,42.2284776,-1.2340226,500.08,0.007,LAND,0,10,0,,0,0,0
1785496974.8843548,42.2284776,-1.2340226,500.08,0.007,LAND,0,10,0,,0,0,0
1785496975.3868315,42.2284776,-1.2340226,500.08,0.007,LAND,0,10,0,,0,0,0
1785496975.88928,42.2284776,-1.2340226,500.08,0.007,LAND,0,10,0,,0,0,0
1785496976.3924396,42.2284776,-1.2340226,500.08,0.007,LAND,0,10,0,,0,0,0
1785496976.8951674,42.2284776,-1.2340225,500.08,0.007,LAND,0,10,0,,0,0,0
1785496977.3979626,42.2284776,-1.2340225,500.08,0.007,LAND,0,10,0,,0,0,0
1785496977.9005125,42.2284776,-1.2340225,500.08,0.007,LAND,0,10,0,,0,0,0
1785496978.4027202,42.2284776,-1.2340225,500.08,0.007,LAND,0,10,0,,0,0,0
1785496978.9050171,42.2284776,-1.2340225,500.08,0.007,LAND,0,10,0,,0,0,0
1785496979.4071984,42.2284776,-1.2340225,500.08,0.007,LAND,0,10,0,,0,0,0
1785496979.9096334,42.2284776,-1.2340225,500.08,0.007,LAND,0,10,0,,0,0,0
1785496980.4124374,42.2284776,-1.2340225,500.08,0.007,LAND,0,10,0,,0,0,0
1785496980.9150972,42.2284776,-1.2340225,500.08,0.007,LAND,0,10,0,,0,0,0
1785496981.417433,42.2284776,-1.2340225,500.08,0.007,LAND,0,10,0,,0,0,0
1785496981.9197102,42.2284776,-1.2340225,500.08,0.007,LAND,0,10,0,,0,0,0
1785496982.422754,42.2284776,-1.2340225,500.08,0.007,LAND,0,10,0,,0,0,0
1785496982.925268,42.2284776,-1.2340225,500.08,0.007,LAND,0,10,0,,0,0,0
1785496983.427782,42.2284776,-1.2340225,500.08,0.007,LAND,0,10,0,,0,0,0
1785496983.9304075,42.2284776,-1.2340225,500.08,0.007,LAND,0,10,0,,0,0,0
1785496984.4330945,42.2284776,-1.2340224,500.08,0.007,LAND,0,10,0,,0,0,0
1785496984.9358277,42.2284776,-1.2340224,500.08,0.007,LAND,0,10,0,,0,0,0
1785496985.438232,42.2284776,-1.2340224,500.08,0.007,LAND,0,10,0,,0,0,0
1785496985.9406319,42.2284776,-1.2340224,500.08,0.007,LAND,0,10,0,,0,0,0
1785496986.4433901,42.2284776,-1.2340224,500.08,0.007,LAND,0,10,0,,0,0,0
1785496986.9462473,42.2284776,-1.2340224,500.08,0.007,LAND,0,10,0,,0,0,0
1785496987.4492078,42.2284776,-1.2340224,500.08,0.007,LAND,0,10,0,,0,0,0
1785496987.9517312,42.2284776,-1.2340224,500.08,0.007,LAND,0,10,0,,0,0,0
1785496988.454023,42.2284776,-1.2340224,500.08,0.007,LAND,0,10,0,,0,0,0
1785496988.9566433,42.2284776,-1.2340224,500.08,0.007,LAND,0,10,0,,0,0,0
1785496989.4598188,42.2284776,-1.2340224,500.08,0.007,LAND,0,10,0,,0,0,0
1785496989.9619582,42.2284776,-1.2340224,500.08,0.007,LAND,0,10,0,,0,0,0
1785496990.464637,42.2284776,-1.2340224,500.08,0.007,LAND,0,10,0,,0,0,0
1785496990.9669714,42.2284776,-1.2340224,500.08,0.007,LAND,0,10,0,,0,0,0
1785496991.4698992,42.2284776,-1.2340224,500.08,0.007,LAND,0,10,0,,0,0,0
1785496991.9721928,42.2284776,-1.2340224,500.08,0.007,LAND,0,10,0,,0,0,0
1785496992.4750752,42.2284776,-1.2340224,500.08,0.007,LAND,0,10,0,,0,0,0
1785496992.9780114,42.2284776,-1.2340224,500.08,0.007,LAND,0,10,0,,0,0,0
1785496993.4812212,42.2284776,-1.2340224,500.08,0.007,LAND,0,10,0,,0,0,0
1785496993.983559,42.2284776,-1.2340224,500.08,0.008,LAND,0,10,0,,0,0,0
1785496994.4868498,42.2284776,-1.2340224,500.08,0.008,LAND,0,10,0,,0,0,0
1785496994.9890099,42.2284776,-1.2340224,500.08,0.008,LAND,0,10,0,,0,0,0
1785496995.4915252,42.2284776,-1.2340224,500.08,0.008,LAND,0,10,0,,0,0,0
1785496995.994495,42.2284776,-1.2340224,500.08,0.007,LAND,0,10,0,,0,0,0
1785496996.4973834,42.2284776,-1.2340224,500.08,0.007,LAND,0,10,0,,0,0,0
1785496997.000658,42.2284776,-1.2340224,500.08,0.007,LAND,0,10,0,,0,0,0
1785496997.5026212,42.2284776,-1.2340224,500.08,0.007,LAND,0,10,0,,0,0,0
1785496998.0057268,42.2284776,-1.2340224,500.08,0.007,LAND,0,10,0,,0,0,0
1785496998.5085726,42.2284776,-1.2340224,500.08,0.007,LAND,0,10,0,,0,0,0
1785496999.0108788,42.2284776,-1.2340224,500.08,0.007,LAND,0,10,0,,0,0,0
1785496999.5127757,42.2284776,-1.2340224,500.08,0.007,LAND,0,10,0,,0,0,0
1785497000.0156004,42.2284776,-1.2340224,500.08,0.007,LAND,0,10,0,,0,0,0
1785497000.5185342,42.2284776,-1.2340224,500.08,0.007,LAND,0,10,0,,0,0,0
1785497001.0212777,42.2284776,-1.2340224,500.08,0.007,LAND,0,10,0,,0,0,0
1785497001.5237632,42.2284776,-1.2340224,500.08,0.007,LAND,0,10,0,,0,0,0
1785497002.026507,42.2284776,-1.2340224,500.08,0.007,LAND,0,10,0,,0,0,0
1785497002.5290763,42.2284776,-1.2340224,500.08,0.007,LAND,0,10,0,,0,0,0
1785497003.031803,42.2284776,-1.2340224,500.08,0.007,LAND,0,10,0,,0,0,0
1785497003.534607,42.2284776,-1.2340224,500.08,0.007,LAND,0,10,0,,0,0,0
1785497004.03748,42.2284776,-1.2340224,500.08,0.007,LAND,0,10,0,,0,0,0
1785497004.5398755,42.2284776,-1.2340223,500.08,0.007,LAND,0,10,0,,0,0,0
1785497005.0425692,42.2284776,-1.2340223,500.08,0.007,LAND,0,10,0,,0,0,0
1785497005.5448942,42.2284776,-1.2340223,500.08,0.007,LAND,0,10,0,,0,0,0
1785497006.0477772,42.2284776,-1.2340223,500.08,0.007,LAND,0,10,0,,0,0,0
1785497006.5514083,42.2284776,-1.2340223,500.08,0.007,LAND,0,10,0,,0,0,0
1785497007.0538633,42.2284776,-1.2340223,500.08,0.007,LAND,0,10,0,,0,0,0
1785497007.5559626,42.2284776,-1.2340223,500.08,0.007,LAND,0,10,0,,0,0,0
1785497008.058543,42.2284776,-1.2340223,500.08,0.007,LAND,0,10,0,,0,0,0
1785497008.5613844,42.2284776,-1.2340223,500.08,0.007,LAND,0,10,0,,0,0,0
1785497009.063862,42.2284776,-1.2340223,500.08,0.007,LAND,0,10,0,,0,0,0
1785497009.566924,42.2284776,-1.2340223,500.08,0.007,LAND,0,10,0,,0,0,0
1785497010.069889,42.2284776,-1.2340223,500.08,0.007,LAND,0,10,0,,0,0,0
1785497010.5728455,42.2284776,-1.2340223,500.08,0.007,LAND,0,10,0,,0,0,0
1785497011.0756178,42.2284776,-1.2340223,500.08,0.007,LAND,0,10,0,,0,0,0
1785497011.5780137,42.2284776,-1.2340223,500.08,0.007,LAND,0,10,0,,0,0,0
1785497012.0810153,42.2284776,-1.2340223,500.08,0.007,LAND,0,10,0,,0,0,0
1785497012.5842986,42.2284776,-1.2340223,500.08,0.007,LAND,0,10,0,,0,0,0
1785497013.0867825,42.2284776,-1.2340223,500.08,0.007,LAND,0,10,0,,0,0,0
1785497013.5895598,42.2284776,-1.2340223,500.08,0.007,LAND,0,10,0,,0,0,0
1785497014.092082,42.2284776,-1.2340223,500.08,0.007,LAND,0,10,0,,0,0,0
1785497014.5950236,42.2284776,-1.2340223,500.08,0.007,LAND,0,10,0,,0,0,0
1785497015.0979714,42.2284776,-1.2340223,500.08,0.007,LAND,0,10,0,,0,0,0
1785497015.6007075,42.2284776,-1.2340223,500.08,0.007,LAND,0,10,0,,0,0,0
1785497016.1030738,42.2284776,-1.2340223,500.08,0.007,LAND,0,10,0,,0,0,0
1785497016.6052654,42.2284776,-1.2340223,500.08,0.007,LAND,0,10,0,,0,0,0
1785497017.1077783,42.2284776,-1.2340223,500.08,0.007,LAND,0,10,0,,0,0,0
1785497017.6105607,42.2284776,-1.2340223,500.08,0.007,LAND,0,10,0,,0,0,0
1785497018.1129797,42.2284776,-1.2340223,500.08,0.007,LAND,0,10,0,,0,0,0
1785497018.6159222,42.2284776,-1.2340223,500.08,0.007,LAND,0,10,0,,0,0,0
1785497019.1186907,42.2284776,-1.2340223,500.08,0.007,LAND,0,10,0,,0,0,0
1785497019.621154,42.2284776,-1.2340223,500.08,0.007,LAND,0,10,0,,0,0,0
1785497020.123829,42.2284776,-1.2340223,500.08,0.007,LAND,0,10,0,,0,0,0
1785497020.626264,42.2284776,-1.2340223,500.08,0.007,LAND,0,10,0,,0,0,0
1785497021.1290028,42.2284776,-1.2340223,500.08,0.007,LAND,0,10,0,,0,0,0
1785497021.6311035,42.2284776,-1.2340223,500.08,0.007,LAND,0,10,0,,0,0,0
1785497022.1334097,42.2284776,-1.2340223,500.08,0.007,LAND,0,10,0,,0,0,0
1785497022.6363363,42.2284776,-1.2340223,500.08,0.007,LAND,0,10,0,,0,0,0
1785497023.1392074,42.2284776,-1.2340223,500.08,0.007,LAND,0,10,0,,0,0,0
1785497023.6416726,42.2284776,-1.2340223,500.08,0.007,LAND,0,10,0,,0,0,0
1785497024.1439772,42.2284776,-1.2340223,500.08,0.007,LAND,0,10,0,,0,0,0
1785497024.6467483,42.2284776,-1.2340223,500.08,0.007,LAND,0,10,0,,0,0,0
1785497025.149783,42.2284776,-1.2340223,500.08,0.007,LAND,0,10,0,,0,0,0
1785497025.6522105,42.2284776,-1.2340223,500.08,0.007,LAND,0,10,0,,0,0,0
1785497026.1544082,42.2284776,-1.2340223,500.08,0.007,LAND,0,10,0,,0,0,0
1785497026.6568055,42.2284776,-1.2340223,500.08,0.007,LAND,0,10,0,,0,0,0
1785497027.1590686,42.2284776,-1.2340223,500.08,0.007,LAND,0,10,0,,0,0,0
1785497027.6620665,42.2284776,-1.2340223,500.08,0.007,LAND,0,10,0,,0,0,0
1785497028.1646566,42.2284776,-1.2340223,500.08,0.007,LAND,0,10,0,,0,0,0
1785497028.6680105,42.2284776,-1.2340223,500.08,0.007,LAND,0,10,0,,0,0,0
1785497029.170598,42.2284776,-1.2340223,500.08,0.007,LAND,0,10,0,,0,0,0
1785497029.6729357,42.2284776,-1.2340223,500.08,0.007,LAND,0,10,0,,0,0,0
1785497030.1753254,42.2284776,-1.2340223,500.08,0.007,LAND,0,10,0,,0,0,0
1785497030.677559,42.2284776,-1.2340223,500.08,0.007,LAND,0,10,0,,0,0,0
1785497031.1806781,42.2284776,-1.2340223,500.08,0.007,LAND,0,10,0,,0,0,0
1785497031.6833985,42.2284776,-1.2340223,500.08,0.007,LAND,0,10,0,,0,0,0
1785497032.1856778,42.2284776,-1.2340223,500.08,0.007,LAND,0,10,0,,0,0,0
1785497032.6881998,42.2284776,-1.2340223,500.08,0.007,LAND,0,10,0,,0,0,0
1785497033.1912372,42.2284776,-1.2340223,500.08,0.007,LAND,0,10,0,,0,0,0
1785497033.6936486,42.2284776,-1.2340223,500.08,0.007,LAND,0,10,0,,0,0,0
1785497034.1963787,42.2284776,-1.2340223,500.08,0.007,LAND,0,10,0,,0,0,0
1785497034.6989365,42.2284776,-1.2340223,500.08,0.007,LAND,0,10,0,,0,0,0
1785497035.2014904,42.2284776,-1.2340223,500.08,0.007,LAND,0,10,0,,0,0,0
1785497035.7039816,42.2284776,-1.2340223,500.08,0.007,LAND,0,10,0,,0,0,0
1785497036.2065213,42.2284776,-1.2340223,500.08,0.007,LAND,0,10,0,,0,0,0
1785497036.7091267,42.2284776,-1.2340223,500.08,0.007,LAND,0,10,0,,0,0,0
1785497037.211715,42.2284776,-1.2340223,500.08,0.007,LAND,0,10,0,,0,0,0
1785497037.7148702,42.2284776,-1.2340223,500.08,0.007,LAND,0,10,0,,0,0,0
1785497038.2175646,42.2284776,-1.2340223,500.08,0.007,LAND,0,10,0,,0,0,0
1785497038.7209983,42.2284776,-1.2340223,500.08,0.007,LAND,0,10,0,,0,0,0
1785497039.2241552,42.2284776,-1.2340223,500.08,0.007,LAND,0,10,0,,0,0,0
1785497039.7261236,42.2284776,-1.2340223,500.08,0.007,LAND,0,10,0,,0,0,0
1785497040.228969,42.2284776,-1.2340223,500.08,0.007,LAND,0,10,0,,0,0,0
1785497040.7323766,42.2284776,-1.2340223,500.08,0.007,LAND,0,10,0,,0,0,0
1785497041.2348073,42.2284776,-1.2340223,500.08,0.007,LAND,0,10,0,,0,0,0
1785497041.7376592,42.2284776,-1.2340223,500.08,0.007,LAND,0,10,0,,0,0,0
1785497042.2399619,42.2284776,-1.2340223,500.08,0.007,LAND,0,10,0,,0,0,0
1785497042.7433038,42.2284776,-1.2340223,500.08,0.007,LAND,0,10,0,,0,0,0
1785497043.2459738,42.2284776,-1.2340223,500.08,0.007,LAND,0,10,0,,0,0,0
1785497043.7486382,42.2284776,-1.2340223,500.08,0.007,LAND,0,10,0,,0,0,0
1785497044.2516825,42.2284776,-1.2340223,500.08,0.007,LAND,0,10,0,,0,0,0
1785497044.7545977,42.2284776,-1.2340223,500.08,0.007,LAND,0,10,0,,0,0,0
1785497045.2571638,42.2284776,-1.2340223,500.08,0.007,LAND,0,10,0,,0,0,0
1785497045.7596657,42.2284776,-1.2340223,500.08,0.007,LAND,0,10,0,,0,0,0
1785497046.2620559,42.2284776,-1.2340223,500.08,0.007,LAND,0,10,0,,0,0,0
1785497046.7654731,42.2284776,-1.2340223,500.08,0.007,LAND,0,10,0,,0,0,0
1785497047.2681499,42.2284776,-1.2340223,500.08,0.007,LAND,0,10,0,,0,0,0
1785497047.7703419,42.2284776,-1.2340223,500.08,0.007,LAND,0,10,0,,0,0,0
1785497048.2727127,42.2284776,-1.2340223,500.08,0.007,LAND,0,10,0,,0,0,0
1785497048.7754939,42.2284776,-1.2340223,500.08,0.007,LAND,0,10,0,,0,0,0
1785497049.2779553,42.2284776,-1.2340223,500.08,0.007,LAND,0,10,0,,0,0,0
1785497049.7814507,42.2284776,-1.2340223,500.08,0.007,LAND,0,10,0,,0,0,0
1785497050.2835014,42.2284776,-1.2340223,500.08,0.007,LAND,0,10,0,,0,0,0
1785497050.7858148,42.2284776,-1.2340223,500.08,0.007,LAND,0,10,0,,0,0,0
1785497051.288007,42.2284776,-1.2340223,500.08,0.007,LAND,0,10,0,,0,0,0
1785497051.7903476,42.2284776,-1.2340223,500.08,0.007,LAND,0,10,0,,0,0,0
1785497052.2931917,42.2284776,-1.2340223,500.08,0.007,LAND,0,10,0,,0,0,0
1785497052.7961419,42.2284776,-1.2340223,500.08,0.007,LAND,0,10,0,,0,0,0
1785497053.2994869,42.2284776,-1.2340223,500.08,0.007,LAND,0,10,0,,0,0,0
1785497053.8019125,42.2284776,-1.2340223,500.08,0.007,LAND,0,10,0,,0,0,0
1785497054.304502,42.2284776,-1.2340223,500.08,0.007,LAND,0,10,0,,0,0,0
1785497054.8074145,42.2284776,-1.2340223,500.08,0.007,LAND,0,10,0,,0,0,0
1785497055.3101203,42.2284776,-1.2340223,500.08,0.007,LAND,0,10,0,,0,0,0
1785497055.8124058,42.2284776,-1.2340223,500.08,0.007,LAND,0,10,0,,0,0,0
1785497056.3145046,42.2284776,-1.2340223,500.08,0.007,LAND,0,10,0,,0,0,0
1785497056.8169622,42.2284776,-1.2340223,500.08,0.007,LAND,0,10,0,,0,0,0
1785497057.3196523,42.2284776,-1.2340223,500.08,0.007,LAND,0,10,0,,0,0,0
1785497057.8222108,42.2284776,-1.2340223,500.08,0.007,LAND,0,10,0,,0,0,0
1785497058.3247766,42.2284776,-1.2340223,500.08,0.007,LAND,0,10,0,,0,0,0
1785497058.8272572,42.2284776,-1.2340223,500.08,0.007,LAND,0,10,0,,0,0,0
1785497059.3297985,42.2284776,-1.2340223,500.08,0.007,LAND,0,10,0,,0,0,0
1785497059.8321397,42.2284776,-1.2340223,500.08,0.007,LAND,0,10,0,,0,0,0
1785497060.3347633,42.2284776,-1.2340223,500.08,0.007,LAND,0,10,0,,0,0,0
1785497060.8372636,42.2284776,-1.2340223,500.08,0.007,LAND,0,10,0,,0,0,0
1785497061.3399897,42.2284776,-1.2340223,500.08,0.007,LAND,0,10,0,,0,0,0
1785497061.8422842,42.2284776,-1.2340223,500.08,0.007,LAND,0,10,0,,0,0,0
1785497062.3440359,42.2284776,-1.2340223,500.08,0.007,LAND,0,10,0,,0,0,0
1785497062.8475733,42.2284776,-1.2340223,500.08,0.007,LAND,0,10,0,,0,0,0
1785497063.350859,42.2284776,-1.2340223,500.08,0.007,LAND,0,10,0,,0,0,0
1785497063.853104,42.2284776,-1.2340223,500.08,0.007,LAND,0,10,0,,0,0,0
1785497064.356289,42.2284776,-1.2340223,500.08,0.007,LAND,0,10,0,,0,0,0
1785497064.8588154,42.2284776,-1.2340223,500.08,0.007,LAND,0,10,0,,0,0,0
1785497065.3606937,42.2284776,-1.2340223,500.08,0.007,LAND,0,10,0,,0,0,0
1785497065.863261,42.2284776,-1.2340223,500.08,0.007,LAND,0,10,0,,0,0,0
1785497066.3659654,42.2284776,-1.2340223,500.08,0.007,LAND,0,10,0,,0,0,0
1785497066.8685107,42.2284776,-1.2340223,500.08,0.007,LAND,0,10,0,,0,0,0
1785497067.3708878,42.2284776,-1.2340223,500.08,0.007,LAND,0,10,0,,0,0,0
1785497067.873336,42.2284776,-1.2340223,500.08,0.007,LAND,0,10,0,,0,0,0
1785497068.375286,42.2284776,-1.2340223,500.08,0.007,LAND,0,10,0,,0,0,0
1785497068.8785925,42.2284776,-1.2340223,500.08,0.007,LAND,0,10,0,,0,0,0
1785497069.3809855,42.2284776,-1.2340223,500.08,0.007,LAND,0,10,0,,0,0,0
1785497069.8834858,42.2284776,-1.2340223,500.08,0.007,LAND,0,10,0,,0,0,0
1785497070.3859289,42.2284776,-1.2340223,500.08,0.007,LAND,0,10,0,,0,0,0
1785497070.8886395,42.2284776,-1.2340223,500.08,0.007,LAND,0,10,0,,0,0,0
1785497071.390691,42.2284776,-1.2340223,500.08,0.007,LAND,0,10,0,,0,0,0
1785497071.8931868,42.2284776,-1.2340223,500.08,0.007,LAND,0,10,0,,0,0,0
1785497072.3949661,42.2284776,-1.2340223,500.08,0.007,LAND,0,10,0,,0,0,0
1785497072.897017,42.2284776,-1.2340223,500.08,0.007,LAND,0,10,0,,0,0,0
1785497073.3999088,42.2284776,-1.2340223,500.08,0.007,LAND,0,10,0,,0,0,0
1785497073.9025106,42.2284776,-1.2340223,500.08,0.007,LAND,0,10,0,,0,0,0
1785497074.404688,42.2284776,-1.2340223,500.08,0.007,LAND,0,10,0,,0,0,0
1785497074.9069102,42.2284776,-1.2340223,500.08,0.007,LAND,0,10,0,,0,0,0
1785497075.4094045,42.2284776,-1.2340223,500.08,0.007,LAND,0,10,0,,0,0,0
1785497075.9119103,42.2284776,-1.2340223,500.08,0.007,LAND,0,10,0,,0,0,0
1785497076.4146903,42.2284776,-1.2340223,500.08,0.007,LAND,0,10,0,,0,0,0
1785497076.917042,42.2284776,-1.2340223,500.08,0.007,LAND,0,10,0,,0,0,0
1785497077.4192696,42.2284776,-1.2340223,500.08,0.007,LAND,0,10,0,,0,0,0
1785497077.9211714,42.2284776,-1.2340223,500.08,0.007,LAND,0,10,0,,0,0,0
1785497078.4232848,42.2284776,-1.2340223,500.08,0.007,LAND,0,10,0,,0,0,0
1785497078.9259129,42.2284776,-1.2340223,500.08,0.007,LAND,0,10,0,,0,0,0
1785497079.42806,42.2284776,-1.2340223,500.08,0.007,LAND,0,10,0,,0,0,0
1785497079.9303021,42.2284776,-1.2340223,500.08,0.007,LAND,0,10,0,,0,0,0
1785497080.4329646,42.2284776,-1.2340223,500.08,0.007,LAND,0,10,0,,0,0,0
1785497080.9353647,42.2284776,-1.2340223,500.08,0.007,LAND,0,10,0,,0,0,0
1785497081.437684,42.2284776,-1.2340223,500.08,0.007,LAND,0,10,0,,0,0,0
1785497081.9403415,42.2284776,-1.2340223,500.08,0.007,LAND,0,10,0,,0,0,0
1785497082.4429414,42.2284776,-1.2340223,500.08,0.007,LAND,0,10,0,,0,0,0
1785497082.945515,42.2284776,-1.2340223,500.08,0.007,LAND,0,10,0,,0,0,0
1785497083.4476926,42.2284776,-1.2340223,500.08,0.007,LAND,0,10,0,,0,0,0
1785497083.9506028,42.2284776,-1.2340223,500.08,0.007,LAND,0,10,0,,0,0,0
1785497084.4528306,42.2284776,-1.2340223,500.08,0.007,LAND,0,10,0,,0,0,0
1785497084.9548342,42.2284776,-1.2340223,500.08,0.007,LAND,0,10,0,,0,0,0
1785497085.4570994,42.2284776,-1.2340223,500.08,0.007,LAND,0,10,0,,0,0,0
1785497085.9591134,42.2284776,-1.2340223,500.08,0.007,LAND,0,10,0,,0,0,0
1785497086.4622638,42.2284776,-1.2340223,500.08,0.007,LAND,0,10,0,,0,0,0
1785497086.96459,42.2284776,-1.2340223,500.08,0.007,LAND,0,10,0,,0,0,0
1785497087.4673176,42.2284776,-1.2340223,500.08,0.007,LAND,0,10,0,,0,0,0
1785497087.9696379,42.2284776,-1.2340223,500.08,0.007,LAND,0,10,0,,0,0,0
1785497088.472197,42.2284776,-1.2340223,500.08,0.007,LAND,0,10,0,,0,0,0
1785497088.9747999,42.2284776,-1.2340223,500.08,0.007,LAND,0,10,0,,0,0,0
1785497089.477032,42.2284776,-1.2340223,500.08,0.007,LAND,0,10,0,,0,0,0
1785497089.9789875,42.2284776,-1.2340223,500.08,0.007,LAND,0,10,0,,0,0,0
1785497090.4817853,42.2284776,-1.2340223,500.08,0.007,LAND,0,10,0,,0,0,0
1785497090.984312,42.2284776,-1.2340223,500.08,0.007,LAND,0,10,0,,0,0,0
1785497091.4866493,42.2284776,-1.2340223,500.08,0.007,LAND,0,10,0,,0,0,0
1785497091.989143,42.2284776,-1.2340223,500.08,0.007,LAND,0,10,0,,0,0,0
1785497092.491477,42.2284776,-1.2340223,500.08,0.007,LAND,0,10,0,,0,0,0
1785497092.9937062,42.2284776,-1.2340223,500.08,0.007,LAND,0,10,0,,0,0,0
1785497093.4955256,42.2284776,-1.2340223,500.08,0.007,LAND,0,10,0,,0,0,0
1785497093.998018,42.2284776,-1.2340223,500.08,0.007,LAND,0,10,0,,0,0,0
1785497094.5002856,42.2284776,-1.2340223,500.08,0.007,LAND,0,10,0,,0,0,0
1785497095.0022817,42.2284776,-1.2340223,500.08,0.007,LAND,0,10,0,,0,0,0
1785497095.504924,42.2284776,-1.2340223,500.08,0.007,LAND,0,10,0,,0,0,0
1785497096.0066829,42.2284776,-1.2340223,500.08,0.007,LAND,0,10,0,,0,0,0
1785497096.5089755,42.2284776,-1.2340223,500.08,0.007,LAND,0,10,0,,0,0,0
1785497097.0121093,42.2284776,-1.2340223,500.08,0.007,LAND,0,10,0,,0,0,0
1785497097.5150185,42.2284776,-1.2340223,500.08,0.007,LAND,0,10,0,,0,0,0
1785497098.0175376,42.2284776,-1.2340223,500.08,0.007,LAND,0,10,0,,0,0,0
1785497098.5204298,42.2284776,-1.2340223,500.08,0.007,LAND,0,10,0,,0,0,0
1785497099.0230393,42.2284776,-1.2340223,500.08,0.007,LAND,0,10,0,,0,0,0
1785497099.525331,42.2284776,-1.2340223,500.08,0.007,LAND,0,10,0,,0,0,0
1785497100.0279706,42.2284776,-1.2340223,500.08,0.007,LAND,0,10,0,,0,0,0
1785497100.5300498,42.2284776,-1.2340223,500.08,0.007,LAND,0,10,0,,0,0,0
1785497101.032266,42.2284776,-1.2340223,500.08,0.007,LAND,0,10,0,,0,0,0
1785497101.5342903,42.2284776,-1.2340223,500.08,0.007,LAND,0,10,0,,0,0,0
1785497102.036526,42.2284776,-1.2340223,500.08,0.007,LAND,0,10,0,,0,0,0
1785497102.5388658,42.2284776,-1.2340223,500.08,0.007,LAND,0,10,0,,0,0,0
1785497103.04145,42.2284776,-1.2340223,500.08,0.007,LAND,0,10,0,,0,0,0
1785497103.5442183,42.2284776,-1.2340223,500.08,0.007,LAND,0,10,0,,0,0,0
1785497104.0461648,42.2284776,-1.2340223,500.08,0.007,LAND,0,10,0,,0,0,0
1785497104.548502,42.2284776,-1.2340223,500.08,0.007,LAND,0,10,0,,0,0,0
1785497105.051278,42.2284776,-1.2340223,500.08,0.007,LAND,0,10,0,,0,0,0
1785497105.553974,42.2284776,-1.2340223,500.08,0.007,LAND,0,10,0,,0,0,0
1785497106.0563247,42.2284776,-1.2340223,500.08,0.007,LAND,0,10,0,,0,0,0
1785497106.5584798,42.2284776,-1.2340223,500.08,0.007,LAND,0,10,0,,0,0,0
1785497107.060822,42.2284776,-1.2340223,500.08,0.007,LAND,0,10,0,,0,0,0
1785497107.5629632,42.2284776,-1.2340223,500.08,0.007,LAND,0,10,0,,0,0,0
1785497108.0656385,42.2284776,-1.2340223,500.08,0.007,LAND,0,10,0,,0,0,0
1785497108.567997,42.2284776,-1.2340223,500.08,0.007,LAND,0,10,0,,0,0,0
1785497109.0703342,42.2284776,-1.2340223,500.08,0.007,LAND,0,10,0,,0,0,0
1785497109.5724754,42.2284776,-1.2340223,500.08,0.007,LAND,0,10,0,,0,0,0
1785497110.0748353,42.2284776,-1.2340223,500.08,0.007,LAND,0,10,0,,0,0,0
1785497110.5773842,42.2284776,-1.2340223,500.08,0.007,LAND,0,10,0,,0,0,0
1785497111.0793173,42.2284776,-1.2340223,500.08,0.007,LAND,0,10,0,,0,0,0
1785497111.5813088,42.2284776,-1.2340223,500.08,0.007,LAND,0,10,0,,0,0,0
1785497112.0839863,42.2284776,-1.2340223,500.08,0.007,LAND,0,10,0,,0,0,0
1785497112.5861022,42.2284776,-1.2340223,500.08,0.007,LAND,0,10,0,,0,0,0
1785497113.0885324,42.2284776,-1.2340223,500.08,0.007,LAND,0,10,0,,0,0,0
1785497113.5907302,42.2284776,-1.2340223,500.08,0.007,LAND,0,10,0,,0,0,0
1785497114.093122,42.2284776,-1.2340223,500.08,0.007,LAND,0,10,0,,0,0,0
1785497114.5954723,42.2284776,-1.2340223,500.08,0.007,LAND,0,10,0,,0,0,0
1785497115.0979097,42.2284776,-1.2340223,500.08,0.007,LAND,0,10,0,,0,0,0
1785497115.6007645,42.2284776,-1.2340223,500.08,0.007,LAND,0,10,0,,0,0,0
1785497116.1031535,42.2284776,-1.2340223,500.08,0.007,LAND,0,10,0,,0,0,0
1785497116.605658,42.2284776,-1.2340223,500.08,0.007,LAND,0,10,0,,0,0,0
1785497117.1082854,42.2284776,-1.2340223,500.08,0.007,LAND,0,10,0,,0,0,0
1785497117.6106763,42.2284776,-1.2340223,500.08,0.007,LAND,0,10,0,,0,0,0
1785497118.112823,42.2284776,-1.2340223,500.08,0.007,LAND,0,10,0,,0,0,0
1785497118.6151452,42.2284776,-1.2340223,500.08,0.007,LAND,0,10,0,,0,0,0
1785497119.1185112,42.2284776,-1.2340223,500.08,0.007,LAND,0,10,0,,0,0,0
1785497119.6205196,42.2284776,-1.2340223,500.08,0.007,LAND,0,10,0,,0,0,0
1785497120.1232133,42.2284776,-1.2340223,500.08,0.007,LAND,0,10,0,,0,0,0
1785497120.6253295,42.2284776,-1.2340223,500.08,0.007,LAND,0,10,0,,0,0,0
1785497121.1280477,42.2284776,-1.2340223,500.08,0.007,LAND,0,10,0,,0,0,0
1785497121.6300387,42.2284776,-1.2340223,500.08,0.007,LAND,0,10,0,,0,0,0
1785497122.132674,42.2284776,-1.2340223,500.08,0.007,LAND,0,10,0,,0,0,0
1785497122.6348782,42.2284776,-1.2340223,500.08,0.007,LAND,0,10,0,,0,0,0
1785497123.1373746,42.2284776,-1.2340223,500.08,0.007,LAND,0,10,0,,0,0,0
1785497123.6397974,42.2284776,-1.2340223,500.08,0.007,LAND,0,10,0,,0,0,0
1785497124.1420016,42.2284776,-1.2340223,500.08,0.007,LAND,0,10,0,,0,0,0
1785497124.6441576,42.2284776,-1.2340223,500.08,0.007,LAND,0,10,0,,0,0,0
1785497125.1471322,42.2284776,-1.2340223,500.08,0.007,LAND,0,10,0,,0,0,0
1785497125.649909,42.2284776,-1.2340223,500.08,0.007,LAND,0,10,0,,0,0,0
1785497126.1522002,42.2284776,-1.2340223,500.08,0.007,LAND,0,10,0,,0,0,0
1785497126.6543546,42.2284776,-1.2340223,500.08,0.007,LAND,0,10,0,,0,0,0
1785497127.1566017,42.2284776,-1.2340223,500.08,0.007,LAND,0,10,0,,0,0,0
1785497127.6592436,42.2284776,-1.2340223,500.08,0.007,LAND,0,10,0,,0,0,0
1785497128.1618545,42.2284776,-1.2340223,500.08,0.007,LAND,0,10,0,,0,0,0
1785497128.6642785,42.2284776,-1.2340223,500.08,0.007,LAND,0,10,0,,0,0,0
1785497129.166515,42.2284776,-1.2340223,500.08,0.007,LAND,0,10,0,,0,0,0
1785497129.66811,42.2284776,-1.2340223,500.08,0.007,LAND,0,10,0,,0,0,0
1785497130.1705356,42.2284776,-1.2340223,500.08,0.007,LAND,0,10,0,,0,0,0
1785497130.6732004,42.2284776,-1.2340223,500.08,0.007,LAND,0,10,0,,0,0,0
1785497131.1757731,42.2284776,-1.2340223,500.08,0.007,LAND,0,10,0,,0,0,0
1785497131.678123,42.2284776,-1.2340223,500.08,0.007,LAND,0,10,0,,0,0,0
1785497132.1805162,42.2284776,-1.2340223,500.08,0.007,LAND,0,10,0,,0,0,0
1785497132.6830244,42.2284776,-1.2340223,500.08,0.007,LAND,0,10,0,,0,0,0
1785497133.185169,42.2284776,-1.2340223,500.08,0.007,LAND,0,10,0,,0,0,0
1785497133.6881843,42.2284776,-1.2340223,500.08,0.007,LAND,0,10,0,,0,0,0
1785497134.1906462,42.2284776,-1.2340223,500.08,0.007,LAND,0,10,0,,0,0,0
1785497134.6931572,42.2284776,-1.2340223,500.08,0.007,LAND,0,10,0,,0,0,0
1785497135.1959178,42.2284776,-1.2340223,500.08,0.007,LAND,0,10,0,,0,0,0
1785497135.6983862,42.2284776,-1.2340223,500.08,0.007,LAND,0,10,0,,0,0,0
1785497136.201191,42.2284776,-1.2340223,500.08,0.007,LAND,0,10,0,,0,0,0
1785497136.7035196,42.2284776,-1.2340223,500.08,0.007,LAND,0,10,0,,0,0,0
1785497137.205385,42.2284776,-1.2340223,500.08,0.007,LAND,0,10,0,,0,0,0
1785497137.7075415,42.2284776,-1.2340223,500.08,0.007,LAND,0,10,0,,0,0,0
1785497138.2098794,42.2284776,-1.2340223,500.08,0.007,LAND,0,10,0,,0,0,0
1785497138.712182,42.2284776,-1.2340223,500.08,0.007,LAND,0,10,0,,0,0,0
1785497139.214655,42.2284776,-1.2340223,500.08,0.007,LAND,0,10,0,,0,0,0
1785497139.7170298,42.2284776,-1.2340223,500.08,0.007,LAND,0,10,0,,0,0,0
1785497140.2196846,42.2284776,-1.2340223,500.08,0.007,LAND,0,10,0,,0,0,0
1785497140.7219553,42.2284776,-1.2340223,500.08,0.007,LAND,0,10,0,,0,0,0
1785497141.224353,42.2284776,-1.2340223,500.08,0.007,LAND,0,10,0,,0,0,0
1785497141.7268033,42.2284776,-1.2340223,500.08,0.007,LAND,0,10,0,,0,0,0
1785497142.2290654,42.2284776,-1.2340223,500.08,0.007,LAND,0,10,0,,0,0,0
1785497142.7318294,42.2284776,-1.2340223,500.08,0.007,LAND,0,10,0,,0,0,0
1785497143.2343845,42.2284776,-1.2340223,500.08,0.007,LAND,0,10,0,,0,0,0
1785497143.7364557,42.2284776,-1.2340223,500.08,0.007,LAND,0,10,0,,0,0,0
1785497144.2389846,42.2284776,-1.2340223,500.08,0.007,LAND,0,10,0,,0,0,0
1785497144.7416775,42.2284776,-1.2340223,500.08,0.007,LAND,0,10,0,,0,0,0
1785497145.24424,42.2284776,-1.2340223,500.08,0.007,LAND,0,10,0,,0,0,0
1785497145.746517,42.2284776,-1.2340223,500.08,0.007,LAND,0,10,0,,0,0,0
1785497146.2487807,42.2284776,-1.2340223,500.08,0.007,LAND,0,10,0,,0,0,0
1785497146.7513106,42.2284776,-1.2340223,500.08,0.007,LAND,0,10,0,,0,0,0
1785497147.2537916,42.2284776,-1.2340223,500.08,0.007,LAND,0,10,0,,0,0,0
1785497147.7561405,42.2284776,-1.2340223,500.08,0.007,LAND,0,10,0,,0,0,0
1785497148.2589965,42.2284776,-1.2340223,500.08,0.007,LAND,0,10,0,,0,0,0
1785497148.7619498,42.2284776,-1.2340223,500.08,0.007,LAND,0,10,0,,0,0,0
1785497149.2642636,42.2284776,-1.2340223,500.08,0.007,LAND,0,10,0,,0,0,0
1785497149.7671146,42.2284776,-1.2340223,500.08,0.007,LAND,0,10,0,,0,0,0
1785497150.2693844,42.2284776,-1.2340223,500.08,0.007,LAND,0,10,0,,0,0,0
1785497150.7716038,42.2284776,-1.2340223,500.08,0.007,LAND,0,10,0,,0,0,0
1785497151.2736766,42.2284776,-1.2340223,500.08,0.007,LAND,0,10,0,,0,0,0
1785497151.7762713,42.2284776,-1.2340223,500.08,0.007,LAND,0,10,0,,0,0,0
1785497152.2784717,42.2284776,-1.2340223,500.08,0.007,LAND,0,10,0,,0,0,0
1785497152.7808013,42.2284776,-1.2340223,500.08,0.007,LAND,0,10,0,,0,0,0
1785497153.2835174,42.2284776,-1.2340223,500.08,0.007,LAND,0,10,0,,0,0,0
1785497153.786114,42.2284776,-1.2340223,500.08,0.007,LAND,0,10,0,,0,0,0
1785497154.288804,42.2284776,-1.2340223,500.08,0.007,LAND,0,10,0,,0,0,0
1785497154.7914133,42.2284776,-1.2340223,500.08,0.007,LAND,0,10,0,,0,0,0
1785497155.2940447,42.2284776,-1.2340223,500.08,0.007,LAND,0,10,0,,0,0,0
1785497155.7965376,42.2284776,-1.2340223,500.08,0.007,LAND,0,10,0,,0,0,0
1785497156.2993994,42.2284776,-1.2340223,500.08,0.007,LAND,0,10,0,,0,0,0
1785497156.8023229,42.2284776,-1.2340223,500.08,0.007,LAND,0,10,0,,0,0,0
1785497157.3052263,42.2284776,-1.2340223,500.08,0.007,LAND,0,10,0,,0,0,0
1785497157.8076096,42.2284776,-1.2340223,500.08,0.007,LAND,0,10,0,,0,0,0
1785497158.3098593,42.2284776,-1.2340223,500.08,0.007,LAND,0,10,0,,0,0,0
1785497158.8129206,42.2284776,-1.2340223,500.08,0.007,LAND,0,10,0,,0,0,0
1785497159.3149867,42.2284776,-1.2340223,500.08,0.007,LAND,0,10,0,,0,0,0
1785497159.8180363,42.2284776,-1.2340223,500.08,0.007,LAND,0,10,0,,0,0,0
1785497160.3207881,42.2284776,-1.2340223,500.08,0.007,LAND,0,10,0,,0,0,0
1785497160.823113,42.2284776,-1.2340223,500.08,0.007,LAND,0,10,0,,0,0,0
1785497161.3254116,42.2284776,-1.2340223,500.08,0.007,LAND,0,10,0,,0,0,0
1785497161.8287807,42.2284776,-1.2340223,500.08,0.007,LAND,0,10,0,,0,0,0
1785497162.3312762,42.2284776,-1.2340223,500.08,0.007,LAND,0,10,0,,0,0,0
1785497162.833898,42.2284776,-1.2340223,500.08,0.007,LAND,0,10,0,,0,0,0
1785497163.3360345,42.2284776,-1.2340223,500.08,0.007,LAND,0,10,0,,0,0,0
1785497163.838689,42.2284776,-1.2340223,500.08,0.007,LAND,0,10,0,,0,0,0
1785497164.3412008,42.2284776,-1.2340223,500.08,0.007,LAND,0,10,0,,0,0,0
1785497164.8440442,42.2284776,-1.2340223,500.08,0.007,LAND,0,10,0,,0,0,0
1785497165.346529,42.2284776,-1.2340223,500.08,0.007,LAND,0,10,0,,0,0,0
1785497165.8489006,42.2284776,-1.2340223,500.08,0.007,LAND,0,10,0,,0,0,0
1785497166.3514612,42.2284776,-1.2340223,500.08,0.007,LAND,0,10,0,,0,0,0
1785497166.853934,42.2284776,-1.2340223,500.08,0.007,LAND,0,10,0,,0,0,0
1785497167.3562937,42.2284776,-1.2340223,500.08,0.007,LAND,0,10,0,,0,0,0
1785497167.8588388,42.2284776,-1.2340223,500.08,0.007,LAND,0,10,0,,0,0,0
1785497168.3611019,42.2284776,-1.2340223,500.08,0.007,LAND,0,10,0,,0,0,0
1785497168.8637247,42.2284776,-1.2340223,500.08,0.007,LAND,0,10,0,,0,0,0
1785497169.3662298,42.2284776,-1.2340223,500.08,0.007,LAND,0,10,0,,0,0,0
1785497169.8693397,42.2284776,-1.2340223,500.08,0.007,LAND,0,10,0,,0,0,0
1785497170.3721197,42.2284776,-1.2340223,500.08,0.007,LAND,0,10,0,,0,0,0
1785497170.874158,42.2284776,-1.2340223,500.08,0.007,LAND,0,10,0,,0,0,0
1785497171.3764372,42.2284776,-1.2340223,500.08,0.007,LAND,0,10,0,,0,0,0
1785497171.878825,42.2284776,-1.2340223,500.08,0.007,LAND,0,10,0,,0,0,0
1785497172.3813033,42.2284776,-1.2340223,500.08,0.007,LAND,0,10,0,,0,0,0
1785497172.8832886,42.2284776,-1.2340223,500.08,0.007,LAND,0,10,0,,0,0,0
1785497173.3866777,42.2284776,-1.2340223,500.08,0.007,LAND,0,10,0,,0,0,0
1785497173.8891299,42.2284776,-1.2340223,500.08,0.007,LAND,0,10,0,,0,0,0
1785497174.3916147,42.2284776,-1.2340223,500.08,0.007,LAND,0,10,0,,0,0,0
1785497174.894274,42.2284776,-1.2340223,500.08,0.007,LAND,0,10,0,,0,0,0
1785497175.3962152,42.2284776,-1.2340223,500.08,0.007,LAND,0,10,0,,0,0,0
1785497175.8983932,42.2284776,-1.2340223,500.08,0.007,LAND,0,10,0,,0,0,0
1785497176.4007242,42.2284776,-1.2340223,500.08,0.007,LAND,0,10,0,,0,0,0
1785497176.9037383,42.2284776,-1.2340223,500.08,0.007,LAND,0,10,0,,0,0,0
1785497177.406802,42.2284776,-1.2340223,500.08,0.007,LAND,0,10,0,,0,0,0
1785497177.9091742,42.2284776,-1.2340223,500.08,0.007,LAND,0,10,0,,0,0,0
1785497178.411725,42.2284776,-1.2340223,500.08,0.007,LAND,0,10,0,,0,0,0
1785497178.9138787,42.2284776,-1.2340223,500.08,0.007,LAND,0,10,0,,0,0,0
1785497179.4164093,42.2284776,-1.2340223,500.08,0.007,LAND,0,10,0,,0,0,0
1785497179.9193337,42.2284776,-1.2340223,500.08,0.007,LAND,0,10,0,,0,0,0
1785497180.4213574,42.2284776,-1.2340223,500.08,0.007,LAND,0,10,0,,0,0,0
1785497180.9239438,42.2284776,-1.2340223,500.08,0.007,LAND,0,10,0,,0,0,0
1785497181.4266944,42.2284776,-1.2340223,500.08,0.007,LAND,0,10,0,,0,0,0
1785497181.92909,42.2284776,-1.2340223,500.08,0.007,LAND,0,10,0,,0,0,0
1785497182.4316533,42.2284776,-1.2340223,500.08,0.007,LAND,0,10,0,,0,0,0
1785497182.934313,42.2284776,-1.2340223,500.08,0.007,LAND,0,10,0,,0,0,0
1785497183.4368765,42.2284776,-1.2340223,500.08,0.007,LAND,0,10,0,,0,0,0
1785497183.9395764,42.2284776,-1.2340223,500.08,0.007,LAND,0,10,0,,0,0,0
1785497184.4418924,42.2284776,-1.2340223,500.08,0.007,LAND,0,10,0,,0,0,0
1785497184.9445624,42.2284776,-1.2340223,500.08,0.007,LAND,0,10,0,,0,0,0
1785497185.4476004,42.2284776,-1.2340223,500.08,0.007,LAND,0,10,0,,0,0,0
1785497185.9499648,42.2284776,-1.2340223,500.08,0.007,LAND,0,10,0,,0,0,0
1785497186.4521694,42.2284776,-1.2340223,500.08,0.007,LAND,0,10,0,,0,0,0
1785497186.9545245,42.2284776,-1.2340223,500.08,0.007,LAND,0,10,0,,0,0,0
1785497187.4569852,42.2284776,-1.2340223,500.08,0.007,LAND,0,10,0,,0,0,0
1785497187.9591334,42.2284776,-1.2340223,500.08,0.007,LAND,0,10,0,,0,0,0
1785497188.4617205,42.2284776,-1.2340223,500.08,0.007,LAND,0,10,0,,0,0,0
1785497188.963705,42.2284776,-1.2340223,500.08,0.007,LAND,0,10,0,,0,0,0
1785497189.465917,42.2284776,-1.2340223,500.08,0.007,LAND,0,10,0,,0,0,0
1785497189.9683447,42.2284776,-1.2340223,500.08,0.007,LAND,0,10,0,,0,0,0
1785497190.47078,42.2284776,-1.2340223,500.08,0.007,LAND,0,10,0,,0,0,0
1785497190.9742486,42.2284776,-1.2340223,500.08,0.007,LAND,0,10,0,,0,0,0
1785497191.4761496,42.2284776,-1.2340223,500.08,0.007,LAND,0,10,0,,0,0,0
1785497191.9790914,42.2284776,-1.2340223,500.08,0.007,LAND,0,10,0,,0,0,0
1785497192.4810038,42.2284776,-1.2340223,500.08,0.007,LAND,0,10,0,,0,0,0
1785497192.9833362,42.2284776,-1.2340223,500.08,0.007,LAND,0,10,0,,0,0,0
1785497193.4861078,42.2284776,-1.2340223,500.08,0.007,LAND,0,10,0,,0,0,0
1785497193.9879644,42.2284776,-1.2340223,500.08,0.007,LAND,0,10,0,,0,0,0
1785497194.4904547,42.2284776,-1.2340223,500.08,0.007,LAND,0,10,0,,0,0,0
1785497194.992639,42.2284776,-1.2340223,500.08,0.007,LAND,0,10,0,,0,0,0
1785497195.494806,42.2284776,-1.2340223,500.08,0.007,LAND,0,10,0,,0,0,0
1785497195.9972901,42.2284776,-1.2340223,500.08,0.007,LAND,0,10,0,,0,0,0
1785497196.5001042,42.2284776,-1.2340223,500.08,0.007,LAND,0,10,0,,0,0,0
1785497197.0026236,42.2284776,-1.2340223,500.08,0.007,LAND,0,10,0,,0,0,0
1785497197.5049493,42.2284776,-1.2340223,500.08,0.007,LAND,0,10,0,,0,0,0
1785497198.00733,42.2284776,-1.2340223,500.08,0.007,LAND,0,10,0,,0,0,0
1785497198.5093052,42.2284776,-1.2340223,500.08,0.007,LAND,0,10,0,,0,0,0
1785497199.0118687,42.2284776,-1.2340223,500.08,0.007,LAND,0,10,0,,0,0,0
1785497199.5142581,42.2284776,-1.2340223,500.08,0.007,LAND,0,10,0,,0,0,0
1785497200.016565,42.2284776,-1.2340223,500.08,0.007,LAND,0,10,0,,0,0,0
1785497200.5184054,42.2284776,-1.2340223,500.08,0.007,LAND,0,10,0,,0,0,0
1785497201.0209942,42.2284776,-1.2340223,500.08,0.007,LAND,0,10,0,,0,0,0
1785497201.5234082,42.2284776,-1.2340223,500.08,0.007,LAND,0,10,0,,0,0,0
1785497202.0251956,42.2284776,-1.2340223,500.08,0.007,LAND,0,10,0,,0,0,0
1785497202.5273557,42.2284776,-1.2340223,500.08,0.007,LAND,0,10,0,,0,0,0
1785497203.0295005,42.2284776,-1.2340223,500.08,0.007,LAND,0,10,0,,0,0,0
1785497203.5314934,42.2284776,-1.2340223,500.08,0.007,LAND,0,10,0,,0,0,0
1785497204.0337331,42.2284776,-1.2340223,500.08,0.007,LAND,0,10,0,,0,0,0
1785497204.5359185,42.2284776,-1.2340223,500.08,0.007,LAND,0,10,0,,0,0,0
1785497205.0385141,42.2284776,-1.2340223,500.08,0.007,LAND,0,10,0,,0,0,0
1785497205.540661,42.2284776,-1.2340223,500.08,0.007,LAND,0,10,0,,0,0,0
1785497206.0430758,42.2284776,-1.2340223,500.08,0.007,LAND,0,10,0,,0,0,0
1785497206.5458531,42.2284776,-1.2340223,500.08,0.007,LAND,0,10,0,,0,0,0
1785497207.0483491,42.2284776,-1.2340223,500.08,0.007,LAND,0,10,0,,0,0,0
1785497207.551088,42.2284776,-1.2340223,500.08,0.007,LAND,0,10,0,,0,0,0
1785497208.0537872,42.2284776,-1.2340223,500.08,0.007,LAND,0,10,0,,0,0,0
1785497208.5559351,42.2284776,-1.2340223,500.08,0.007,LAND,0,10,0,,0,0,0
1785497209.0587559,42.2284776,-1.2340223,500.08,0.007,LAND,0,10,0,,0,0,0
1785497209.5612175,42.2284776,-1.2340223,500.08,0.007,LAND,0,10,0,,0,0,0
1785497210.063798,42.2284776,-1.2340223,500.08,0.007,LAND,0,10,0,,0,0,0
1785497210.5659869,42.2284776,-1.2340223,500.08,0.007,LAND,0,10,0,,0,0,0
1785497211.0681794,42.2284776,-1.2340223,500.08,0.007,LAND,0,10,0,,0,0,0
1785497211.5702677,42.2284776,-1.2340223,500.08,0.007,LAND,0,10,0,,0,0,0
1785497212.0726502,42.2284776,-1.2340223,500.08,0.007,LAND,0,10,0,,0,0,0
1785497212.5753706,42.2284776,-1.2340223,500.08,0.007,LAND,0,10,0,,0,0,0
1785497213.0778675,42.2284776,-1.2340223,500.08,0.007,LAND,0,10,0,,0,0,0
1785497213.5809233,42.2284776,-1.2340223,500.08,0.007,LAND,0,10,0,,0,0,0
1785497214.0842025,42.2284776,-1.2340223,500.08,0.007,LAND,0,10,0,,0,0,0
1785497214.5867732,42.2284776,-1.2340223,500.08,0.007,LAND,0,10,0,,0,0,0
1785497215.0892549,42.2284776,-1.2340223,500.08,0.007,LAND,0,10,0,,0,0,0
1785497215.5915148,42.2284776,-1.2340223,500.08,0.007,LAND,0,10,0,,0,0,0
1785497216.0942156,42.2284776,-1.2340223,500.08,0.007,LAND,0,10,0,,0,0,0
1785497216.5965033,42.2284776,-1.2340223,500.08,0.007,LAND,0,10,0,,0,0,0
1785497217.0986972,42.2284776,-1.2340223,500.08,0.007,LAND,0,10,0,,0,0,0
1785497217.6008322,42.2284776,-1.2340223,500.08,0.007,LAND,0,10,0,,0,0,0
1785497218.10354,42.2284776,-1.2340223,500.08,0.007,LAND,0,10,0,,0,0,0
1785497218.6057928,42.2284776,-1.2340223,500.08,0.007,LAND,0,10,0,,0,0,0
1785497219.1082234,42.2284776,-1.2340223,500.08,0.007,LAND,0,10,0,,0,0,0
1785497219.6107547,42.2284776,-1.2340223,500.08,0.007,LAND,0,10,0,,0,0,0
1785497220.1129997,42.2284776,-1.2340223,500.08,0.007,LAND,0,10,0,,0,0,0
1785497220.6152723,42.2284776,-1.2340223,500.08,0.007,LAND,0,10,0,,0,0,0
1785497221.1175623,42.2284776,-1.2340223,500.08,0.007,LAND,0,10,0,,0,0,0
1785497221.620182,42.2284776,-1.2340223,500.08,0.007,LAND,0,10,0,,0,0,0
1785497222.1228008,42.2284776,-1.2340223,500.08,0.007,LAND,0,10,0,,0,0,0
1785497222.6253676,42.2284776,-1.2340223,500.08,0.007,LAND,0,10,0,,0,0,0
1785497223.1281004,42.2284776,-1.2340223,500.08,0.007,LAND,0,10,0,,0,0,0
1785497223.6309454,42.2284776,-1.2340223,500.08,0.007,LAND,0,10,0,,0,0,0
1785497224.133572,42.2284776,-1.2340223,500.08,0.007,LAND,0,10,0,,0,0,0
1785497224.6355808,42.2284776,-1.2340223,500.08,0.007,LAND,0,10,0,,0,0,0
1785497225.1368523,42.2284776,-1.2340223,500.08,0.007,LAND,0,10,0,,0,0,0
1785497225.6389863,42.2284776,-1.2340223,500.08,0.007,LAND,0,10,0,,0,0,0
1785497226.1414325,42.2284776,-1.2340223,500.08,0.007,LAND,0,10,0,,0,0,0
1785497226.643502,42.2284776,-1.2340223,500.08,0.007,LAND,0,10,0,,0,0,0
1785497227.1462684,42.2284776,-1.2340223,500.08,0.007,LAND,0,10,0,,0,0,0
1785497227.649159,42.2284776,-1.2340223,500.08,0.007,LAND,0,10,0,,0,0,0
1785497228.1520984,42.2284776,-1.2340223,500.08,0.007,LAND,0,10,0,,0,0,0
1785497228.654447,42.2284776,-1.2340223,500.08,0.007,LAND,0,10,0,,0,0,0
1785497229.157206,42.2284776,-1.2340223,500.08,0.007,LAND,0,10,0,,0,0,0
1785497229.6596708,42.2284776,-1.2340223,500.08,0.007,LAND,0,10,0,,0,0,0
1785497230.1617126,42.2284776,-1.2340223,500.08,0.007,LAND,0,10,0,,0,0,0
1785497230.664191,42.2284776,-1.2340223,500.08,0.007,LAND,0,10,0,,0,0,0
1785497231.1664212,42.2284776,-1.2340223,500.08,0.007,LAND,0,10,0,,0,0,0
1785497231.669245,42.2284776,-1.2340223,500.08,0.007,LAND,0,10,0,,0,0,0
1785497232.171724,42.2284776,-1.2340223,500.08,0.007,LAND,0,10,0,,0,0,0
1785497232.674246,42.2284776,-1.2340223,500.08,0.007,LAND,0,10,0,,0,0,0
1785497233.1768324,42.2284776,-1.2340223,500.08,0.007,LAND,0,10,0,,0,0,0
1785497233.6795912,42.2284776,-1.2340223,500.08,0.007,LAND,0,10,0,,0,0,0
1785497234.182219,42.2284776,-1.2340223,500.08,0.007,LAND,0,10,0,,0,0,0
1785497234.6844652,42.2284776,-1.2340223,500.08,0.007,LAND,0,10,0,,0,0,0
1785497235.1876085,42.2284776,-1.2340223,500.08,0.007,LAND,0,10,0,,0,0,0
1785497235.6904805,42.2284776,-1.2340223,500.08,0.007,LAND,0,10,0,,0,0,0
1785497236.1933088,42.2284776,-1.2340223,500.08,0.007,LAND,0,10,0,,0,0,0
1785497236.6958096,42.2284776,-1.2340223,500.08,0.007,LAND,0,10,0,,0,0,0
1785497237.1977978,42.2284776,-1.2340223,500.08,0.007,LAND,0,10,0,,0,0,0
1785497237.700624,42.2284776,-1.2340223,500.08,0.007,LAND,0,10,0,,0,0,0
1785497238.202386,42.2284776,-1.2340223,500.08,0.007,LAND,0,10,0,,0,0,0
1785497238.704605,42.2284776,-1.2340223,500.08,0.007,LAND,0,10,0,,0,0,0
1785497239.2070687,42.2284776,-1.2340223,500.08,0.007,LAND,0,10,0,,0,0,0
1785497239.7098787,42.2284776,-1.2340223,500.08,0.007,LAND,0,10,0,,0,0,0
1785497240.2124887,42.2284776,-1.2340223,500.08,0.007,LAND,0,10,0,,0,0,0
1785497240.7149713,42.2284776,-1.2340223,500.08,0.007,LAND,0,10,0,,0,0,0
1785497241.2175977,42.2284776,-1.2340223,500.08,0.007,LAND,0,10,0,,0,0,0
1785497241.7199287,42.2284776,-1.2340223,500.08,0.007,LAND,0,10,0,,0,0,0
1785497242.2223487,42.2284776,-1.2340223,500.08,0.007,LAND,0,10,0,,0,0,0
1785497242.7250783,42.2284776,-1.2340223,500.08,0.007,LAND,0,10,0,,0,0,0
1785497243.2274547,42.2284776,-1.2340223,500.08,0.007,LAND,0,10,0,,0,0,0
1785497243.729983,42.2284776,-1.2340223,500.08,0.007,LAND,0,10,0,,0,0,0
1785497244.2328029,42.2284776,-1.2340223,500.08,0.007,LAND,0,10,0,,0,0,0
1785497244.7356205,42.2284776,-1.2340223,500.08,0.007,LAND,0,10,0,,0,0,0
1785497245.2379134,42.2284776,-1.2340223,500.08,0.007,LAND,0,10,0,,0,0,0
1785497245.740757,42.2284776,-1.2340223,500.08,0.007,LAND,0,10,0,,0,0,0
1785497246.2437463,42.2284776,-1.2340223,500.08,0.007,LAND,0,10,0,,0,0,0
1785497246.7457907,42.2284776,-1.2340223,500.08,0.007,LAND,0,10,0,,0,0,0
1785497247.247955,42.2284776,-1.2340223,500.08,0.007,LAND,0,10,0,,0,0,0
1785497247.7506657,42.2284776,-1.2340223,500.08,0.007,LAND,0,10,0,,0,0,0
1785497248.2532346,42.2284776,-1.2340223,500.08,0.007,LAND,0,10,0,,0,0,0
1785497248.7563276,42.2284776,-1.2340223,500.08,0.007,LAND,0,10,0,,0,0,0
1785497249.259034,42.2284776,-1.2340223,500.08,0.007,LAND,0,10,0,,0,0,0
1785497249.7618225,42.2284776,-1.2340223,500.08,0.007,LAND,0,10,0,,0,0,0
1785497250.2646303,42.2284776,-1.2340223,500.08,0.007,LAND,0,10,0,,0,0,0
1785497250.766915,42.2284776,-1.2340223,500.08,0.007,LAND,0,10,0,,0,0,0
1785497251.2691557,42.2284776,-1.2340224,500.08,0.007,LAND,0,10,0,,0,0,0
1785497251.7711215,42.2284776,-1.2340224,500.08,0.007,LAND,0,10,0,,0,0,0
1785497252.2731268,42.2284776,-1.2340224,500.08,0.007,LAND,0,10,0,,0,0,0
1785497252.775562,42.2284776,-1.2340224,500.08,0.007,LAND,0,10,0,,0,0,0
1785497253.277712,42.2284776,-1.2340224,500.08,0.007,LAND,0,10,0,,0,0,0
1785497253.779595,42.2284776,-1.2340224,500.08,0.007,LAND,0,10,0,,0,0,0
1785497254.2822518,42.2284776,-1.2340224,500.08,0.007,LAND,0,10,0,,0,0,0
1785497254.785019,42.2284776,-1.2340224,500.08,0.007,LAND,0,10,0,,0,0,0
1785497255.2875392,42.2284776,-1.2340224,500.08,0.007,LAND,0,10,0,,0,0,0
1785497255.790613,42.2284776,-1.2340224,500.08,0.007,LAND,0,10,0,,0,0,0
1785497256.2931325,42.2284776,-1.2340224,500.08,0.007,LAND,0,10,0,,0,0,0
1785497256.7955027,42.2284776,-1.2340225,500.08,0.007,LAND,0,10,0,,0,0,0
1785497257.298361,42.2284776,-1.2340225,500.08,0.007,LAND,0,10,0,,0,0,0
1785497257.8010218,42.2284776,-1.2340225,500.08,0.007,LAND,0,10,0,,0,0,0
1785497258.3036363,42.2284776,-1.2340225,500.08,0.007,LAND,0,10,0,,0,0,0
1785497258.8059943,42.2284776,-1.2340225,500.08,0.007,LAND,0,10,0,,0,0,0
1785497259.3087857,42.2284776,-1.2340225,500.08,0.007,LAND,0,10,0,,0,0,0
1785497259.8115408,42.2284776,-1.2340225,500.08,0.007,LAND,0,10,0,,0,0,0
1785497260.3143954,42.2284776,-1.2340225,500.08,0.007,LAND,0,10,0,,0,0,0
1785497260.8163018,42.2284776,-1.2340225,500.08,0.007,LAND,0,10,0,,0,0,0
1785497261.318772,42.2284776,-1.2340225,500.08,0.007,LAND,0,10,0,,0,0,0
1785497261.821301,42.2284776,-1.2340225,500.08,0.007,LAND,0,10,0,,0,0,0
1785497262.3233116,42.2284776,-1.2340225,500.08,0.007,LAND,0,10,0,,0,0,0
1785497262.8257477,42.2284776,-1.2340225,500.08,0.007,LAND,0,10,0,,0,0,0
1785497263.3275115,42.2284776,-1.2340225,500.08,0.006,LAND,0,10,0,,0,0,0
1785497263.830092,42.2284776,-1.2340225,500.08,0.006,LAND,0,10,0,,0,0,0
1785497264.3446944,42.2284776,-1.2340226,500.08,0.006,LAND,0,10,0,,0,0,0
1785497264.846806,42.2284776,-1.2340226,500.08,0.006,LAND,0,10,0,,0,0,0
1785497265.3495946,42.2284776,-1.2340226,500.08,0.006,LAND,0,10,0,,0,0,0
1785497265.8522522,42.2284776,-1.2340226,500.08,0.006,LAND,0,10,0,,0,0,0
1785497266.3537612,42.2284776,-1.2340226,500.08,0.006,LAND,0,10,0,,0,0,0
1785497266.855957,42.2284776,-1.2340226,500.08,0.006,LAND,0,10,0,,0,0,0
1785497267.357989,42.2284776,-1.2340226,500.08,0.006,LAND,0,10,0,,0,0,0
1785497267.861183,42.2284776,-1.2340226,500.08,0.006,LAND,0,10,0,,0,0,0
1785497268.3650053,42.2284776,-1.2340226,500.08,0.006,LAND,0,10,0,,0,0,0
1785497268.8674235,42.2284776,-1.2340226,500.08,0.006,LAND,0,10,0,,0,0,0
1785497269.3691957,42.2284776,-1.2340226,500.08,0.006,LAND,0,10,0,,0,0,0
1785497269.8718102,42.2284776,-1.2340226,500.08,0.006,LAND,0,10,0,,0,0,0
1785497270.3740656,42.2284776,-1.2340226,500.08,0.006,LAND,0,10,0,,0,0,0
1785497270.8764315,42.2284776,-1.2340226,500.08,0.006,LAND,0,10,0,,0,0,0
1785497271.378581,42.2284776,-1.2340226,500.08,0.007,LAND,0,10,0,,0,0,0
1785497271.881017,42.2284776,-1.2340226,500.08,0.007,LAND,0,10,0,,0,0,0
1785497272.3831568,42.2284776,-1.2340226,500.08,0.007,LAND,0,10,0,,0,0,0
1785497272.8853724,42.2284776,-1.2340226,500.08,0.007,LAND,0,10,0,,0,0,0
1785497273.3877633,42.2284776,-1.2340226,500.08,0.007,LAND,0,10,0,,0,0,0
1785497273.8906765,42.2284776,-1.2340226,500.08,0.007,LAND,0,10,0,,0,0,0
1785497274.3927464,42.2284776,-1.2340226,500.08,0.007,LAND,0,10,0,,0,0,0
1785497274.8949149,42.2284776,-1.2340226,500.08,0.007,LAND,0,10,0,,0,0,0
1785497275.396836,42.2284776,-1.2340226,500.08,0.007,LAND,0,10,0,,0,0,0
1785497275.898798,42.2284776,-1.2340226,500.08,0.007,LAND,0,10,0,,0,0,0
1785497276.401156,42.2284776,-1.2340226,500.08,0.007,LAND,0,10,0,,0,0,0
1785497276.9030657,42.2284776,-1.2340226,500.08,0.007,LAND,0,10,0,,0,0,0
1785497277.4054904,42.2284776,-1.2340226,500.08,0.007,LAND,0,10,0,,0,0,0
1785497277.9073024,42.2284776,-1.2340226,500.08,0.007,LAND,0,10,0,,0,0,0
1785497278.4095652,42.2284776,-1.2340226,500.08,0.007,LAND,0,10,0,,0,0,0
1785497278.912163,42.2284776,-1.2340226,500.08,0.007,LAND,0,10,0,,0,0,0
1785497279.4146812,42.2284776,-1.2340226,500.08,0.007,LAND,0,10,0,,0,0,0
1785497279.917127,42.2284776,-1.2340226,500.08,0.007,LAND,0,10,0,,0,0,0
1785497280.419777,42.2284776,-1.2340226,500.08,0.007,LAND,0,10,0,,0,0,0
1785497280.9221733,42.2284776,-1.2340226,500.08,0.007,LAND,0,10,0,,0,0,0
1785497281.4244938,42.2284776,-1.2340226,500.08,0.007,LAND,0,10,0,,0,0,0
1785497281.9278698,42.2284776,-1.2340226,500.08,0.007,LAND,0,10,0,,0,0,0
1785497282.4302225,42.2284776,-1.2340227,500.08,0.007,LAND,0,10,0,,0,0,0
1785497282.9326935,42.2284776,-1.2340227,500.08,0.007,LAND,0,10,0,,0,0,0
1785497283.4353197,42.2284776,-1.2340227,500.08,0.007,LAND,0,10,0,,0,0,0
1785497283.9376738,42.2284776,-1.2340227,500.08,0.007,LAND,0,10,0,,0,0,0
1785497284.4398067,42.2284776,-1.2340227,500.08,0.007,LAND,0,10,0,,0,0,0
1785497284.941835,42.2284776,-1.2340227,500.08,0.007,LAND,0,10,0,,0,0,0
1785497285.4441402,42.2284776,-1.2340227,500.08,0.007,LAND,0,10,0,,0,0,0
1785497285.9469428,42.2284776,-1.2340227,500.08,0.007,LAND,0,10,0,,0,0,0
1785497286.4493017,42.2284776,-1.2340227,500.08,0.006,LAND,0,10,0,,0,0,0
1785497286.9511328,42.2284776,-1.2340227,500.08,0.006,LAND,0,10,0,,0,0,0
1785497287.4536057,42.2284776,-1.2340227,500.08,0.006,LAND,0,10,0,,0,0,0
1785497287.956608,42.2284776,-1.2340227,500.08,0.006,LAND,0,10,0,,0,0,0
1785497288.458544,42.2284776,-1.2340227,500.08,0.006,LAND,0,10,0,,0,0,0
1785497288.9611561,42.2284776,-1.2340227,500.08,0.006,LAND,0,10,0,,0,0,0
1785497289.4633367,42.2284776,-1.2340227,500.08,0.006,LAND,0,10,0,,0,0,0
1785497289.9663336,42.2284776,-1.2340227,500.08,0.006,LAND,0,10,0,,0,0,0
1785497290.4678109,42.2284776,-1.2340227,500.08,0.006,LAND,0,10,0,,0,0,0
1785497290.9701962,42.2284776,-1.2340227,500.08,0.006,LAND,0,10,0,,0,0,0
1785497291.4724004,42.2284776,-1.2340227,500.08,0.007,LAND,0,10,0,,0,0,0
1785497291.9753714,42.2284776,-1.2340227,500.08,0.007,LAND,0,10,0,,0,0,0
1785497292.4775138,42.2284776,-1.2340227,500.08,0.007,LAND,0,10,0,,0,0,0
1785497292.9799562,42.2284776,-1.2340227,500.08,0.007,LAND,0,10,0,,0,0,0
1785497293.4825816,42.2284776,-1.2340227,500.08,0.007,LAND,0,10,0,,0,0,0
1785497293.9850268,42.2284776,-1.2340227,500.08,0.007,LAND,0,10,0,,0,0,0
1785497294.4870212,42.2284776,-1.2340227,500.08,0.007,LAND,0,10,0,,0,0,0
1785497294.9891195,42.2284776,-1.2340227,500.08,0.007,LAND,0,10,0,,0,0,0
1785497295.490824,42.2284776,-1.2340227,500.08,0.007,LAND,0,10,0,,0,0,0
1785497295.993531,42.2284776,-1.2340227,500.08,0.007,LAND,0,10,0,,0,0,0
1785497296.495476,42.2284776,-1.2340227,500.08,0.007,LAND,0,10,0,,0,0,0
1785497296.9976857,42.2284776,-1.2340227,500.08,0.007,LAND,0,10,0,,0,0,0
1785497297.4996474,42.2284776,-1.2340227,500.08,0.007,LAND,0,10,0,,0,0,0
1785497298.0019896,42.2284776,-1.2340227,500.08,0.007,LAND,0,10,0,,0,0,0
1785497298.504592,42.2284776,-1.2340227,500.08,0.007,LAND,0,10,0,,0,0,0
1785497299.0067317,42.2284776,-1.2340227,500.08,0.007,LAND,0,10,0,,0,0,0
1785497299.5089593,42.2284776,-1.2340227,500.08,0.007,LAND,0,10,0,,0,0,0
1785497300.0115101,42.2284776,-1.2340227,500.08,0.007,LAND,0,10,0,,0,0,0
1785497300.5240903,42.2284776,-1.2340227,500.08,0.007,LAND,0,10,0,,0,0,0
1785497301.0267577,42.2284776,-1.2340227,500.08,0.007,LAND,0,10,0,,0,0,0
1785497301.5291936,42.2284776,-1.2340227,500.08,0.007,LAND,0,10,0,,0,0,0
1785497302.0311217,42.2284776,-1.2340227,500.08,0.007,LAND,0,10,0,,0,0,0
1785497302.533352,42.2284776,-1.2340227,500.08,0.007,LAND,0,10,0,,0,0,0
1785497303.0361574,42.2284776,-1.2340227,500.08,0.007,LAND,0,10,0,,0,0,0
1785497303.5391474,42.2284776,-1.2340227,500.08,0.007,LAND,0,10,0,,0,0,0
1785497304.0414941,42.2284776,-1.2340227,500.08,0.007,LAND,0,10,0,,0,0,0
1785497304.5438428,42.2284776,-1.2340227,500.08,0.007,LAND,0,10,0,,0,0,0
1785497305.0464082,42.2284776,-1.2340227,500.08,0.007,LAND,0,10,0,,0,0,0
1785497305.5486722,42.2284776,-1.2340227,500.08,0.007,LAND,0,10,0,,0,0,0
1785497306.0524762,42.2284776,-1.2340227,500.08,0.006,LAND,0,10,0,,0,0,0
1785497306.5552287,42.2284776,-1.2340227,500.08,0.006,LAND,0,10,0,,0,0,0
1785497307.057486,42.2284776,-1.2340227,500.08,0.006,LAND,0,10,0,,0,0,0
1785497307.5596585,42.2284776,-1.2340227,500.08,0.006,LAND,0,10,0,,0,0,0
1785497308.062429,42.2284776,-1.2340227,500.08,0.006,LAND,0,10,0,,0,0,0
1785497308.564066,42.2284776,-1.2340227,500.08,0.006,LAND,0,10,0,,0,0,0
1785497309.0664692,42.2284776,-1.2340227,500.08,0.006,LAND,0,10,0,,0,0,0
1785497309.5686452,42.2284776,-1.2340227,500.08,0.006,LAND,0,10,0,,0,0,0
1785497310.0711865,42.2284776,-1.2340227,500.08,0.007,LAND,0,10,0,,0,0,0
1785497310.5735326,42.2284776,-1.2340227,500.08,0.007,LAND,0,10,0,,0,0,0
1785497311.0753431,42.2284776,-1.2340227,500.08,0.007,LAND,0,10,0,,0,0,0
1785497311.5778642,42.2284776,-1.2340227,500.08,0.007,LAND,0,10,0,,0,0,0
1785497312.0807745,42.2284776,-1.2340227,500.08,0.007,LAND,0,10,0,,0,0,0
1785497312.58311,42.2284776,-1.2340227,500.08,0.007,LAND,0,10,0,,0,0,0
1785497313.0852783,42.2284776,-1.2340227,500.08,0.007,LAND,0,10,0,,0,0,0
1785497313.58803,42.2284776,-1.2340227,500.08,0.007,LAND,0,10,0,,0,0,0
1785497314.0906816,42.2284776,-1.2340227,500.08,0.007,LAND,0,10,0,,0,0,0
1785497314.5930479,42.2284776,-1.2340227,500.08,0.007,LAND,0,10,0,,0,0,0
1785497315.095066,42.2284776,-1.2340227,500.08,0.007,LAND,0,10,0,,0,0,0
1785497315.5967968,42.2284776,-1.2340227,500.08,0.007,LAND,0,10,0,,0,0,0
1785497316.0989363,42.2284776,-1.2340227,500.08,0.007,LAND,0,10,0,,0,0,0
1785497316.6015563,42.2284776,-1.2340227,500.08,0.007,LAND,0,10,0,,0,0,0
1785497317.1038542,42.2284776,-1.2340227,500.08,0.007,LAND,0,10,0,,0,0,0
1785497317.6059377,42.2284776,-1.2340227,500.08,0.007,LAND,0,10,0,,0,0,0
1785497318.1083357,42.2284776,-1.2340227,500.08,0.007,LAND,0,10,0,,0,0,0
1785497318.6114876,42.2284776,-1.2340227,500.08,0.007,LAND,0,10,0,,0,0,0
1785497319.1140935,42.2284776,-1.2340227,500.08,0.007,LAND,0,10,0,,0,0,0
1785497319.616789,42.2284776,-1.2340227,500.08,0.007,LAND,0,10,0,,0,0,0
1785497320.119175,42.2284776,-1.2340227,500.08,0.007,LAND,0,10,0,,0,0,0
1785497320.622039,42.2284776,-1.2340227,500.08,0.007,LAND,0,10,0,,0,0,0
1785497321.1241803,42.2284776,-1.2340227,500.08,0.007,LAND,0,10,0,,0,0,0
1785497321.6260102,42.2284776,-1.2340227,500.08,0.007,LAND,0,10,0,,0,0,0
1785497322.128807,42.2284776,-1.2340227,500.08,0.007,LAND,0,10,0,,0,0,0
1785497322.631664,42.2284776,-1.2340227,500.08,0.007,LAND,0,10,0,,0,0,0
1785497323.134378,42.2284776,-1.2340227,500.08,0.007,LAND,0,10,0,,0,0,0
1785497323.6366549,42.2284776,-1.2340227,500.08,0.007,LAND,0,10,0,,0,0,0
1785497324.139102,42.2284776,-1.2340227,500.08,0.007,LAND,0,10,0,,0,0,0
1785497324.6413162,42.2284776,-1.2340227,500.08,0.007,LAND,0,10,0,,0,0,0
1785497325.1435564,42.2284776,-1.2340227,500.08,0.007,LAND,0,10,0,,0,0,0
1785497325.6455982,42.2284776,-1.2340227,500.08,0.007,LAND,0,10,0,,0,0,0
1785497326.1483955,42.2284776,-1.2340227,500.08,0.007,LAND,0,10,0,,0,0,0
1785497326.6507573,42.2284776,-1.2340227,500.08,0.007,LAND,0,10,0,,0,0,0
1785497327.1530628,42.2284776,-1.2340227,500.08,0.007,LAND,0,10,0,,0,0,0
1785497327.655682,42.2284776,-1.2340227,500.08,0.007,LAND,0,10,0,,0,0,0
1785497328.1581717,42.2284776,-1.2340227,500.08,0.007,LAND,0,10,0,,0,0,0
1785497328.6608,42.2284776,-1.2340227,500.08,0.007,LAND,0,10,0,,0,0,0
1785497329.1634405,42.2284776,-1.2340227,500.08,0.007,LAND,0,10,0,,0,0,0
1785497329.6651726,42.2284776,-1.2340227,500.08,0.007,LAND,0,10,0,,0,0,0
1785497330.1673517,42.2284776,-1.2340227,500.08,0.007,LAND,0,10,0,,0,0,0
1785497330.669947,42.2284776,-1.2340227,500.08,0.007,LAND,0,10,0,,0,0,0
1785497331.1725957,42.2284776,-1.2340227,500.08,0.007,LAND,0,10,0,,0,0,0
1785497331.6751914,42.2284776,-1.2340227,500.08,0.007,LAND,0,10,0,,0,0,0
1785497332.1783628,42.2284776,-1.2340227,500.08,0.007,LAND,0,10,0,,0,0,0
1785497332.6811547,42.2284776,-1.2340227,500.08,0.007,LAND,0,10,0,,0,0,0
1785497333.1834037,42.2284776,-1.2340227,500.08,0.007,LAND,0,10,0,,0,0,0
1785497333.6855416,42.2284776,-1.2340227,500.08,0.007,LAND,0,10,0,,0,0,0
1785497334.1881068,42.2284776,-1.2340227,500.08,0.007,LAND,0,10,0,,0,0,0
1785497334.6909199,42.2284776,-1.2340227,500.08,0.007,LAND,0,10,0,,0,0,0
1785497335.1930213,42.2284776,-1.2340227,500.08,0.007,LAND,0,10,0,,0,0,0
1785497335.6954725,42.2284776,-1.2340227,500.08,0.007,LAND,0,10,0,,0,0,0
1785497336.1982212,42.2284776,-1.2340227,500.08,0.007,LAND,0,10,0,,0,0,0
1785497336.7006407,42.2284776,-1.2340227,500.08,0.007,LAND,0,10,0,,0,0,0
1785497337.203144,42.2284776,-1.2340227,500.08,0.007,LAND,0,10,0,,0,0,0
1785497337.705872,42.2284776,-1.2340227,500.08,0.007,LAND,0,10,0,,0,0,0
1785497338.2079864,42.2284776,-1.2340227,500.08,0.007,LAND,0,10,0,,0,0,0
1785497338.710301,42.2284776,-1.2340227,500.08,0.007,LAND,0,10,0,,0,0,0
1785497339.2128184,42.2284776,-1.2340227,500.08,0.007,LAND,0,10,0,,0,0,0
1785497339.7155044,42.2284776,-1.2340227,500.08,0.007,LAND,0,10,0,,0,0,0
1785497340.2178724,42.2284776,-1.2340227,500.08,0.007,LAND,0,10,0,,0,0,0
1785497340.720486,42.2284776,-1.2340227,500.08,0.007,LAND,0,10,0,,0,0,0
1785497341.223115,42.2284776,-1.2340227,500.08,0.007,LAND,0,10,0,,0,0,0
1785497341.72608,42.2284776,-1.2340227,500.08,0.007,LAND,0,10,0,,0,0,0
1785497342.228896,42.2284776,-1.2340227,500.08,0.007,LAND,0,10,0,,0,0,0
1785497342.7313619,42.2284776,-1.2340227,500.08,0.007,LAND,0,10,0,,0,0,0
1785497343.233565,42.2284776,-1.2340227,500.08,0.007,LAND,0,10,0,,0,0,0
1785497343.7358146,42.2284776,-1.2340227,500.08,0.007,LAND,0,10,0,,0,0,0
1785497344.2389414,42.2284776,-1.2340227,500.08,0.007,LAND,0,10,0,,0,0,0
1785497344.7414625,42.2284776,-1.2340227,500.08,0.007,LAND,0,10,0,,0,0,0
1785497345.2434993,42.2284776,-1.2340227,500.08,0.007,LAND,0,10,0,,0,0,0
1785497345.7458441,42.2284776,-1.2340227,500.08,0.007,LAND,0,10,0,,0,0,0
1785497346.2485602,42.2284776,-1.2340227,500.08,0.007,LAND,0,10,0,,0,0,0
1785497346.7511365,42.2284776,-1.2340227,500.08,0.007,LAND,0,10,0,,0,0,0
1785497347.2531972,42.2284776,-1.2340227,500.08,0.007,LAND,0,10,0,,0,0,0
1785497347.7563267,42.2284776,-1.2340227,500.08,0.007,LAND,0,10,0,,0,0,0
1785497348.259137,42.2284776,-1.2340227,500.08,0.007,LAND,0,10,0,,0,0,0
1785497348.7617612,42.2284776,-1.2340227,500.08,0.007,LAND,0,10,0,,0,0,0
1785497349.263841,42.2284776,-1.2340227,500.08,0.007,LAND,0,10,0,,0,0,0
1785497349.766595,42.2284776,-1.2340227,500.08,0.007,LAND,0,10,0,,0,0,0
1785497350.2689161,42.2284776,-1.2340227,500.08,0.006,LAND,0,10,0,,0,0,0
1785497350.7712278,42.2284776,-1.2340227,500.08,0.006,LAND,0,10,0,,0,0,0
1785497351.2732468,42.2284776,-1.2340227,500.08,0.006,LAND,0,10,0,,0,0,0
1785497351.7757297,42.2284776,-1.2340227,500.08,0.006,LAND,0,10,0,,0,0,0
1785497352.278398,42.2284776,-1.2340227,500.08,0.006,LAND,0,10,0,,0,0,0
1785497352.7805767,42.2284776,-1.2340227,500.08,0.006,LAND,0,10,0,,0,0,0
1785497353.2826056,42.2284776,-1.2340227,500.08,0.006,LAND,0,10,0,,0,0,0
1785497353.785219,42.2284776,-1.2340227,500.08,0.006,LAND,0,10,0,,0,0,0
1785497354.2879047,42.2284776,-1.2340227,500.08,0.006,LAND,0,10,0,,0,0,0
1785497354.7902954,42.2284776,-1.2340227,500.08,0.006,LAND,0,10,0,,0,0,0
1785497355.2927668,42.2284776,-1.2340227,500.08,0.006,LAND,0,10,0,,0,0,0
1785497355.795154,42.2284776,-1.2340227,500.08,0.007,LAND,0,10,0,,0,0,0
1785497356.2976425,42.2284776,-1.2340227,500.08,0.007,LAND,0,10,0,,0,0,0
1785497356.79973,42.2284776,-1.2340227,500.08,0.007,LAND,0,10,0,,0,0,0
1785497357.3019066,42.2284776,-1.2340227,500.08,0.007,LAND,0,10,0,,0,0,0
1785497357.804638,42.2284776,-1.2340227,500.08,0.007,LAND,0,10,0,,0,0,0
1785497358.3069563,42.2284776,-1.2340227,500.08,0.007,LAND,0,10,0,,0,0,0
1785497358.8091161,42.2284776,-1.2340227,500.08,0.007,LAND,0,10,0,,0,0,0
1785497359.3117135,42.2284776,-1.2340227,500.08,0.007,LAND,0,10,0,,0,0,0
1785497359.8141115,42.2284776,-1.2340227,500.08,0.007,LAND,0,10,0,,0,0,0
1785497360.3170652,42.2284776,-1.2340227,500.08,0.007,LAND,0,10,0,,0,0,0
1785497360.820261,42.2284776,-1.2340227,500.08,0.007,LAND,0,10,0,,0,0,0
1785497361.3231978,42.2284776,-1.2340227,500.08,0.007,LAND,0,10,0,,0,0,0
1785497361.8262753,42.2284776,-1.2340227,500.08,0.007,LAND,0,10,0,,0,0,0
1785497362.3286958,42.2284776,-1.2340227,500.08,0.007,LAND,0,10,0,,0,0,0
1785497362.8316019,42.2284776,-1.2340227,500.08,0.007,LAND,0,10,0,,0,0,0
1785497363.333371,42.2284776,-1.2340227,500.08,0.007,LAND,0,10,0,,0,0,0
1785497363.8369255,42.2284776,-1.2340227,500.08,0.007,LAND,0,10,0,,0,0,0
1785497364.3403645,42.2284776,-1.2340227,500.08,0.007,LAND,0,10,0,,0,0,0
1785497364.843161,42.2284776,-1.2340227,500.08,0.007,LAND,0,10,0,,0,0,0
1785497365.3453984,42.2284776,-1.2340227,500.08,0.007,LAND,0,10,0,,0,0,0
1785497365.8482006,42.2284776,-1.2340227,500.08,0.007,LAND,0,10,0,,0,0,0
1785497366.3506196,42.2284776,-1.2340227,500.08,0.007,LAND,0,10,0,,0,0,0
1785497366.8529267,42.2284776,-1.2340227,500.08,0.007,LAND,0,10,0,,0,0,0
1785497367.3551025,42.2284776,-1.2340227,500.08,0.007,LAND,0,10,0,,0,0,0
1785497367.8578875,42.2284776,-1.2340227,500.08,0.007,LAND,0,10,0,,0,0,0
1785497368.360997,42.2284776,-1.2340227,500.08,0.007,LAND,0,10,0,,0,0,0
1785497368.8635604,42.2284776,-1.2340227,500.08,0.007,LAND,0,10,0,,0,0,0
1785497369.3658175,42.2284776,-1.2340227,500.08,0.007,LAND,0,10,0,,0,0,0
1785497369.8684423,42.2284776,-1.2340227,500.08,0.007,LAND,0,10,0,,0,0,0
1785497370.3714797,42.2284776,-1.2340227,500.08,0.007,LAND,0,10,0,,0,0,0
1785497370.8736968,42.2284776,-1.2340227,500.08,0.007,LAND,0,10,0,,0,0,0
1785497371.3760803,42.2284776,-1.2340227,500.08,0.007,LAND,0,10,0,,0,0,0
1785497371.8784726,42.2284776,-1.2340227,500.08,0.007,LAND,0,10,0,,0,0,0
1785497372.380999,42.2284776,-1.2340227,500.08,0.007,LAND,0,10,0,,0,0,0
1785497372.8831213,42.2284776,-1.2340227,500.08,0.007,LAND,0,10,0,,0,0,0
1785497373.3860893,42.2284776,-1.2340227,500.08,0.007,LAND,0,10,0,,0,0,0
1785497373.8885264,42.2284776,-1.2340227,500.08,0.007,LAND,0,10,0,,0,0,0
1785497374.3907852,42.2284776,-1.2340227,500.08,0.007,LAND,0,10,0,,0,0,0
1785497374.893424,42.2284776,-1.2340227,500.08,0.007,LAND,0,10,0,,0,0,0
1785497375.3965447,42.2284776,-1.2340227,500.08,0.007,LAND,0,10,0,,0,0,0
1785497375.898959,42.2284776,-1.2340227,500.08,0.007,LAND,0,10,0,,0,0,0
1785497376.4015353,42.2284776,-1.2340227,500.08,0.007,LAND,0,10,0,,0,0,0
1785497376.9050167,42.2284776,-1.2340227,500.08,0.007,LAND,0,10,0,,0,0,0
1785497377.4078686,42.2284776,-1.2340227,500.08,0.007,LAND,0,10,0,,0,0,0
1785497377.910894,42.2284776,-1.2340227,500.08,0.007,LAND,0,10,0,,0,0,0
1785497378.41337,42.2284776,-1.2340227,500.08,0.007,LAND,0,10,0,,0,0,0
1785497378.9159627,42.2284776,-1.2340227,500.08,0.007,LAND,0,10,0,,0,0,0
1785497379.4184217,42.2284776,-1.2340227,500.08,0.007,LAND,0,10,0,,0,0,0
1785497379.9213865,42.2284776,-1.2340227,500.08,0.007,LAND,0,10,0,,0,0,0
1785497380.4245384,42.2284776,-1.2340227,500.08,0.007,LAND,0,10,0,,0,0,0
1785497380.9269507,42.2284776,-1.2340227,500.08,0.007,LAND,0,10,0,,0,0,0
1785497381.4292245,42.2284776,-1.2340227,500.08,0.007,LAND,0,10,0,,0,0,0
1785497381.9322617,42.2284776,-1.2340227,500.08,0.007,LAND,0,10,0,,0,0,0
1785497382.4353726,42.2284776,-1.2340227,500.08,0.007,LAND,0,10,0,,0,0,0
1785497382.9385471,42.2284776,-1.2340227,500.08,0.007,LAND,0,10,0,,0,0,0
1785497383.442413,42.2284776,-1.2340227,500.08,0.007,LAND,0,10,0,,0,0,0
1785497383.945087,42.2284776,-1.2340227,500.08,0.007,LAND,0,10,0,,0,0,0
1785497384.4477718,42.2284776,-1.2340227,500.08,0.007,LAND,0,10,0,,0,0,0
1785497384.9505403,42.2284776,-1.2340227,500.08,0.007,LAND,0,10,0,,0,0,0
1785497385.453175,42.2284776,-1.2340227,500.08,0.007,LAND,0,10,0,,0,0,0
1785497385.9561827,42.2284776,-1.2340227,500.08,0.007,LAND,0,10,0,,0,0,0
1785497386.459066,42.2284776,-1.2340227,500.08,0.007,LAND,0,10,0,,0,0,0
1785497386.9614828,42.2284776,-1.2340227,500.08,0.007,LAND,0,10,0,,0,0,0
1785497387.4642973,42.2284776,-1.2340227,500.08,0.007,LAND,0,10,0,,0,0,0
1785497387.9669251,42.2284776,-1.2340227,500.08,0.007,LAND,0,10,0,,0,0,0
1785497388.4700403,42.2284776,-1.2340227,500.08,0.007,LAND,0,10,0,,0,0,0
1785497388.9727364,42.2284776,-1.2340227,500.08,0.007,LAND,0,10,0,,0,0,0
1785497389.4752116,42.2284776,-1.2340227,500.08,0.007,LAND,0,10,0,,0,0,0
1785497389.9782896,42.2284776,-1.2340227,500.08,0.007,LAND,0,10,0,,0,0,0
1785497390.4806323,42.2284776,-1.2340227,500.08,0.007,LAND,0,10,0,,0,0,0
1785497390.983171,42.2284776,-1.2340227,500.08,0.007,LAND,0,10,0,,0,0,0
1785497391.4856045,42.2284776,-1.2340227,500.08,0.007,LAND,0,10,0,,0,0,0
1785497391.9885921,42.2284776,-1.2340227,500.08,0.007,LAND,0,10,0,,0,0,0
1785497392.491555,42.2284776,-1.2340227,500.08,0.007,LAND,0,10,0,,0,0,0
1785497392.9937618,42.2284776,-1.2340227,500.08,0.007,LAND,0,10,0,,0,0,0
1785497393.4968731,42.2284776,-1.2340227,500.08,0.007,LAND,0,10,0,,0,0,0
1785497394.0003932,42.2284776,-1.2340227,500.08,0.007,LAND,0,10,0,,0,0,0
1785497394.5030758,42.2284776,-1.2340227,500.08,0.007,LAND,0,10,0,,0,0,0
1785497395.0063753,42.2284776,-1.2340227,500.08,0.007,LAND,0,10,0,,0,0,0
1785497395.509783,42.2284776,-1.2340227,500.08,0.007,LAND,0,10,0,,0,0,0
1785497396.0124378,42.2284776,-1.2340227,500.08,0.007,LAND,0,10,0,,0,0,0
1785497396.5151036,42.2284776,-1.2340227,500.08,0.007,LAND,0,10,0,,0,0,0
1785497397.017802,42.2284776,-1.2340227,500.08,0.007,LAND,0,10,0,,0,0,0
1785497397.520554,42.2284776,-1.2340227,500.08,0.007,LAND,0,10,0,,0,0,0
1785497398.0230465,42.2284776,-1.2340227,500.08,0.007,LAND,0,10,0,,0,0,0
1785497398.5263596,42.2284776,-1.2340227,500.08,0.007,LAND,0,10,0,,0,0,0
1785497399.0291777,42.2284776,-1.2340227,500.08,0.007,LAND,0,10,0,,0,0,0
1785497399.5312607,42.2284776,-1.2340227,500.08,0.007,LAND,0,10,0,,0,0,0
1785497400.0343487,42.2284776,-1.2340227,500.08,0.007,LAND,0,10,0,,0,0,0
1785497400.5370564,42.2284776,-1.2340227,500.08,0.007,LAND,0,10,0,,0,0,0
1785497401.0393085,42.2284776,-1.2340227,500.08,0.007,LAND,0,10,0,,0,0,0
1785497401.5418854,42.2284776,-1.2340227,500.08,0.007,LAND,0,10,0,,0,0,0
1785497402.0440364,42.2284776,-1.2340227,500.08,0.007,LAND,0,10,0,,0,0,0
1785497402.5467143,42.2284776,-1.2340227,500.08,0.007,LAND,0,10,0,,0,0,0
1785497403.049589,42.2284776,-1.2340227,500.08,0.007,LAND,0,10,0,,0,0,0
1785497403.5522878,42.2284776,-1.2340227,500.08,0.007,LAND,0,10,0,,0,0,0
1785497404.055005,42.2284776,-1.2340227,500.08,0.007,LAND,0,10,0,,0,0,0
1785497404.557594,42.2284776,-1.2340227,500.08,0.007,LAND,0,10,0,,0,0,0
1785497405.060516,42.2284776,-1.2340227,500.08,0.007,LAND,0,10,0,,0,0,0
1785497405.563456,42.2284776,-1.2340227,500.08,0.007,LAND,0,10,0,,0,0,0
1785497406.0661676,42.2284776,-1.2340227,500.08,0.007,LAND,0,10,0,,0,0,0
1785497406.5684457,42.2284776,-1.2340227,500.08,0.007,LAND,0,10,0,,0,0,0
1785497407.0708654,42.2284776,-1.2340227,500.08,0.007,LAND,0,10,0,,0,0,0
1785497407.5729613,42.2284776,-1.2340227,500.08,0.007,LAND,0,10,0,,0,0,0
1785497408.075456,42.2284776,-1.2340227,500.08,0.007,LAND,0,10,0,,0,0,0
1785497408.5778494,42.2284776,-1.2340227,500.08,0.007,LAND,0,10,0,,0,0,0
1785497409.0806236,42.2284776,-1.2340227,500.08,0.007,LAND,0,10,0,,0,0,0
1785497409.582934,42.2284776,-1.2340227,500.08,0.007,LAND,0,10,0,,0,0,0
1785497410.085276,42.2284776,-1.2340227,500.08,0.007,LAND,0,10,0,,0,0,0
1785497410.5880554,42.2284776,-1.2340227,500.08,0.006,LAND,0,10,0,,0,0,0
1785497411.0914454,42.2284776,-1.2340227,500.08,0.006,LAND,0,10,0,,0,0,0
1785497411.5940878,42.2284776,-1.2340227,500.08,0.006,LAND,0,10,0,,0,0,0
1785497412.096379,42.2284776,-1.2340227,500.08,0.006,LAND,0,10,0,,0,0,0
1785497412.5992188,42.2284776,-1.2340227,500.08,0.006,LAND,0,10,0,,0,0,0
1785497413.1019106,42.2284776,-1.2340227,500.08,0.006,LAND,0,10,0,,0,0,0
1785497413.604177,42.2284776,-1.2340227,500.08,0.006,LAND,0,10,0,,0,0,0
