ts,lat,lon,alt_msl,rel_alt,mode,armed,wp_idx,obs_count,nearest_obs_dist_m,evasion_active,evasion_path_len,evasion_path_idx
1785498846.8933537,42.229695,-1.2350851,500.08,-0.012,STABILIZE,0,1,0,,0,0,0
1785498847.3970478,42.229695,-1.2350851,500.08,0.007,GUIDED,1,1,0,,0,0,0
1785498847.8994863,42.229695,-1.2350851,500.08,0.007,GUIDED,1,1,0,,0,0,0
1785498848.4019413,42.229695,-1.2350851,500.08,0.007,GUIDED,1,1,0,,0,0,0
1785498848.9041903,42.229695,-1.2350851,500.08,0.007,GUIDED,1,1,0,,0,0,0
1785498849.4066947,42.229695,-1.2350851,500.08,0.007,GUIDED,1,1,0,,0,0,0
1785498849.9095306,42.229695,-1.2350851,500.08,0.007,GUIDED,1,1,0,,0,0,0
1785498850.4118767,42.229695,-1.2350851,500.12,0.048,GUIDED,1,1,0,,0,0,0
1785498850.9137225,42.229695,-1.2350851,500.53,0.455,GUIDED,1,1,0,,0,0,0
1785498851.4160979,42.229695,-1.235085,501.13,1.055,GUIDED,1,1,0,,0,0,0
1785498851.9184866,42.229695,-1.2350849,502.15,2.076,GUIDED,1,1,0,,0,0,0
1785498852.4201396,42.229695,-1.2350848,503.29,3.211,GUIDED,1,1,0,,0,0,0
1785498852.9224324,42.229695,-1.2350848,504.82,4.745,GUIDED,1,1,0,,0,0,0
1785498853.4252708,42.229695,-1.2350848,506.09,6.014,GUIDED,1,1,0,,0,0,0
1785498853.9277172,42.229695,-1.2350848,507.58,7.506,GUIDED,1,1,0,,0,0,0
1785498854.429802,42.229695,-1.2350847,508.82,8.746,GUIDED,1,1,0,,0,0,0
1785498854.9315968,42.229695,-1.2350847,510.3,10.229,GUIDED,1,1,0,,0,0,0
1785498855.434227,42.229695,-1.2350847,511.54,11.467,GUIDED,1,1,0,,0,0,0
1785498855.936484,42.229695,-1.2350848,513.03,12.959,GUIDED,1,1,0,,0,0,0
1785498856.4391406,42.229695,-1.2350848,514.54,14.46,GUIDED,1,1,0,,0,0,0
1785498856.941396,42.229695,-1.2350848,515.79,15.712,GUIDED,1,1,0,,0,0,0
1785498857.4435952,42.229695,-1.2350848,517.04,16.962,GUIDED,1,1,0,,0,0,0
1785498857.945711,42.229695,-1.2350848,518.54,18.46,GUIDED,1,1,0,,0,0,0
1785498858.447534,42.229695,-1.2350848,519.79,19.713,GUIDED,1,1,0,,0,0,0
1785498858.9499354,42.229695,-1.2350848,521.29,21.217,GUIDED,1,1,0,,0,0,0
1785498859.4526157,42.229695,-1.2350848,522.54,22.467,GUIDED,1,1,0,,0,0,0
1785498859.9547496,42.229695,-1.2350847,523.79,23.714,GUIDED,1,1,0,,0,0,0
1785498860.4567647,42.229695,-1.2350847,525.29,25.217,GUIDED,1,1,0,,0,0,0
1785498860.9585571,42.229695,-1.2350847,526.54,26.469,GUIDED,1,1,0,,0,0,0
1785498861.460973,42.229695,-1.2350846,528.04,27.969,GUIDED,1,1,0,,0,0,0
1785498861.9631114,42.229695,-1.2350846,529.29,29.218,GUIDED,1,1,0,,0,0,0
1785498862.4651525,42.229695,-1.2350846,530.8,30.724,GUIDED,1,1,0,,0,0,0
1785498862.9670615,42.229695,-1.2350846,532.05,31.976,GUIDED,1,1,0,,0,0,0
1785498863.4698327,42.229695,-1.2350846,533.55,33.475,GUIDED,1,1,0,,0,0,0
1785498863.9719024,42.229695,-1.2350846,534.8,34.726,GUIDED,1,1,0,,0,0,0
1785498864.473879,42.229695,-1.2350846,536.05,35.976,GUIDED,1,1,0,,0,0,0
1785498864.9755502,42.229695,-1.2350846,537.55,37.473,GUIDED,1,1,0,,0,0,0
1785498865.477536,42.229695,-1.2350846,538.79,38.719,GUIDED,1,1,0,,0,0,0
1785498865.9795158,42.229695,-1.2350846,540.26,40.184,GUIDED,1,1,0,,0,0,0
1785498866.4816158,42.229695,-1.2350847,541.36,41.281,GUIDED,1,1,0,,0,0,0
1785498866.9840755,42.229695,-1.2350847,542.48,42.404,GUIDED,1,1,0,,0,0,0
1785498867.4867322,42.229695,-1.2350847,543.26,43.186,GUIDED,1,1,0,,0,0,0
1785498867.9887967,42.229695,-1.2350847,544.02,43.948,GUIDED,1,1,0,,0,0,0
1785498868.492705,42.229695,-1.2350848,544.5,44.42,GUIDED,1,2,0,,0,0,0
1785498868.9955318,42.2296974,-1.2350865,544.74,44.662,GUIDED,1,2,0,,0,0,0
1785498869.4981835,42.229707,-1.2350931,544.76,44.688,GUIDED,1,2,0,,0,0,0
1785498870.0013742,42.2297207,-1.235103,544.75,44.671,GUIDED,1,2,0,,0,0,0
1785498870.5037894,42.2297437,-1.2351192,544.75,44.679,GUIDED,1,2,0,,0,0,0
1785498871.0067031,42.2297682,-1.2351363,544.77,44.694,GUIDED,1,2,0,,0,0,0
1785498871.5098042,42.2298025,-1.2351608,544.8,44.723,GUIDED,1,2,0,,0,0,0
1785498872.0129063,42.2298331,-1.235182,544.81,44.739,GUIDED,1,2,0,,0,0,0
1785498872.515761,42.2298711,-1.2352082,544.82,44.747,GUIDED,1,2,0,,0,0,0
1785498873.0191798,42.2299033,-1.2352306,544.83,44.756,GUIDED,1,2,0,,0,0,0
1785498873.521861,42.2299425,-1.235258,544.84,44.768,GUIDED,1,2,0,,0,0,0
1785498874.0249236,42.2299753,-1.2352811,544.85,44.778,GUIDED,1,2,0,,0,0,0
1785498874.528012,42.2300146,-1.2353088,544.86,44.789,GUIDED,1,2,0,,0,0,0
1785498875.0305536,42.2300471,-1.2353317,544.87,44.798,GUIDED,1,2,0,,0,0,0
1785498875.5334527,42.2300796,-1.2353545,544.88,44.806,GUIDED,1,2,0,,0,0,0
1785498876.03628,42.2301183,-1.2353817,544.89,44.817,GUIDED,1,2,0,,0,0,0
1785498876.5392632,42.2301503,-1.2354042,544.9,44.826,GUIDED,1,2,0,,0,0,0
1785498877.041573,42.2301887,-1.2354312,544.91,44.834,GUIDED,1,2,0,,0,0,0
1785498877.545858,42.2302273,-1.2354583,544.92,44.842,GUIDED,1,2,0,,0,0,0
1785498878.0484922,42.2302594,-1.2354808,544.92,44.849,GUIDED,1,2,0,,0,0,0
1785498878.5514717,42.2302979,-1.2355078,544.93,44.857,GUIDED,1,2,0,,0,0,0
1785498879.0537915,42.2303298,-1.2355302,544.94,44.864,GUIDED,1,2,0,,0,0,0
1785498879.5570972,42.2303682,-1.2355571,544.95,44.873,GUIDED,1,2,0,,0,0,0
1785498880.0596454,42.2304002,-1.2355795,544.96,44.88,GUIDED,1,2,0,,0,0,0
1785498880.5626302,42.2304384,-1.2356064,544.96,44.888,GUIDED,1,2,0,,0,0,0
1785498881.0653698,42.2304703,-1.2356287,544.97,44.895,GUIDED,1,2,0,,0,0,0
1785498881.5682116,42.2305087,-1.2356556,544.98,44.902,GUIDED,1,2,0,,0,0,0
1785498882.0705643,42.2305469,-1.2356825,544.99,44.91,GUIDED,1,2,0,,0,0,0
1785498882.5732963,42.2305788,-1.2357048,544.99,44.917,GUIDED,1,2,0,,0,0,0
1785498883.0761483,42.2306171,-1.2357316,545.0,44.925,GUIDED,1,2,0,,0,0,0
1785498883.5790157,42.230649,-1.235754,545.01,44.932,GUIDED,1,2,0,,0,0,0
1785498884.0821795,42.2306809,-1.2357764,545.01,44.938,GUIDED,1,2,0,,0,0,0
1785498884.5852344,42.2307191,-1.2358032,545.02,44.946,GUIDED,1,2,0,,0,0,0
1785498885.087874,42.230751,-1.2358256,545.03,44.952,GUIDED,1,2,0,,0,0,0
1785498885.589942,42.2307894,-1.2358524,545.04,44.961,GUIDED,1,2,0,,0,0,0
1785498886.0926354,42.2308211,-1.2358747,545.04,44.969,GUIDED,1,2,0,,0,0,0
1785498886.5953503,42.2308515,-1.235896,545.05,44.977,GUIDED,1,2,0,,0,0,0
1785498887.098534,42.2308854,-1.2359198,545.06,44.982,GUIDED,1,2,0,,0,0,0
1785498887.601834,42.2309159,-1.235941,545.06,44.985,GUIDED,1,2,0,,0,0,0
1785498888.1054602,42.2309382,-1.2359567,545.06,44.988,GUIDED,1,2,0,,0,0,0
1785498888.6080399,42.2309613,-1.2359727,545.07,44.994,GUIDED,1,2,0,,0,0,0
1785498889.1106937,42.230977,-1.2359838,545.07,44.997,GUIDED,1,3,0,,0,0,0
1785498889.6131184,42.230988,-1.2359917,545.07,44.997,GUIDED,1,3,0,,0,0,0
1785498890.1160283,42.2309944,-1.235996,545.08,45.001,GUIDED,1,3,0,,0,0,0
1785498890.6192622,42.2309943,-1.2359949,545.08,45.002,GUIDED,1,3,0,,0,0,0
1785498891.1228247,42.2309877,-1.2359879,545.08,45.002,GUIDED,1,3,0,,0,0,0
1785498891.62507,42.230977,-1.2359772,545.08,45.002,GUIDED,1,3,0,,0,0,0
1785498892.127744,42.2309621,-1.2359622,545.08,45.0,GUIDED,1,3,0,,0,0,0
1785498892.6305654,42.2309383,-1.2359385,545.07,44.997,GUIDED,1,3,0,,0,0,0
1785498893.1334646,42.2309084,-1.2359091,545.08,45.002,GUIDED,1,3,0,,0,0,0
1785498893.636657,42.2308811,-1.2358817,545.08,45.008,GUIDED,1,3,0,,0,0,0
1785498894.138963,42.230847,-1.2358475,545.08,45.006,GUIDED,1,3,0,,0,0,0
1785498894.6419084,42.2308178,-1.2358182,545.08,45.003,GUIDED,1,3,0,,0,0,0
1785498895.1444461,42.2307822,-1.2357826,545.08,45.003,GUIDED,1,3,0,,0,0,0
1785498895.6473465,42.2307523,-1.2357528,545.08,45.003,GUIDED,1,3,0,,0,0,0
1785498896.150022,42.2307226,-1.235723,545.08,45.003,GUIDED,1,3,0,,0,0,0
1785498896.6532276,42.2306869,-1.2356873,545.08,45.003,GUIDED,1,3,0,,0,0,0
1785498897.1563792,42.2306576,-1.235658,545.08,45.005,GUIDED,1,3,0,,0,0,0
1785498897.658787,42.2306298,-1.2356301,545.08,45.006,GUIDED,1,3,0,,0,0,0
1785498898.1609974,42.2305993,-1.2355996,545.08,45.002,GUIDED,1,3,0,,0,0,0
1785498898.6640172,42.2305721,-1.2355724,545.07,44.998,GUIDED,1,3,0,,0,0,0
1785498899.1665049,42.2305522,-1.2355524,545.07,44.996,GUIDED,1,3,0,,0,0,0
1785498899.6688397,42.2305319,-1.2355321,545.07,44.996,GUIDED,1,4,0,,0,0,0
1785498900.1711068,42.2305179,-1.2355181,545.07,44.998,GUIDED,1,4,0,,0,0,0
1785498900.6739442,42.2305004,-1.2355005,545.07,44.998,GUIDED,1,4,0,,0,0,0
1785498901.1768777,42.2304816,-1.2354816,545.08,45.001,GUIDED,1,4,0,,0,0,0
1785498901.6801913,42.2304588,-1.2354585,545.08,45.004,GUIDED,1,4,0,,0,0,0
1785498902.182497,42.2304276,-1.2354269,545.08,45.009,GUIDED,1,4,0,,0,0,0
1785498902.686172,42.2304001,-1.2353993,545.08,45.007,GUIDED,1,4,0,,0,0,0
1785498903.1890273,42.2303662,-1.2353654,545.08,45.003,GUIDED,1,4,0,,0,0,0
1785498903.6914816,42.2303314,-1.2353308,545.08,45.0,GUIDED,1,4,0,,0,0,0
1785498904.1944544,42.230302,-1.2353015,545.07,44.999,GUIDED,1,4,0,,0,0,0
1785498904.697721,42.2302666,-1.2352663,545.07,44.999,GUIDED,1,4,0,,0,0,0
1785498905.2000763,42.2302371,-1.235237,545.07,44.999,GUIDED,1,4,0,,0,0,0
1785498905.7027361,42.230202,-1.235202,545.07,44.999,GUIDED,1,4,0,,0,0,0
1785498906.205614,42.2301728,-1.2351728,545.08,45.0,GUIDED,1,4,0,,0,0,0
1785498906.70805,42.230139,-1.235139,545.08,45.003,GUIDED,1,4,0,,0,0,0
1785498907.2110138,42.2301127,-1.2351128,545.08,45.002,GUIDED,1,4,0,,0,0,0
1785498907.7146866,42.2300887,-1.2350888,545.07,44.999,GUIDED,1,4,0,,0,0,0
1785498908.2179153,42.2300629,-1.2350631,545.07,44.996,GUIDED,1,4,0,,0,0,0
1785498908.7217393,42.2300408,-1.2350411,545.07,44.994,GUIDED,1,4,0,,0,0,0
1785498909.2246563,42.2300255,-1.2350257,545.07,44.994,GUIDED,1,5,0,,0,0,0
1785498909.7278438,42.2300083,-1.2350103,545.07,44.995,GUIDED,1,5,0,,0,0,0
1785498910.23056,42.22999,-1.2349972,545.07,44.997,GUIDED,1,5,0,,0,0,0
1785498910.7336607,42.2299614,-1.2349789,545.08,45.001,GUIDED,1,5,0,,0,0,0
1785498911.2360535,42.229933,-1.2349613,545.08,45.007,GUIDED,1,5,0,,0,0,0
1785498911.7386487,42.2298963,-1.234939,545.08,45.009,GUIDED,1,5,0,,0,0,0
1785498912.2417078,42.2298646,-1.2349198,545.08,45.005,GUIDED,1,5,0,,0,0,0
1785498912.7456024,42.2298254,-1.2348963,545.08,45.001,GUIDED,1,5,0,,0,0,0
1785498913.2490153,42.2297924,-1.2348765,545.07,44.999,GUIDED,1,5,0,,0,0,0
1785498913.752128,42.2297523,-1.2348525,545.07,44.998,GUIDED,1,5,0,,0,0,0
1785498914.2545853,42.229719,-1.2348324,545.07,44.998,GUIDED,1,5,0,,0,0,0
1785498914.757739,42.2296794,-1.2348086,545.08,45.0,GUIDED,1,5,0,,0,0,0
1785498915.2601032,42.229648,-1.2347896,545.07,44.999,GUIDED,1,5,0,,0,0,0
1785498915.7625146,42.2296132,-1.2347686,545.07,44.994,GUIDED,1,5,0,,0,0,0
1785498916.2652733,42.229587,-1.2347528,545.07,44.991,GUIDED,1,5,0,,0,0,0
1785498916.7684803,42.2295637,-1.2347387,545.06,44.988,GUIDED,1,5,0,,0,0,0
1785498917.2717342,42.2295399,-1.2347244,545.06,44.987,GUIDED,1,6,0,,0,0,0
1785498917.7745419,42.2295233,-1.2347144,545.06,44.988,GUIDED,1,6,0,,0,0,0
1785498918.2774043,42.2295029,-1.2347029,545.07,44.99,GUIDED,1,6,0,,0,0,0
1785498918.7802396,42.229481,-1.2346913,545.07,44.994,GUIDED,1,6,0,,0,0,0
1785498919.2832332,42.2294484,-1.2346744,545.08,45.002,GUIDED,1,6,0,,0,0,0
1785498919.7866142,42.2294178,-1.2346587,545.08,45.008,GUIDED,1,6,0,,0,0,0
1785498920.2897139,42.2293794,-1.2346391,545.08,45.007,GUIDED,1,6,0,,0,0,0
1785498920.792804,42.2293464,-1.2346225,545.08,45.003,GUIDED,1,6,0,,0,0,0
1785498921.295962,42.229306,-1.2346021,545.08,45.0,GUIDED,1,6,0,,0,0,0
1785498921.7984488,42.2292718,-1.234585,545.07,44.999,GUIDED,1,6,0,,0,0,0
1785498922.301439,42.2292375,-1.2345677,545.07,44.999,GUIDED,1,6,0,,0,0,0
1785498922.8045955,42.2291978,-1.2345478,545.08,45.001,GUIDED,1,6,0,,0,0,0
1785498923.3080463,42.229167,-1.2345323,545.07,44.997,GUIDED,1,6,0,,0,0,0
1785498923.810412,42.2291334,-1.2345154,545.07,44.992,GUIDED,1,6,0,,0,0,0
1785498924.3128684,42.2291086,-1.2345029,545.06,44.989,GUIDED,1,6,0,,0,0,0
1785498924.8164709,42.229083,-1.23449,545.06,44.988,GUIDED,1,6,0,,0,0,0
1785498925.3195863,42.2290652,-1.234481,545.06,44.988,GUIDED,1,7,0,,0,0,0
1785498925.8238196,42.2290458,-1.2344713,545.07,44.99,GUIDED,1,7,0,,0,0,0
1785498926.3262882,42.2290262,-1.2344614,545.07,44.993,GUIDED,1,7,0,,0,0,0
1785498926.8294752,42.2289961,-1.2344463,545.07,44.999,GUIDED,1,7,0,,0,0,0
1785498927.331892,42.2289666,-1.2344315,545.08,45.007,GUIDED,1,7,0,,0,0,0
1785498927.835087,42.228929,-1.2344127,545.08,45.008,GUIDED,1,7,0,,0,0,0
1785498928.3370032,42.2288965,-1.2343966,545.08,45.006,GUIDED,1,7,0,,0,0,0
1785498928.8393905,42.2288644,-1.2343807,545.08,45.004,GUIDED,1,7,0,,0,0,0
1785498929.3422642,42.2288277,-1.2343628,545.07,44.998,GUIDED,1,7,0,,0,0,0
1785498929.8447816,42.2287943,-1.2343464,545.07,44.993,GUIDED,1,7,0,,0,0,0
1785498930.3476765,42.2287696,-1.2343343,545.06,44.989,GUIDED,1,7,0,,0,0,0
1785498930.8504894,42.2287441,-1.2343219,545.06,44.987,GUIDED,1,7,0,,0,0,0
1785498931.3538203,42.2287265,-1.2343132,545.06,44.988,GUIDED,1,8,0,,0,0,0
1785498931.8569422,42.2287079,-1.2343004,545.07,44.99,GUIDED,1,8,0,,0,0,0
1785498932.3597543,42.2286909,-1.2342832,545.07,44.994,GUIDED,1,8,0,,0,0,0
1785498932.862346,42.2286665,-1.2342548,545.07,44.999,GUIDED,1,8,0,,0,0,0
1785498933.3654938,42.228643,-1.2342262,545.08,45.004,GUIDED,1,8,0,,0,0,0
1785498933.8679762,42.2286135,-1.2341899,545.08,45.007,GUIDED,1,8,0,,0,0,0
1785498934.3705425,42.2285894,-1.2341604,545.08,45.003,GUIDED,1,8,0,,0,0,0
1785498934.872846,42.228562,-1.2341268,545.07,44.996,GUIDED,1,8,0,,0,0,0
1785498935.3750987,42.228541,-1.2341011,545.07,44.991,GUIDED,1,8,0,,0,0,0
1785498935.8776486,42.2285186,-1.2340737,545.06,44.988,GUIDED,1,8,0,,0,0,0
1785498936.3795846,42.2285027,-1.2340543,545.06,44.988,GUIDED,1,9,0,,0,0,0
1785498936.8822088,42.2284871,-1.2340353,545.04,44.967,LAND,1,10,0,,0,0,0
1785498937.384578,42.2284783,-1.2340246,544.82,44.745,LAND,1,10,0,,0,0,0
1785498937.8866107,42.2284735,-1.2340187,544.19,44.117,LAND,1,10,0,,0,0,0
1785498938.389003,42.2284727,-1.2340177,543.43,43.357,LAND,1,10,0,,0,0,0
1785498938.8916266,42.2284732,-1.2340182,542.49,42.41,LAND,1,10,0,,0,0,0
1785498939.394269,42.2284741,-1.2340191,541.73,41.651,LAND,1,10,0,,0,0,0
1785498939.8963785,42.228475,-1.23402,540.84,40.762,LAND,1,10,0,,0,0,0
1785498940.3990443,42.2284757,-1.2340207,539.95,39.871,LAND,1,10,0,,0,0,0
1785498940.9010766,42.2284761,-1.234021,539.2,39.125,LAND,1,10,0,,0,0,0
1785498941.4037964,42.2284764,-1.2340212,538.31,38.23,LAND,1,10,0,,0,0,0
1785498941.9063106,42.2284766,-1.2340214,537.56,37.484,LAND,1,10,0,,0,0,0
1785498942.4084246,42.2284767,-1.2340215,536.81,36.735,LAND,1,10,0,,0,0,0
1785498942.9108348,42.2284768,-1.2340216,535.91,35.835,LAND,1,10,0,,0,0,0
1785498943.4135501,42.2284768,-1.2340217,535.16,35.086,LAND,1,10,0,,0,0,0
1785498943.9162598,42.2284769,-1.2340218,534.26,34.189,LAND,1,10,0,,0,0,0
1785498944.4189463,42.228477,-1.2340219,533.37,33.291,LAND,1,10,0,,0,0,0
1785498944.9213157,42.228477,-1.2340219,532.62,32.544,LAND,1,10,0,,0,0,0
1785498945.423732,42.228477,-1.234022,531.72,31.647,LAND,1,10,0,,0,0,0
1785498945.9263961,42.228477,-1.234022,530.97,30.898,LAND,1,10,0,,0,0,0
1785498946.4291525,42.228477,-1.234022,530.22,30.146,LAND,1,10,0,,0,0,0
1785498946.9314935,42.2284771,-1.2340221,529.32,29.244,LAND,1,10,0,,0,0,0
1785498947.4342446,42.2284771,-1.2340221,528.57,28.493,LAND,1,10,0,,0,0,0
1785498947.9366283,42.2284771,-1.2340221,527.82,27.744,LAND,1,10,0,,0,0,0
1785498948.4389846,42.2284771,-1.2340222,526.92,26.841,LAND,1,10,0,,0,0,0
1785498948.941909,42.2284771,-1.2340222,526.17,26.091,LAND,1,10,0,,0,0,0
1785498949.4444604,42.2284771,-1.2340222,525.27,25.193,LAND,1,10,0,,0,0,0
1785498949.947807,42.2284771,-1.2340222,524.52,24.442,LAND,1,10,0,,0,0,0
1785498950.4500082,42.2284772,-1.2340222,523.61,23.539,LAND,1,10,0,,0,0,0
1785498950.9526393,42.2284772,-1.2340222,522.86,22.789,LAND,1,10,0,,0,0,0
1785498951.455058,42.2284772,-1.2340222,521.97,21.89,LAND,1,10,0,,0,0,0
1785498951.957626,42.2284772,-1.2340222,521.21,21.139,LAND,1,10,0,,0,0,0
1785498952.4603913,42.2284772,-1.2340222,520.46,20.385,LAND,1,10,0,,0,0,0
1785498952.9627306,42.2284772,-1.2340222,519.56,19.485,LAND,1,10,0,,0,0,0
1785498953.465341,42.2284772,-1.2340222,518.81,18.737,LAND,1,10,0,,0,0,0
1785498953.9682071,42.2284772,-1.2340222,517.91,17.837,LAND,1,10,0,,0,0,0
1785498954.4709225,42.2284772,-1.2340222,517.16,17.086,LAND,1,10,0,,0,0,0
1785498954.9734046,42.2284772,-1.2340222,516.26,16.188,LAND,1,10,0,,0,0,0
1785498955.4761124,42.2284772,-1.2340222,515.52,15.44,LAND,1,10,0,,0,0,0
1785498955.9783058,42.2284772,-1.2340222,514.62,14.54,LAND,1,10,0,,0,0,0
1785498956.4805455,42.2284772,-1.2340222,513.87,13.79,LAND,1,10,0,,0,0,0
1785498956.98259,42.2284772,-1.2340222,513.12,13.041,LAND,1,10,0,,0,0,0
1785498957.4854069,42.2284772,-1.2340223,512.22,12.143,LAND,1,10,0,,0,0,0
1785498957.9883835,42.2284772,-1.2340222,511.47,11.395,LAND,1,10,0,,0,0,0
1785498958.4921393,42.2284772,-1.2340223,510.72,10.647,LAND,1,10,0,,0,0,0
1785498958.994576,42.2284772,-1.2340223,510.37,10.299,LAND,1,10,0,,0,0,0
1785498959.4971995,42.2284772,-1.2340222,510.11,10.034,LAND,1,10,0,,0,0,0
1785498959.99985,42.2284772,-1.2340222,509.88,9.804,LAND,1,10,0,,0,0,0
1785498960.5026164,42.2284772,-1.2340222,509.58,9.505,LAND,1,10,0,,0,0,0
1785498961.004938,42.2284772,-1.2340222,509.33,9.25,LAND,1,10,0,,0,0,0
1785498961.5077994,42.2284772,-1.2340223,509.02,8.945,LAND,1,10,0,,0,0,0
1785498962.0103686,42.2284772,-1.2340223,508.77,8.692,LAND,1,10,0,,0,0,0
1785498962.512533,42.2284772,-1.2340223,508.47,8.391,LAND,1,10,0,,0,0,0
1785498963.0144768,42.2284772,-1.2340223,508.22,8.141,LAND,1,10,0,,0,0,0
1785498963.5164578,42.2284772,-1.2340223,507.92,7.84,LAND,1,10,0,,0,0,0
1785498964.0188947,42.2284772,-1.2340223,507.66,7.589,LAND,1,10,0,,0,0,0
1785498964.521816,42.2284772,-1.2340223,507.36,7.289,LAND,1,10,0,,0,0,0
1785498965.0241218,42.2284772,-1.2340223,507.06,6.989,LAND,1,10,0,,0,0,0
1785498965.526656,42.2284772,-1.2340223,506.81,6.737,LAND,1,10,0,,0,0,0
1785498966.029263,42.2284772,-1.2340223,506.51,6.436,LAND,1,10,0,,0,0,0
1785498966.5316746,42.2284772,-1.2340223,506.26,6.186,LAND,1,10,0,,0,0,0
1785498967.0340047,42.2284772,-1.2340223,505.96,5.886,LAND,1,10,0,,0,0,0
1785498967.5363915,42.2284772,-1.2340223,505.71,5.635,LAND,1,10,0,,0,0,0
1785498968.038521,42.2284772,-1.2340223,505.41,5.334,LAND,1,10,0,,0,0,0
1785498968.5403776,42.2284772,-1.2340223,505.16,5.085,LAND,1,10,0,,0,0,0
1785498969.042826,42.2284772,-1.2340223,504.91,4.835,LAND,1,10,0,,0,0,0
1785498969.545322,42.2284772,-1.2340222,504.61,4.535,LAND,1,10,0,,0,0,0
1785498970.0476582,42.2284772,-1.2340223,504.36,4.286,LAND,1,10,0,,0,0,0
1785498970.5504117,42.2284772,-1.2340223,504.06,3.987,LAND,1,10,0,,0,0,0
1785498971.0529132,42.2284772,-1.2340223,503.76,3.687,LAND,1,10,0,,0,0,0
1785498971.555337,42.2284772,-1.2340222,503.51,3.436,LAND,1,10,0,,0,0,0
1785498972.0583138,42.2284772,-1.2340222,503.21,3.136,LAND,1,10,0,,0,0,0
1785498972.5603976,42.2284772,-1.2340223,502.96,2.886,LAND,1,10,0,,0,0,0
1785498973.0624833,42.2284772,-1.2340223,502.66,2.586,LAND,1,10,0,,0,0,0
1785498973.5654666,42.2284772,-1.2340223,502.41,2.336,LAND,1,10,0,,0,0,0
1785498974.0674696,42.2284772,-1.2340223,502.16,2.086,LAND,1,10,0,,0,0,0
1785498974.5698843,42.2284772,-1.2340223,501.86,1.787,LAND,1,10,0,,0,0,0
1785498975.0727315,42.2284772,-1.2340223,501.61,1.536,LAND,1,10,0,,0,0,0
1785498975.575261,42.2284772,-1.2340223,501.36,1.286,LAND,1,10,0,,0,0,0
1785498976.078457,42.2284772,-1.2340223,501.06,0.986,LAND,1,10,0,,0,0,0
1785498976.5810223,42.2284772,-1.2340223,500.76,0.686,LAND,1,10,0,,0,0,0
1785498977.0832047,42.2284772,-1.2340223,500.51,0.436,LAND,1,10,0,,0,0,0
1785498977.5856237,42.2284772,-1.2340223,500.21,0.135,LAND,1,10,0,,0,0,0
1785498978.0878017,42.2284772,-1.2340223,500.04,-0.033,LAND,1,10,0,,0,0,0
1785498978.5917559,42.2284772,-1.2340223,500.05,-0.026,LAND,1,10,0,,0,0,0
1785498979.0939095,42.2284772,-1.2340223,500.05,-0.025,LAND,1,10,0,,0,0,0
1785498979.596979,42.2284772,-1.2340223,500.05,-0.022,LAND,1,10,0,,0,0,0
1785498980.0999877,42.2284772,-1.2340223,500.06,-0.015,LAND,0,10,0,,0,0,0
1785498980.6025004,42.2284772,-1.2340224,500.06,-0.01,LAND,0,10,0,,0,0,0
1785498981.1046395,42.2284772,-1.2340224,500.07,-0.006,LAND,0,10,0,,0,0,0
1785498981.6066477,42.2284772,-1.2340224,500.07,-0.002,LAND,0,10,0,,0,0,0
1785498982.1095574,42.2284772,-1.2340224,500.07,0.0,LAND,0,10,0,,0,0,0
1785498982.6118886,42.2284772,-1.2340223,500.08,0.001,LAND,0,10,0,,0,0,0
1785498983.11417,42.2284772,-1.2340223,500.08,0.002,LAND,0,10,0,,0,0,0
1785498983.616581,42.2284772,-1.2340223,500.08,0.004,LAND,0,10,0,,0,0,0
1785498984.1199539,42.2284772,-1.2340223,500.08,0.004,LAND,0,10,0,,0,0,0
1785498984.622318,42.2284772,-1.2340223,500.08,0.005,LAND,0,10,0,,0,0,0
1785498985.1249728,42.2284772,-1.2340223,500.08,0.006,LAND,0,10,0,,0,0,0
1785498985.6276765,42.2284772,-1.2340224,500.08,0.006,LAND,0,10,0,,0,0,0
1785498986.1310163,42.2284772,-1.2340224,500.08,0.007,LAND,0,10,0,,0,0,0
1785498986.6332464,42.2284772,-1.2340224,500.08,0.007,LAND,0,10,0,,0,0,0
1785498987.1354465,42.2284772,-1.2340224,500.08,0.007,LAND,0,10,0,,0,0,0
1785498987.638277,42.2284772,-1.2340224,500.08,0.008,LAND,0,10,0,,0,0,0
1785498988.1408114,42.2284772,-1.2340224,500.08,0.008,LAND,0,10,0,,0,0,0
1785498988.6429515,42.2284772,-1.2340224,500.08,0.008,LAND,0,10,0,,0,0,0
1785498989.1456451,42.2284772,-1.2340224,500.08,0.008,LAND,0,10,0,,0,0,0
1785498989.6478775,42.2284772,-1.2340224,500.08,0.008,LAND,0,10,0,,0,0,0
1785498990.1502368,42.2284772,-1.2340224,500.08,0.008,LAND,0,10,0,,0,0,0
1785498990.652629,42.2284772,-1.2340224,500.08,0.008,LAND,0,10,0,,0,0,0
1785498991.1552498,42.2284772,-1.2340224,500.08,0.008,LAND,0,10,0,,0,0,0
1785498991.658193,42.2284772,-1.2340224,500.08,0.008,LAND,0,10,0,,0,0,0
1785498992.160758,42.2284772,-1.2340224,500.08,0.008,LAND,0,10,0,,0,0,0
1785498992.662805,42.2284772,-1.2340224,500.08,0.008,LAND,0,10,0,,0,0,0
1785498993.1644206,42.2284772,-1.2340224,500.08,0.008,LAND,0,10,0,,0,0,0
1785498993.6665852,42.2284772,-1.2340224,500.08,0.008,LAND,0,10,0,,0,0,0
1785498994.1686926,42.2284772,-1.2340224,500.08,0.008,LAND,0,10,0,,0,0,0
1785498994.6707487,42.2284772,-1.2340224,500.08,0.008,LAND,0,10,0,,0,0,0
1785498995.17313,42.2284772,-1.2340224,500.08,0.008,LAND,0,10,0,,0,0,0
1785498995.6751206,42.2284772,-1.2340224,500.08,0.007,LAND,0,10,0,,0,0,0
1785498996.1778936,42.2284772,-1.2340224,500.08,0.007,LAND,0,10,0,,0,0,0
1785498996.6799262,42.2284772,-1.2340224,500.08,0.007,LAND,0,10,0,,0,0,0
1785498997.1823442,42.2284772,-1.2340224,500.08,0.007,LAND,0,10,0,,0,0,0
1785498997.6847162,42.2284772,-1.2340224,500.08,0.007,LAND,0,10,0,,0,0,0
1785498998.1870365,42.2284772,-1.2340224,500.08,0.007,LAND,0,10,0,,0,0,0
1785498998.6891463,42.2284772,-1.2340224,500.08,0.007,LAND,0,10,0,,0,0,0
1785498999.1917071,42.2284772,-1.2340224,500.08,0.007,LAND,0,10,0,,0,0,0
1785498999.6939073,42.2284772,-1.2340224,500.08,0.007,LAND,0,10,0,,0,0,0
1785499000.1960962,42.2284772,-1.2340224,500.08,0.007,LAND,0,10,0,,0,0,0
1785499000.6984837,42.2284772,-1.2340224,500.08,0.007,LAND,0,10,0,,0,0,0
1785499001.2008083,42.2284772,-1.2340224,500.08,0.007,LAND,0,10,0,,0,0,0
1785499001.7028952,42.2284772,-1.2340224,500.08,0.007,LAND,0,10,0,,0,0,0
1785499002.206075,42.2284772,-1.2340224,500.08,0.007,LAND,0,10,0,,0,0,0
1785499002.7085505,42.2284772,-1.2340224,500.08,0.007,LAND,0,10,0,,0,0,0
1785499003.211037,42.2284772,-1.2340224,500.08,0.007,LAND,0,10,0,,0,0,0
1785499003.7135947,42.2284772,-1.2340224,500.08,0.007,LAND,0,10,0,,0,0,0
1785499004.2159233,42.2284772,-1.2340224,500.08,0.007,LAND,0,10,0,,0,0,0
1785499004.7189898,42.2284772,-1.2340224,500.08,0.007,LAND,0,10,0,,0,0,0
1785499005.2224312,42.2284772,-1.2340224,500.08,0.007,LAND,0,10,0,,0,0,0
1785499005.7248127,42.2284772,-1.2340224,500.08,0.007,LAND,0,10,0,,0,0,0
1785499006.227263,42.2284772,-1.2340224,500.08,0.007,LAND,0,10,0,,0,0,0
1785499006.7296677,42.2284772,-1.2340224,500.08,0.007,LAND,0,10,0,,0,0,0
1785499007.2318347,42.2284772,-1.2340224,500.08,0.007,LAND,0,10,0,,0,0,0
1785499007.7345922,42.2284772,-1.2340224,500.08,0.007,LAND,0,10,0,,0,0,0
1785499008.2370536,42.2284772,-1.2340224,500.08,0.007,LAND,0,10,0,,0,0,0
1785499008.739279,42.2284772,-1.2340224,500.08,0.007,LAND,0,10,0,,0,0,0
1785499009.241259,42.2284772,-1.2340224,500.08,0.007,LAND,0,10,0,,0,0,0
1785499009.7439091,42.2284772,-1.2340224,500.08,0.007,LAND,0,10,0,,0,0,0
1785499010.246498,42.2284772,-1.2340224,500.08,0.007,LAND,0,10,0,,0,0,0
1785499010.7485747,42.2284772,-1.2340224,500.08,0.007,LAND,0,10,0,,0,0,0
1785499011.2506547,42.2284772,-1.2340224,500.08,0.007,LAND,0,10,0,,0,0,0
1785499011.75298,42.2284772,-1.2340224,500.08,0.007,LAND,0,10,0,,0,0,0
1785499012.255542,42.2284772,-1.2340224,500.08,0.007,LAND,0,10,0,,0,0,0
1785499012.7578971,42.2284772,-1.2340224,500.08,0.007,LAND,0,10,0,,0,0,0
1785499013.2599657,42.2284772,-1.2340224,500.08,0.007,LAND,0,10,0,,0,0,0
1785499013.7619393,42.2284772,-1.2340224,500.08,0.007,LAND,0,10,0,,0,0,0
1785499014.26438,42.2284772,-1.2340224,500.08,0.007,LAND,0,10,0,,0,0,0
1785499014.7670972,42.2284772,-1.2340224,500.08,0.007,LAND,0,10,0,,0,0,0
1785499015.2693346,42.2284772,-1.2340224,500.08,0.007,LAND,0,10,0,,0,0,0
1785499015.7717152,42.2284772,-1.2340224,500.08,0.007,LAND,0,10,0,,0,0,0
1785499016.2740054,42.2284772,-1.2340224,500.08,0.007,LAND,0,10,0,,0,0,0
1785499016.776342,42.2284772,-1.2340224,500.08,0.007,LAND,0,10,0,,0,0,0
1785499017.2785285,42.2284772,-1.2340224,500.08,0.007,LAND,0,10,0,,0,0,0
1785499017.7809296,42.2284772,-1.2340224,500.08,0.007,LAND,0,10,0,,0,0,0
1785499018.2830422,42.2284772,-1.2340224,500.08,0.007,LAND,0,10,0,,0,0,0
1785499018.7849617,42.2284772,-1.2340224,500.08,0.007,LAND,0,10,0,,0,0,0
1785499019.2878687,42.2284772,-1.2340224,500.08,0.007,LAND,0,10,0,,0,0,0
1785499019.7903562,42.2284772,-1.2340224,500.08,0.007,LAND,0,10,0,,0,0,0
1785499020.2927632,42.2284772,-1.2340224,500.08,0.007,LAND,0,10,0,,0,0,0
1785499020.7949,42.2284772,-1.2340224,500.08,0.007,LAND,0,10,0,,0,0,0
1785499021.2971413,42.2284772,-1.2340224,500.08,0.007,LAND,0,10,0,,0,0,0
1785499021.7994087,42.2284772,-1.2340224,500.08,0.007,LAND,0,10,0,,0,0,0
1785499022.3018882,42.2284772,-1.2340224,500.08,0.007,LAND,0,10,0,,0,0,0
1785499022.804339,42.2284772,-1.2340224,500.08,0.007,LAND,0,10,0,,0,0,0
1785499023.3063636,42.2284772,-1.2340224,500.08,0.007,LAND,0,10,0,,0,0,0
1785499023.8086283,42.2284772,-1.2340224,500.08,0.007,LAND,0,10,0,,0,0,0
1785499024.3111084,42.2284772,-1.2340224,500.08,0.007,LAND,0,10,0,,0,0,0
1785499024.8133707,42.2284772,-1.2340224,500.08,0.007,LAND,0,10,0,,0,0,0
1785499025.3157306,42.2284772,-1.2340224,500.08,0.007,LAND,0,10,0,,0,0,0
1785499025.8182702,42.2284772,-1.2340224,500.08,0.007,LAND,0,10,0,,0,0,0
1785499026.3204756,42.2284772,-1.2340224,500.08,0.007,LAND,0,10,0,,0,0,0
1785499026.8227146,42.2284772,-1.2340224,500.08,0.007,LAND,0,10,0,,0,0,0
1785499027.3251045,42.2284772,-1.2340224,500.08,0.007,LAND,0,10,0,,0,0,0
1785499027.827801,42.2284772,-1.2340224,500.08,0.007,LAND,0,10,0,,0,0,0
1785499028.3305328,42.2284772,-1.2340224,500.08,0.007,LAND,0,10,0,,0,0,0
1785499028.8330688,42.2284772,-1.2340224,500.08,0.007,LAND,0,10,0,,0,0,0
1785499029.3354716,42.2284772,-1.2340224,500.08,0.007,LAND,0,10,0,,0,0,0
1785499029.8386636,42.2284772,-1.2340224,500.08,0.007,LAND,0,10,0,,0,0,0
1785499030.3412828,42.2284772,-1.2340224,500.08,0.007,LAND,0,10,0,,0,0,0
1785499030.8434532,42.2284772,-1.2340224,500.08,0.007,LAND,0,10,0,,0,0,0
1785499031.3455737,42.2284772,-1.2340224,500.08,0.007,LAND,0,10,0,,0,0,0
1785499031.847953,42.2284772,-1.2340224,500.08,0.007,LAND,0,10,0,,0,0,0
1785499032.3501709,42.2284772,-1.2340224,500.08,0.007,LAND,0,10,0,,0,0,0
1785499032.8523033,42.2284772,-1.2340224,500.08,0.007,LAND,0,10,0,,0,0,0
1785499033.3545299,42.2284772,-1.2340224,500.08,0.007,LAND,0,10,0,,0,0,0
1785499033.8569617,42.2284772,-1.2340224,500.08,0.007,LAND,0,10,0,,0,0,0
1785499034.3588643,42.2284772,-1.2340224,500.08,0.007,LAND,0,10,0,,0,0,0
1785499034.8607628,42.2284772,-1.2340224,500.08,0.007,LAND,0,10,0,,0,0,0
1785499035.3630044,42.2284772,-1.2340224,500.08,0.007,LAND,0,10,0,,0,0,0
1785499035.8653476,42.2284772,-1.2340224,500.08,0.007,LAND,0,10,0,,0,0,0
1785499036.3680227,42.2284772,-1.2340224,500.08,0.007,LAND,0,10,0,,0,0,0
1785499036.8706255,42.2284772,-1.2340224,500.08,0.007,LAND,0,10,0,,0,0,0
1785499037.3726747,42.2284772,-1.2340224,500.08,0.007,LAND,0,10,0,,0,0,0
1785499037.8753836,42.2284772,-1.2340224,500.08,0.007,LAND,0,10,0,,0,0,0
1785499038.377859,42.2284772,-1.2340224,500.08,0.007,LAND,0,10,0,,0,0,0
1785499038.8804169,42.2284772,-1.2340224,500.08,0.007,LAND,0,10,0,,0,0,0
1785499039.3824573,42.2284772,-1.2340224,500.08,0.007,LAND,0,10,0,,0,0,0
1785499039.8854668,42.2284772,-1.2340224,500.08,0.007,LAND,0,10,0,,0,0,0
1785499040.3878691,42.2284772,-1.2340224,500.08,0.007,LAND,0,10,0,,0,0,0
1785499040.8900957,42.2284772,-1.2340224,500.08,0.007,LAND,0,10,0,,0,0,0
1785499041.3925743,42.2284772,-1.2340224,500.08,0.007,LAND,0,10,0,,0,0,0
1785499041.8953047,42.2284772,-1.2340224,500.08,0.007,LAND,0,10,0,,0,0,0
1785499042.3976686,42.2284772,-1.2340224,500.08,0.007,LAND,0,10,0,,0,0,0
1785499042.9000838,42.2284772,-1.2340224,500.08,0.007,LAND,0,10,0,,0,0,0
1785499043.4019053,42.2284772,-1.2340224,500.08,0.007,LAND,0,10,0,,0,0,0
1785499043.904265,42.2284772,-1.2340224,500.08,0.007,LAND,0,10,0,,0,0,0
1785499044.4064987,42.2284772,-1.2340224,500.08,0.007,LAND,0,10,0,,0,0,0
1785499044.9088578,42.2284772,-1.2340224,500.08,0.007,LAND,0,10,0,,0,0,0
1785499045.4117982,42.2284772,-1.2340224,500.08,0.007,LAND,0,10,0,,0,0,0
1785499045.9143324,42.2284772,-1.2340224,500.08,0.007,LAND,0,10,0,,0,0,0
1785499046.4173977,42.2284772,-1.2340224,500.08,0.007,LAND,0,10,0,,0,0,0
1785499046.9197223,42.2284772,-1.2340224,500.08,0.007,LAND,0,10,0,,0,0,0
1785499047.422561,42.2284772,-1.2340224,500.08,0.007,LAND,0,10,0,,0,0,0
1785499047.9246838,42.2284772,-1.2340224,500.08,0.007,LAND,0,10,0,,0,0,0
1785499048.4274693,42.2284772,-1.2340224,500.08,0.007,LAND,0,10,0,,0,0,0
1785499048.929909,42.2284772,-1.2340224,500.08,0.007,LAND,0,10,0,,0,0,0
1785499049.4324002,42.2284772,-1.2340224,500.08,0.007,LAND,0,10,0,,0,0,0
1785499049.9343545,42.2284772,-1.2340224,500.08,0.007,LAND,0,10,0,,0,0,0
1785499050.4364433,42.2284772,-1.2340224,500.08,0.007,LAND,0,10,0,,0,0,0
1785499050.9388635,42.2284772,-1.2340224,500.08,0.007,LAND,0,10,0,,0,0,0
1785499051.4409301,42.2284772,-1.2340224,500.08,0.007,LAND,0,10,0,,0,0,0
1785499051.9432588,42.2284772,-1.2340224,500.08,0.007,LAND,0,10,0,,0,0,0
1785499052.445294,42.2284772,-1.2340224,500.08,0.007,LAND,0,10,0,,0,0,0
1785499052.9475782,42.2284772,-1.2340224,500.08,0.007,LAND,0,10,0,,0,0,0
1785499053.4493604,42.2284772,-1.2340224,500.08,0.007,LAND,0,10,0,,0,0,0
1785499053.951876,42.2284772,-1.2340224,500.08,0.007,LAND,0,10,0,,0,0,0
1785499054.454002,42.2284772,-1.2340224,500.08,0.007,LAND,0,10,0,,0,0,0
1785499054.9560294,42.2284772,-1.2340224,500.08,0.007,LAND,0,10,0,,0,0,0
1785499055.4584658,42.2284772,-1.2340224,500.08,0.007,LAND,0,10,0,,0,0,0
1785499055.9609008,42.2284772,-1.2340224,500.08,0.007,LAND,0,10,0,,0,0,0
1785499056.4635422,42.2284772,-1.2340224,500.08,0.007,LAND,0,10,0,,0,0,0
1785499056.9661927,42.2284772,-1.2340224,500.08,0.007,LAND,0,10,0,,0,0,0
1785499057.4681637,42.2284772,-1.2340224,500.08,0.007,LAND,0,10,0,,0,0,0
1785499057.9701898,42.2284772,-1.2340224,500.08,0.007,LAND,0,10,0,,0,0,0
1785499058.4725785,42.2284772,-1.2340224,500.08,0.007,LAND,0,10,0,,0,0,0
1785499058.974835,42.2284772,-1.2340224,500.08,0.007,LAND,0,10,0,,0,0,0
1785499059.4773133,42.2284772,-1.2340224,500.08,0.007,LAND,0,10,0,,0,0,0
1785499059.980338,42.2284772,-1.2340224,500.08,0.007,LAND,0,10,0,,0,0,0
1785499060.4828942,42.2284772,-1.2340224,500.08,0.007,LAND,0,10,0,,0,0,0
1785499060.9853323,42.2284772,-1.2340224,500.08,0.007,LAND,0,10,0,,0,0,0
1785499061.487676,42.2284772,-1.2340224,500.08,0.007,LAND,0,10,0,,0,0,0
1785499061.9899893,42.2284772,-1.2340224,500.08,0.007,LAND,0,10,0,,0,0,0
1785499062.4922123,42.2284772,-1.2340224,500.08,0.007,LAND,0,10,0,,0,0,0
1785499062.9950473,42.2284772,-1.2340224,500.08,0.007,LAND,0,10,0,,0,0,0
1785499063.497168,42.2284772,-1.2340224,500.08,0.007,LAND,0,10,0,,0,0,0
1785499063.9998457,42.2284772,-1.2340224,500.08,0.007,LAND,0,10,0,,0,0,0
1785499064.501724,42.2284772,-1.2340224,500.08,0.007,LAND,0,10,0,,0,0,0
1785499065.0042408,42.2284772,-1.2340224,500.08,0.007,LAND,0,10,0,,0,0,0
1785499065.5065904,42.2284772,-1.2340224,500.08,0.007,LAND,0,10,0,,0,0,0
1785499066.008928,42.2284772,-1.2340224,500.08,0.007,LAND,0,10,0,,0,0,0
1785499066.5117736,42.2284772,-1.2340224,500.08,0.007,LAND,0,10,0,,0,0,0
1785499067.014274,42.2284772,-1.2340224,500.08,0.007,LAND,0,10,0,,0,0,0
1785499067.5167003,42.2284772,-1.2340224,500.08,0.007,LAND,0,10,0,,0,0,0
1785499068.0189521,42.2284772,-1.2340224,500.08,0.007,LAND,0,10,0,,0,0,0
1785499068.5213847,42.2284772,-1.2340224,500.08,0.007,LAND,0,10,0,,0,0,0
1785499069.02443,42.2284772,-1.2340224,500.08,0.007,LAND,0,10,0,,0,0,0
1785499069.5270908,42.2284772,-1.2340224,500.08,0.007,LAND,0,10,0,,0,0,0
1785499070.0295563,42.2284772,-1.2340224,500.08,0.007,LAND,0,10,0,,0,0,0
1785499070.5322409,42.2284772,-1.2340224,500.08,0.007,LAND,0,10,0,,0,0,0
1785499071.03431,42.2284772,-1.2340224,500.08,0.007,LAND,0,10,0,,0,0,0
1785499071.5367565,42.2284772,-1.2340224,500.08,0.006,LAND,0,10,0,,0,0,0
1785499072.0395625,42.2284772,-1.2340224,500.08,0.006,LAND,0,10,0,,0,0,0
1785499072.5419822,42.2284772,-1.2340224,500.08,0.006,LAND,0,10,0,,0,0,0
1785499073.0444846,42.2284772,-1.2340224,500.08,0.006,LAND,0,10,0,,0,0,0
1785499073.546983,42.2284772,-1.2340224,500.08,0.006,LAND,0,10,0,,0,0,0
1785499074.0492237,42.2284772,-1.2340224,500.08,0.006,LAND,0,10,0,,0,0,0
1785499074.5514448,42.2284772,-1.2340224,500.08,0.007,LAND,0,10,0,,0,0,0
1785499075.0539854,42.2284772,-1.2340224,500.08,0.007,LAND,0,10,0,,0,0,0
1785499075.5564063,42.2284772,-1.2340224,500.08,0.007,LAND,0,10,0,,0,0,0
1785499076.0588431,42.2284772,-1.2340224,500.08,0.007,LAND,0,10,0,,0,0,0
1785499076.5608714,42.2284772,-1.2340224,500.08,0.007,LAND,0,10,0,,0,0,0
1785499077.063477,42.2284772,-1.2340224,500.08,0.007,LAND,0,10,0,,0,0,0
1785499077.5654194,42.2284772,-1.2340224,500.08,0.007,LAND,0,10,0,,0,0,0
1785499078.0682719,42.2284772,-1.2340224,500.08,0.007,LAND,0,10,0,,0,0,0
1785499078.5704925,42.2284772,-1.2340224,500.08,0.007,LAND,0,10,0,,0,0,0
1785499079.0728872,42.2284772,-1.2340224,500.08,0.007,LAND,0,10,0,,0,0,0
1785499079.5752666,42.2284772,-1.2340224,500.08,0.007,LAND,0,10,0,,0,0,0
1785499080.0773432,42.2284772,-1.2340224,500.08,0.007,LAND,0,10,0,,0,0,0
1785499080.5794742,42.2284772,-1.2340224,500.08,0.007,LAND,0,10,0,,0,0,0
1785499081.0825102,42.2284772,-1.2340224,500.08,0.007,LAND,0,10,0,,0,0,0
1785499081.5847619,42.2284772,-1.2340224,500.08,0.007,LAND,0,10,0,,0,0,0
1785499082.0872066,42.2284772,-1.2340224,500.08,0.007,LAND,0,10,0,,0,0,0
1785499082.5900345,42.2284772,-1.2340224,500.08,0.007,LAND,0,10,0,,0,0,0
1785499083.092183,42.2284772,-1.2340224,500.08,0.007,LAND,0,10,0,,0,0,0
1785499083.5946038,42.2284772,-1.2340224,500.08,0.007,LAND,0,10,0,,0,0,0
1785499084.096932,42.2284772,-1.2340224,500.08,0.007,LAND,0,10,0,,0,0,0
1785499084.599302,42.2284772,-1.2340224,500.08,0.007,LAND,0,10,0,,0,0,0
1785499085.1015513,42.2284772,-1.2340224,500.08,0.007,LAND,0,10,0,,0,0,0
1785499085.6037102,42.2284772,-1.2340224,500.08,0.007,LAND,0,10,0,,0,0,0
1785499086.1064036,42.2284772,-1.2340224,500.08,0.007,LAND,0,10,0,,0,0,0
1785499086.6095605,42.2284772,-1.2340224,500.08,0.007,LAND,0,10,0,,0,0,0
1785499087.111877,42.2284772,-1.2340224,500.08,0.007,LAND,0,10,0,,0,0,0
1785499087.6142364,42.2284772,-1.2340224,500.08,0.007,LAND,0,10,0,,0,0,0
1785499088.117103,42.2284772,-1.2340224,500.08,0.007,LAND,0,10,0,,0,0,0
1785499088.6193192,42.2284772,-1.2340224,500.08,0.007,LAND,0,10,0,,0,0,0
1785499089.1223662,42.2284772,-1.2340224,500.08,0.007,LAND,0,10,0,,0,0,0
1785499089.6247447,42.2284772,-1.2340224,500.08,0.007,LAND,0,10,0,,0,0,0
1785499090.1272738,42.2284772,-1.2340224,500.08,0.007,LAND,0,10,0,,0,0,0
1785499090.6294265,42.2284772,-1.2340224,500.08,0.007,LAND,0,10,0,,0,0,0
1785499091.13142,42.2284772,-1.2340224,500.08,0.007,LAND,0,10,0,,0,0,0
1785499091.6334715,42.2284772,-1.2340224,500.08,0.007,LAND,0,10,0,,0,0,0
1785499092.1357653,42.2284772,-1.2340223,500.08,0.007,LAND,0,10,0,,0,0,0
1785499092.6381457,42.2284772,-1.2340223,500.08,0.007,LAND,0,10,0,,0,0,0
1785499093.141249,42.2284772,-1.2340223,500.08,0.007,LAND,0,10,0,,0,0,0
1785499093.643418,42.2284772,-1.2340223,500.08,0.007,LAND,0,10,0,,0,0,0
1785499094.1455226,42.2284772,-1.2340223,500.08,0.007,LAND,0,10,0,,0,0,0
1785499094.6477253,42.2284772,-1.2340223,500.08,0.007,LAND,0,10,0,,0,0,0
1785499095.1507945,42.2284772,-1.2340223,500.08,0.007,LAND,0,10,0,,0,0,0
1785499095.653385,42.2284772,-1.2340223,500.08,0.007,LAND,0,10,0,,0,0,0
1785499096.1555903,42.2284772,-1.2340223,500.08,0.007,LAND,0,10,0,,0,0,0
1785499096.6580229,42.2284772,-1.2340222,500.08,0.007,LAND,0,10,0,,0,0,0
1785499097.1602387,42.2284772,-1.2340222,500.08,0.007,LAND,0,10,0,,0,0,0
1785499097.6624565,42.2284772,-1.2340222,500.08,0.007,LAND,0,10,0,,0,0,0
1785499098.165017,42.2284772,-1.2340222,500.08,0.007,LAND,0,10,0,,0,0,0
1785499098.667581,42.2284772,-1.2340222,500.08,0.007,LAND,0,10,0,,0,0,0
1785499099.1698618,42.2284772,-1.2340222,500.08,0.007,LAND,0,10,0,,0,0,0
1785499099.6724143,42.2284772,-1.2340222,500.08,0.007,LAND,0,10,0,,0,0,0
1785499100.1754444,42.2284772,-1.2340222,500.08,0.007,LAND,0,10,0,,0,0,0
1785499100.6776066,42.2284772,-1.2340222,500.08,0.007,LAND,0,10,0,,0,0,0
1785499101.1802096,42.2284772,-1.2340222,500.08,0.007,LAND,0,10,0,,0,0,0
1785499101.6831985,42.2284772,-1.2340222,500.08,0.007,LAND,0,10,0,,0,0,0
1785499102.185676,42.2284772,-1.2340222,500.08,0.007,LAND,0,10,0,,0,0,0
1785499102.6890297,42.2284772,-1.2340222,500.08,0.007,LAND,0,10,0,,0,0,0
1785499103.1912167,42.2284772,-1.2340222,500.08,0.007,LAND,0,10,0,,0,0,0
1785499103.6939065,42.2284772,-1.2340222,500.08,0.007,LAND,0,10,0,,0,0,0
1785499104.1959672,42.2284772,-1.2340221,500.08,0.007,LAND,0,10,0,,0,0,0
1785499104.698476,42.2284772,-1.2340221,500.08,0.007,LAND,0,10,0,,0,0,0
1785499105.2006521,42.2284772,-1.2340221,500.08,0.007,LAND,0,10,0,,0,0,0
1785499105.7027385,42.2284772,-1.2340221,500.08,0.007,LAND,0,10,0,,0,0,0
1785499106.2056613,42.2284772,-1.2340221,500.08,0.007,LAND,0,10,0,,0,0,0
1785499106.7082903,42.2284772,-1.2340221,500.08,0.007,LAND,0,10,0,,0,0,0
1785499107.2107744,42.2284772,-1.2340221,500.08,0.007,LAND,0,10,0,,0,0,0
1785499107.713644,42.2284772,-1.2340221,500.08,0.007,LAND,0,10,0,,0,0,0
1785499108.2155685,42.2284772,-1.2340221,500.08,0.007,LAND,0,10,0,,0,0,0
1785499108.7179866,42.2284772,-1.2340221,500.08,0.007,LAND,0,10,0,,0,0,0
1785499109.220404,42.2284772,-1.2340221,500.08,0.007,LAND,0,10,0,,0,0,0
1785499109.7231245,42.2284772,-1.2340221,500.08,0.007,LAND,0,10,0,,0,0,0
1785499110.2254963,42.2284772,-1.2340221,500.08,0.007,LAND,0,10,0,,0,0,0
1785499110.727894,42.2284772,-1.2340221,500.08,0.007,LAND,0,10,0,,0,0,0
1785499111.230519,42.2284772,-1.2340221,500.08,0.007,LAND,0,10,0,,0,0,0
1785499111.733269,42.2284772,-1.2340221,500.08,0.007,LAND,0,10,0,,0,0,0
1785499112.236081,42.2284772,-1.2340221,500.08,0.007,LAND,0,10,0,,0,0,0
1785499112.738532,42.2284772,-1.2340221,500.08,0.007,LAND,0,10,0,,0,0,0
1785499113.2415087,42.2284772,-1.2340221,500.08,0.007,LAND,0,10,0,,0,0,0
1785499113.7439227,42.2284772,-1.2340221,500.08,0.008,LAND,0,10,0,,0,0,0
1785499114.2464223,42.2284772,-1.2340221,500.08,0.008,LAND,0,10,0,,0,0,0
1785499114.7488954,42.2284772,-1.2340221,500.08,0.008,LAND,0,10,0,,0,0,0
1785499115.2518148,42.2284772,-1.2340221,500.08,0.008,LAND,0,10,0,,0,0,0
1785499115.7540967,42.2284772,-1.2340221,500.08,0.007,LAND,0,10,0,,0,0,0
1785499116.2569356,42.2284772,-1.2340221,500.08,0.007,LAND,0,10,0,,0,0,0
1785499116.759523,42.2284772,-1.2340221,500.08,0.007,LAND,0,10,0,,0,0,0
1785499117.2621002,42.2284772,-1.2340221,500.08,0.007,LAND,0,10,0,,0,0,0
1785499117.7645583,42.2284772,-1.2340221,500.08,0.007,LAND,0,10,0,,0,0,0
1785499118.2668965,42.2284772,-1.2340221,500.08,0.007,LAND,0,10,0,,0,0,0
1785499118.7694116,42.2284772,-1.2340221,500.08,0.007,LAND,0,10,0,,0,0,0
1785499119.2717776,42.2284772,-1.2340221,500.08,0.007,LAND,0,10,0,,0,0,0
1785499119.7751057,42.2284772,-1.2340221,500.08,0.007,LAND,0,10,0,,0,0,0
1785499120.2780213,42.2284772,-1.2340221,500.08,0.007,LAND,0,10,0,,0,0,0
1785499120.780611,42.2284772,-1.2340221,500.08,0.007,LAND,0,10,0,,0,0,0
1785499121.283446,42.2284772,-1.2340221,500.08,0.007,LAND,0,10,0,,0,0,0
1785499121.7858744,42.2284772,-1.2340221,500.08,0.007,LAND,0,10,0,,0,0,0
1785499122.2882388,42.2284772,-1.2340221,500.08,0.007,LAND,0,10,0,,0,0,0
1785499122.7906828,42.2284772,-1.2340221,500.08,0.007,LAND,0,10,0,,0,0,0
1785499123.2931008,42.2284772,-1.2340221,500.08,0.007,LAND,0,10,0,,0,0,0
1785499123.795277,42.2284772,-1.2340221,500.08,0.007,LAND,0,10,0,,0,0,0
1785499124.2974725,42.2284772,-1.2340221,500.08,0.007,LAND,0,10,0,,0,0,0
1785499124.8000395,42.2284772,-1.234022,500.08,0.007,LAND,0,10,0,,0,0,0
1785499125.302296,42.2284772,-1.234022,500.08,0.007,LAND,0,10,0,,0,0,0
1785499125.8048406,42.2284772,-1.234022,500.08,0.007,LAND,0,10,0,,0,0,0
1785499126.307328,42.2284772,-1.234022,500.08,0.007,LAND,0,10,0,,0,0,0
1785499126.810098,42.2284772,-1.234022,500.08,0.007,LAND,0,10,0,,0,0,0
1785499127.3124819,42.2284772,-1.234022,500.08,0.007,LAND,0,10,0,,0,0,0
1785499127.8151085,42.2284772,-1.234022,500.08,0.007,LAND,0,10,0,,0,0,0
1785499128.317092,42.2284772,-1.234022,500.08,0.007,LAND,0,10,0,,0,0,0
1785499128.8197503,42.2284772,-1.234022,500.08,0.007,LAND,0,10,0,,0,0,0
1785499129.3223085,42.2284772,-1.234022,500.08,0.007,LAND,0,10,0,,0,0,0
1785499129.8248246,42.2284772,-1.234022,500.08,0.007,LAND,0,10,0,,0,0,0
1785499130.3274248,42.2284772,-1.234022,500.08,0.007,LAND,0,10,0,,0,0,0
1785499130.8300724,42.2284772,-1.234022,500.08,0.007,LAND,0,10,0,,0,0,0
1785499131.3326092,42.2284772,-1.234022,500.08,0.007,LAND,0,10,0,,0,0,0
1785499131.835213,42.2284772,-1.234022,500.08,0.007,LAND,0,10,0,,0,0,0
1785499132.3378954,42.2284772,-1.234022,500.08,0.007,LAND,0,10,0,,0,0,0
1785499132.8411224,42.2284772,-1.234022,500.08,0.007,LAND,0,10,0,,0,0,0
1785499133.3432503,42.2284772,-1.234022,500.08,0.007,LAND,0,10,0,,0,0,0
1785499133.8455951,42.2284772,-1.234022,500.08,0.007,LAND,0,10,0,,0,0,0
1785499134.3485653,42.2284772,-1.234022,500.08,0.007,LAND,0,10,0,,0,0,0
1785499134.8510756,42.2284772,-1.234022,500.08,0.007,LAND,0,10,0,,0,0,0
1785499135.3535662,42.2284772,-1.234022,500.08,0.007,LAND,0,10,0,,0,0,0
1785499135.866399,42.2284772,-1.234022,500.08,0.007,LAND,0,10,0,,0,0,0
1785499136.3696692,42.2284772,-1.234022,500.08,0.007,LAND,0,10,0,,0,0,0
1785499136.8722394,42.2284772,-1.234022,500.08,0.007,LAND,0,10,0,,0,0,0
1785499137.374821,42.2284772,-1.234022,500.08,0.007,LAND,0,10,0,,0,0,0
1785499137.8772187,42.2284772,-1.234022,500.08,0.007,LAND,0,10,0,,0,0,0
1785499138.379345,42.2284772,-1.234022,500.08,0.007,LAND,0,10,0,,0,0,0
1785499138.8816555,42.2284772,-1.234022,500.08,0.007,LAND,0,10,0,,0,0,0
1785499139.3841014,42.2284772,-1.234022,500.08,0.007,LAND,0,10,0,,0,0,0
1785499139.8862028,42.2284772,-1.234022,500.08,0.007,LAND,0,10,0,,0,0,0
1785499140.3886333,42.2284772,-1.234022,500.08,0.007,LAND,0,10,0,,0,0,0
1785499140.8912053,42.2284772,-1.234022,500.08,0.007,LAND,0,10,0,,0,0,0
1785499141.394313,42.2284772,-1.234022,500.08,0.007,LAND,0,10,0,,0,0,0
1785499141.8963995,42.2284772,-1.234022,500.08,0.007,LAND,0,10,0,,0,0,0
1785499142.3985336,42.2284772,-1.234022,500.08,0.007,LAND,0,10,0,,0,0,0
1785499142.9015818,42.2284772,-1.234022,500.08,0.007,LAND,0,10,0,,0,0,0
1785499143.403928,42.2284772,-1.234022,500.08,0.007,LAND,0,10,0,,0,0,0
1785499143.913488,42.2284772,-1.234022,500.08,0.007,LAND,0,10,0,,0,0,0
1785499144.41749,42.2284772,-1.234022,500.08,0.007,LAND,0,10,0,,0,0,0
1785499144.9198976,42.2284772,-1.234022,500.08,0.007,LAND,0,10,0,,0,0,0
1785499145.4224336,42.2284772,-1.234022,500.08,0.007,LAND,0,10,0,,0,0,0
1785499145.9275723,42.2284772,-1.234022,500.08,0.007,LAND,0,10,0,,0,0,0
1785499146.4329698,42.2284772,-1.234022,500.08,0.007,LAND,0,10,0,,0,0,0
1785499146.9354484,42.2284772,-1.234022,500.08,0.007,LAND,0,10,0,,0,0,0
1785499147.4379148,42.2284772,-1.234022,500.08,0.007,LAND,0,10,0,,0,0,0
1785499147.9405246,42.2284772,-1.234022,500.08,0.007,LAND,0,10,0,,0,0,0
1785499148.4429502,42.2284772,-1.234022,500.08,0.007,LAND,0,10,0,,0,0,0
1785499148.945422,42.2284772,-1.234022,500.08,0.007,LAND,0,10,0,,0,0,0
1785499149.4475622,42.2284772,-1.234022,500.08,0.007,LAND,0,10,0,,0,0,0
1785499149.9497027,42.2284772,-1.234022,500.08,0.007,LAND,0,10,0,,0,0,0
1785499150.4518473,42.2284772,-1.234022,500.08,0.007,LAND,0,10,0,,0,0,0
1785499150.9549503,42.2284772,-1.234022,500.08,0.007,LAND,0,10,0,,0,0,0
1785499151.4573042,42.2284772,-1.234022,500.08,0.007,LAND,0,10,0,,0,0,0
1785499151.9605389,42.2284772,-1.234022,500.08,0.007,LAND,0,10,0,,0,0,0
1785499152.4629207,42.2284772,-1.234022,500.08,0.007,LAND,0,10,0,,0,0,0
1785499152.9652112,42.2284772,-1.234022,500.08,0.007,LAND,0,10,0,,0,0,0
1785499153.4679735,42.2284772,-1.234022,500.08,0.007,LAND,0,10,0,,0,0,0
1785499153.969958,42.2284772,-1.234022,500.08,0.007,LAND,0,10,0,,0,0,0
1785499154.4728565,42.2284772,-1.234022,500.08,0.007,LAND,0,10,0,,0,0,0
1785499154.9753647,42.2284772,-1.234022,500.08,0.007,LAND,0,10,0,,0,0,0
1785499155.4779887,42.2284772,-1.234022,500.08,0.007,LAND,0,10,0,,0,0,0
1785499155.9805582,42.2284772,-1.234022,500.08,0.007,LAND,0,10,0,,0,0,0
1785499156.4830306,42.2284772,-1.234022,500.08,0.007,LAND,0,10,0,,0,0,0
1785499156.985409,42.2284772,-1.234022,500.08,0.007,LAND,0,10,0,,0,0,0
1785499157.4881294,42.2284772,-1.234022,500.08,0.007,LAND,0,10,0,,0,0,0
1785499157.9901898,42.2284772,-1.234022,500.08,0.007,LAND,0,10,0,,0,0,0
1785499158.493394,42.2284772,-1.234022,500.08,0.007,LAND,0,10,0,,0,0,0
1785499158.9957268,42.2284772,-1.234022,500.08,0.007,LAND,0,10,0,,0,0,0
1785499159.498373,42.2284772,-1.234022,500.08,0.007,LAND,0,10,0,,0,0,0
1785499160.0006957,42.2284772,-1.234022,500.08,0.007,LAND,0,10,0,,0,0,0
1785499160.5032687,42.2284772,-1.234022,500.08,0.007,LAND,0,10,0,,0,0,0
1785499161.0066886,42.2284772,-1.234022,500.08,0.007,LAND,0,10,0,,0,0,0
1785499161.5089462,42.2284772,-1.234022,500.08,0.007,LAND,0,10,0,,0,0,0
1785499162.0108483,42.2284772,-1.234022,500.08,0.007,LAND,0,10,0,,0,0,0
1785499162.5134304,42.2284772,-1.234022,500.08,0.007,LAND,0,10,0,,0,0,0
1785499163.015988,42.2284772,-1.234022,500.08,0.007,LAND,0,10,0,,0,0,0
1785499163.5184205,42.2284772,-1.234022,500.08,0.007,LAND,0,10,0,,0,0,0
1785499164.0215802,42.2284772,-1.234022,500.08,0.007,LAND,0,10,0,,0,0,0
1785499164.5244212,42.2284772,-1.234022,500.08,0.007,LAND,0,10,0,,0,0,0
1785499165.0272355,42.2284772,-1.234022,500.08,0.007,LAND,0,10,0,,0,0,0
1785499165.529883,42.2284772,-1.234022,500.08,0.007,LAND,0,10,0,,0,0,0
1785499166.0322826,42.2284772,-1.234022,500.08,0.007,LAND,0,10,0,,0,0,0
1785499166.5346391,42.2284772,-1.234022,500.08,0.007,LAND,0,10,0,,0,0,0
1785499167.0370572,42.2284772,-1.234022,500.08,0.007,LAND,0,10,0,,0,0,0
1785499167.5395749,42.2284772,-1.234022,500.08,0.007,LAND,0,10,0,,0,0,0
1785499168.043754,42.2284772,-1.234022,500.08,0.007,LAND,0,10,0,,0,0,0
1785499168.5461028,42.2284772,-1.234022,500.08,0.007,LAND,0,10,0,,0,0,0
1785499169.0484881,42.2284772,-1.234022,500.08,0.007,LAND,0,10,0,,0,0,0
1785499169.5510557,42.2284772,-1.234022,500.08,0.007,LAND,0,10,0,,0,0,0
1785499170.0540602,42.2284772,-1.234022,500.08,0.007,LAND,0,10,0,,0,0,0
1785499170.5564234,42.2284772,-1.234022,500.08,0.007,LAND,0,10,0,,0,0,0
1785499171.0595257,42.2284772,-1.234022,500.08,0.007,LAND,0,10,0,,0,0,0
1785499171.5618386,42.2284772,-1.234022,500.08,0.007,LAND,0,10,0,,0,0,0
1785499172.064609,42.2284772,-1.234022,500.08,0.007,LAND,0,10,0,,0,0,0
1785499172.5677435,42.2284772,-1.234022,500.08,0.007,LAND,0,10,0,,0,0,0
1785499173.0702548,42.2284772,-1.234022,500.08,0.007,LAND,0,10,0,,0,0,0
1785499173.5730217,42.2284772,-1.234022,500.08,0.007,LAND,0,10,0,,0,0,0
1785499174.0753326,42.2284772,-1.234022,500.08,0.007,LAND,0,10,0,,0,0,0
1785499174.5779512,42.2284772,-1.234022,500.08,0.007,LAND,0,10,0,,0,0,0
1785499175.0807168,42.2284772,-1.234022,500.08,0.007,LAND,0,10,0,,0,0,0
1785499175.5839303,42.2284772,-1.234022,500.08,0.007,LAND,0,10,0,,0,0,0
1785499176.0865889,42.2284772,-1.234022,500.08,0.007,LAND,0,10,0,,0,0,0
1785499176.5887895,42.2284772,-1.234022,500.08,0.007,LAND,0,10,0,,0,0,0
1785499177.09127,42.2284772,-1.234022,500.08,0.007,LAND,0,10,0,,0,0,0
1785499177.5942903,42.2284772,-1.234022,500.08,0.007,LAND,0,10,0,,0,0,0
1785499178.097152,42.2284772,-1.234022,500.08,0.007,LAND,0,10,0,,0,0,0
1785499178.5999198,42.2284772,-1.234022,500.08,0.007,LAND,0,10,0,,0,0,0
1785499179.102554,42.2284772,-1.234022,500.08,0.007,LAND,0,10,0,,0,0,0
1785499179.604782,42.2284772,-1.234022,500.08,0.007,LAND,0,10,0,,0,0,0
1785499180.1072013,42.2284772,-1.234022,500.08,0.007,LAND,0,10,0,,0,0,0
1785499180.609607,42.2284772,-1.234022,500.08,0.007,LAND,0,10,0,,0,0,0
1785499181.1126595,42.2284772,-1.234022,500.08,0.007,LAND,0,10,0,,0,0,0
1785499181.6153116,42.2284772,-1.234022,500.08,0.007,LAND,0,10,0,,0,0,0
1785499182.1179743,42.2284772,-1.234022,500.08,0.007,LAND,0,10,0,,0,0,0
1785499182.6203961,42.2284772,-1.234022,500.08,0.007,LAND,0,10,0,,0,0,0
1785499183.1236072,42.2284772,-1.234022,500.08,0.007,LAND,0,10,0,,0,0,0
1785499183.6259153,42.2284772,-1.234022,500.08,0.007,LAND,0,10,0,,0,0,0
1785499184.1288269,42.2284772,-1.234022,500.08,0.007,LAND,0,10,0,,0,0,0
1785499184.6312404,42.2284772,-1.234022,500.08,0.007,LAND,0,10,0,,0,0,0
1785499185.1338549,42.2284772,-1.234022,500.08,0.007,LAND,0,10,0,,0,0,0
1785499185.6359873,42.2284772,-1.234022,500.08,0.007,LAND,0,10,0,,0,0,0
1785499186.1379929,42.2284772,-1.234022,500.08,0.007,LAND,0,10,0,,0,0,0
1785499186.640366,42.2284772,-1.234022,500.08,0.007,LAND,0,10,0,,0,0,0
1785499187.1424644,42.2284772,-1.234022,500.08,0.007,LAND,0,10,0,,0,0,0
1785499187.6452622,42.2284772,-1.234022,500.08,0.007,LAND,0,10,0,,0,0,0
1785499188.1478922,42.2284772,-1.234022,500.08,0.007,LAND,0,10,0,,0,0,0
1785499188.6505694,42.2284772,-1.234022,500.08,0.007,LAND,0,10,0,,0,0,0
1785499189.1532443,42.2284772,-1.234022,500.08,0.007,LAND,0,10,0,,0,0,0
1785499189.6556027,42.2284772,-1.234022,500.08,0.007,LAND,0,10,0,,0,0,0
1785499190.158302,42.2284772,-1.234022,500.08,0.007,LAND,0,10,0,,0,0,0
1785499190.661066,42.2284772,-1.234022,500.08,0.007,LAND,0,10,0,,0,0,0
1785499191.1639895,42.2284772,-1.234022,500.08,0.007,LAND,0,10,0,,0,0,0
1785499191.6662114,42.2284772,-1.234022,500.08,0.007,LAND,0,10,0,,0,0,0
1785499192.1683066,42.2284772,-1.234022,500.08,0.007,LAND,0,10,0,,0,0,0
1785499192.6713924,42.2284772,-1.234022,500.08,0.007,LAND,0,10,0,,0,0,0
1785499193.1744676,42.2284772,-1.234022,500.08,0.007,LAND,0,10,0,,0,0,0
1785499193.6774037,42.2284772,-1.234022,500.08,0.007,LAND,0,10,0,,0,0,0
1785499194.1800845,42.2284772,-1.234022,500.08,0.007,LAND,0,10,0,,0,0,0
1785499194.683073,42.2284772,-1.234022,500.08,0.007,LAND,0,10,0,,0,0,0
1785499195.185397,42.2284772,-1.234022,500.08,0.007,LAND,0,10,0,,0,0,0
1785499195.68759,42.2284772,-1.234022,500.08,0.007,LAND,0,10,0,,0,0,0
1785499196.190237,42.2284772,-1.234022,500.08,0.007,LAND,0,10,0,,0,0,0
1785499196.6925046,42.2284772,-1.234022,500.08,0.007,LAND,0,10,0,,0,0,0
1785499197.1949172,42.2284772,-1.234022,500.08,0.007,LAND,0,10,0,,0,0,0
1785499197.6972418,42.2284772,-1.234022,500.08,0.007,LAND,0,10,0,,0,0,0
1785499198.1995156,42.2284772,-1.234022,500.08,0.007,LAND,0,10,0,,0,0,0
1785499198.7020946,42.2284772,-1.234022,500.08,0.007,LAND,0,10,0,,0,0,0
1785499199.2050807,42.2284772,-1.234022,500.08,0.007,LAND,0,10,0,,0,0,0
1785499199.7077103,42.2284772,-1.234022,500.08,0.007,LAND,0,10,0,,0,0,0
1785499200.210052,42.2284772,-1.234022,500.08,0.007,LAND,0,10,0,,0,0,0
1785499200.7123122,42.2284772,-1.234022,500.08,0.007,LAND,0,10,0,,0,0,0
1785499201.2148998,42.2284772,-1.234022,500.08,0.007,LAND,0,10,0,,0,0,0
1785499201.716962,42.2284772,-1.234022,500.08,0.007,LAND,0,10,0,,0,0,0
1785499202.2190511,42.2284772,-1.234022,500.08,0.007,LAND,0,10,0,,0,0,0
1785499202.7215576,42.2284772,-1.234022,500.08,0.007,LAND,0,10,0,,0,0,0
1785499203.2241037,42.2284772,-1.234022,500.08,0.007,LAND,0,10,0,,0,0,0
1785499203.7262697,42.2284772,-1.234022,500.08,0.007,LAND,0,10,0,,0,0,0
1785499204.228745,42.2284772,-1.234022,500.08,0.007,LAND,0,10,0,,0,0,0
1785499204.7312768,42.2284772,-1.234022,500.08,0.007,LAND,0,10,0,,0,0,0
1785499205.2336159,42.2284772,-1.234022,500.08,0.007,LAND,0,10,0,,0,0,0
1785499205.7357893,42.2284772,-1.234022,500.08,0.007,LAND,0,10,0,,0,0,0
1785499206.2382493,42.2284772,-1.234022,500.08,0.007,LAND,0,10,0,,0,0,0
1785499206.740947,42.2284772,-1.234022,500.08,0.007,LAND,0,10,0,,0,0,0
1785499207.2434683,42.2284772,-1.234022,500.08,0.007,LAND,0,10,0,,0,0,0
1785499207.7462122,42.2284772,-1.234022,500.08,0.007,LAND,0,10,0,,0,0,0
1785499208.2484822,42.2284772,-1.234022,500.08,0.007,LAND,0,10,0,,0,0,0
1785499208.751069,42.2284772,-1.234022,500.08,0.007,LAND,0,10,0,,0,0,0
1785499209.2538922,42.2284772,-1.234022,500.08,0.007,LAND,0,10,0,,0,0,0
1785499209.7565038,42.2284772,-1.234022,500.08,0.007,LAND,0,10,0,,0,0,0
1785499210.2596262,42.2284772,-1.234022,500.08,0.007,LAND,0,10,0,,0,0,0
1785499210.7624068,42.2284772,-1.234022,500.08,0.007,LAND,0,10,0,,0,0,0
1785499211.2654698,42.2284772,-1.234022,500.08,0.007,LAND,0,10,0,,0,0,0
1785499211.768613,42.2284772,-1.234022,500.08,0.007,LAND,0,10,0,,0,0,0
1785499212.2718487,42.2284772,-1.234022,500.08,0.007,LAND,0,10,0,,0,0,0
1785499212.7740986,42.2284772,-1.234022,500.08,0.007,LAND,0,10,0,,0,0,0
1785499213.2771528,42.2284772,-1.234022,500.08,0.007,LAND,0,10,0,,0,0,0
1785499213.7794673,42.2284772,-1.234022,500.08,0.007,LAND,0,10,0,,0,0,0
1785499214.2820466,42.2284772,-1.234022,500.08,0.007,LAND,0,10,0,,0,0,0
1785499214.7850418,42.2284772,-1.234022,500.08,0.007,LAND,0,10,0,,0,0,0
1785499215.2883472,42.2284772,-1.234022,500.08,0.007,LAND,0,10,0,,0,0,0
1785499215.7911942,42.2284772,-1.234022,500.08,0.007,LAND,0,10,0,,0,0,0
1785499216.2947783,42.2284772,-1.234022,500.08,0.007,LAND,0,10,0,,0,0,0
1785499216.7976074,42.2284772,-1.234022,500.08,0.007,LAND,0,10,0,,0,0,0
1785499217.3011167,42.2284772,-1.234022,500.08,0.007,LAND,0,10,0,,0,0,0
1785499217.8034606,42.2284772,-1.234022,500.08,0.007,LAND,0,10,0,,0,0,0
1785499218.3055067,42.2284772,-1.234022,500.08,0.007,LAND,0,10,0,,0,0,0
1785499218.8081503,42.2284772,-1.234022,500.08,0.007,LAND,0,10,0,,0,0,0
1785499219.3110483,42.2284772,-1.234022,500.08,0.007,LAND,0,10,0,,0,0,0
1785499219.8136203,42.2284772,-1.234022,500.08,0.007,LAND,0,10,0,,0,0,0
1785499220.3163073,42.2284772,-1.234022,500.08,0.007,LAND,0,10,0,,0,0,0
1785499220.8187919,42.2284772,-1.234022,500.08,0.007,LAND,0,10,0,,0,0,0
1785499221.3221536,42.2284772,-1.234022,500.08,0.007,LAND,0,10,0,,0,0,0
1785499221.825511,42.2284772,-1.234022,500.08,0.007,LAND,0,10,0,,0,0,0
1785499222.328395,42.2284772,-1.234022,500.08,0.007,LAND,0,10,0,,0,0,0
1785499222.8311691,42.2284772,-1.234022,500.08,0.007,LAND,0,10,0,,0,0,0
1785499223.3345265,42.2284772,-1.234022,500.08,0.007,LAND,0,10,0,,0,0,0
1785499223.8367794,42.2284772,-1.234022,500.08,0.007,LAND,0,10,0,,0,0,0
1785499224.339144,42.2284772,-1.234022,500.08,0.007,LAND,0,10,0,,0,0,0
1785499224.841999,42.2284772,-1.234022,500.08,0.007,LAND,0,10,0,,0,0,0
1785499225.345109,42.2284772,-1.234022,500.08,0.007,LAND,0,10,0,,0,0,0
1785499225.8473694,42.2284772,-1.234022,500.08,0.007,LAND,0,10,0,,0,0,0
1785499226.34983,42.2284772,-1.234022,500.08,0.007,LAND,0,10,0,,0,0,0
1785499226.8526459,42.2284772,-1.234022,500.08,0.007,LAND,0,10,0,,0,0,0
1785499227.3560636,42.2284772,-1.234022,500.08,0.007,LAND,0,10,0,,0,0,0
1785499227.8592348,42.2284772,-1.234022,500.08,0.007,LAND,0,10,0,,0,0,0
1785499228.3618112,42.2284772,-1.234022,500.08,0.007,LAND,0,10,0,,0,0,0
1785499228.8644974,42.2284772,-1.234022,500.08,0.007,LAND,0,10,0,,0,0,0
1785499229.368022,42.2284772,-1.234022,500.08,0.007,LAND,0,10,0,,0,0,0
1785499229.8715992,42.2284772,-1.234022,500.08,0.007,LAND,0,10,0,,0,0,0
1785499230.3753092,42.2284772,-1.234022,500.08,0.007,LAND,0,10,0,,0,0,0
1785499230.877931,42.2284772,-1.234022,500.08,0.007,LAND,0,10,0,,0,0,0
1785499231.3804839,42.2284772,-1.234022,500.08,0.007,LAND,0,10,0,,0,0,0
1785499231.8833613,42.2284772,-1.234022,500.08,0.007,LAND,0,10,0,,0,0,0
1785499232.3861847,42.2284772,-1.234022,500.08,0.007,LAND,0,10,0,,0,0,0
1785499232.8887498,42.2284772,-1.234022,500.08,0.007,LAND,0,10,0,,0,0,0
1785499233.392562,42.2284772,-1.234022,500.08,0.007,LAND,0,10,0,,0,0,0
1785499233.8955863,42.2284772,-1.234022,500.08,0.007,LAND,0,10,0,,0,0,0
1785499234.3988695,42.2284772,-1.234022,500.08,0.007,LAND,0,10,0,,0,0,0
1785499234.9018075,42.2284772,-1.234022,500.08,0.007,LAND,0,10,0,,0,0,0
1785499235.405483,42.2284772,-1.234022,500.08,0.007,LAND,0,10,0,,0,0,0
1785499235.9079533,42.2284772,-1.234022,500.08,0.007,LAND,0,10,0,,0,0,0
1785499236.4103906,42.2284772,-1.234022,500.08,0.007,LAND,0,10,0,,0,0,0
1785499236.9140604,42.2284772,-1.234022,500.08,0.007,LAND,0,10,0,,0,0,0
1785499237.4166055,42.2284772,-1.234022,500.08,0.007,LAND,0,10,0,,0,0,0
1785499237.919703,42.2284772,-1.234022,500.08,0.007,LAND,0,10,0,,0,0,0
1785499238.4222765,42.2284772,-1.234022,500.08,0.007,LAND,0,10,0,,0,0,0
1785499238.9251556,42.2284772,-1.234022,500.08,0.007,LAND,0,10,0,,0,0,0
1785499239.428399,42.2284772,-1.234022,500.08,0.007,LAND,0,10,0,,0,0,0
1785499239.9314337,42.2284772,-1.234022,500.08,0.007,LAND,0,10,0,,0,0,0
1785499240.4341397,42.2284772,-1.234022,500.08,0.007,LAND,0,10,0,,0,0,0
1785499240.9372718,42.2284772,-1.234022,500.08,0.007,LAND,0,10,0,,0,0,0
1785499241.4397528,42.2284772,-1.234022,500.08,0.007,LAND,0,10,0,,0,0,0
1785499241.9423466,42.2284772,-1.234022,500.08,0.007,LAND,0,10,0,,0,0,0
1785499242.4450293,42.2284772,-1.234022,500.08,0.007,LAND,0,10,0,,0,0,0
1785499242.9478626,42.2284772,-1.234022,500.08,0.007,LAND,0,10,0,,0,0,0
1785499243.4509404,42.2284772,-1.234022,500.08,0.007,LAND,0,10,0,,0,0,0
1785499243.953638,42.2284772,-1.234022,500.08,0.007,LAND,0,10,0,,0,0,0
1785499244.45633,42.2284772,-1.234022,500.08,0.007,LAND,0,10,0,,0,0,0
1785499244.9588068,42.2284772,-1.234022,500.08,0.007,LAND,0,10,0,,0,0,0
1785499245.4614022,42.2284772,-1.234022,500.08,0.007,LAND,0,10,0,,0,0,0
1785499245.9638486,42.2284772,-1.234022,500.08,0.007,LAND,0,10,0,,0,0,0
1785499246.466054,42.2284772,-1.234022,500.08,0.007,LAND,0,10,0,,0,0,0
1785499246.9688988,42.2284772,-1.234022,500.08,0.007,LAND,0,10,0,,0,0,0
1785499247.4712622,42.2284772,-1.234022,500.08,0.007,LAND,0,10,0,,0,0,0
1785499247.9745288,42.2284772,-1.234022,500.08,0.007,LAND,0,10,0,,0,0,0
1785499248.477237,42.2284772,-1.234022,500.08,0.007,LAND,0,10,0,,0,0,0
1785499248.979842,42.2284772,-1.234022,500.08,0.007,LAND,0,10,0,,0,0,0
1785499249.482887,42.2284772,-1.234022,500.08,0.007,LAND,0,10,0,,0,0,0
1785499249.9858136,42.2284772,-1.234022,500.08,0.007,LAND,0,10,0,,0,0,0
1785499250.4887094,42.2284772,-1.234022,500.08,0.007,LAND,0,10,0,,0,0,0
1785499250.992186,42.2284772,-1.234022,500.08,0.007,LAND,0,10,0,,0,0,0
1785499251.4949057,42.2284772,-1.234022,500.08,0.007,LAND,0,10,0,,0,0,0
1785499251.9981458,42.2284772,-1.234022,500.08,0.007,LAND,0,10,0,,0,0,0
1785499252.5013757,42.2284772,-1.234022,500.08,0.007,LAND,0,10,0,,0,0,0
1785499253.0036683,42.2284772,-1.234022,500.08,0.007,LAND,0,10,0,,0,0,0
1785499253.5069172,42.2284772,-1.234022,500.08,0.007,LAND,0,10,0,,0,0,0
1785499254.0102737,42.2284772,-1.234022,500.08,0.007,LAND,0,10,0,,0,0,0
1785499254.5135074,42.2284772,-1.234022,500.08,0.007,LAND,0,10,0,,0,0,0
1785499255.016579,42.2284772,-1.234022,500.08,0.007,LAND,0,10,0,,0,0,0
1785499255.519315,42.2284772,-1.234022,500.08,0.007,LAND,0,10,0,,0,0,0
1785499256.0220492,42.2284772,-1.234022,500.08,0.007,LAND,0,10,0,,0,0,0
1785499256.524809,42.2284772,-1.234022,500.08,0.007,LAND,0,10,0,,0,0,0
1785499257.027669,42.2284772,-1.234022,500.08,0.007,LAND,0,10,0,,0,0,0
1785499257.5301795,42.2284772,-1.234022,500.08,0.007,LAND,0,10,0,,0,0,0
1785499258.032981,42.2284772,-1.234022,500.08,0.007,LAND,0,10,0,,0,0,0
1785499258.535212,42.2284772,-1.234022,500.08,0.007,LAND,0,10,0,,0,0,0
1785499259.038231,42.2284772,-1.234022,500.08,0.007,LAND,0,10,0,,0,0,0
1785499259.5415046,42.2284772,-1.234022,500.08,0.007,LAND,0,10,0,,0,0,0
1785499260.0444355,42.2284772,-1.234022,500.08,0.007,LAND,0,10,0,,0,0,0
1785499260.5475328,42.2284772,-1.234022,500.08,0.007,LAND,0,10,0,,0,0,0
1785499261.0505962,42.2284772,-1.234022,500.08,0.007,LAND,0,10,0,,0,0,0
1785499261.5528336,42.2284772,-1.234022,500.08,0.007,LAND,0,10,0,,0,0,0
1785499262.0550992,42.2284772,-1.234022,500.08,0.007,LAND,0,10,0,,0,0,0
1785499262.55824,42.2284772,-1.234022,500.08,0.007,LAND,0,10,0,,0,0,0
1785499263.0617006,42.2284772,-1.234022,500.08,0.007,LAND,0,10,0,,0,0,0
1785499263.564945,42.2284772,-1.234022,500.08,0.007,LAND,0,10,0,,0,0,0
1785499264.0673063,42.2284772,-1.234022,500.08,0.007,LAND,0,10,0,,0,0,0
1785499264.5698924,42.2284772,-1.234022,500.08,0.007,LAND,0,10,0,,0,0,0
1785499265.0728126,42.2284772,-1.234022,500.08,0.007,LAND,0,10,0,,0,0,0
1785499265.5754423,42.2284772,-1.234022,500.08,0.007,LAND,0,10,0,,0,0,0
1785499266.0786283,42.2284772,-1.234022,500.08,0.007,LAND,0,10,0,,0,0,0
1785499266.582207,42.2284772,-1.234022,500.08,0.007,LAND,0,10,0,,0,0,0
1785499267.0848901,42.2284772,-1.234022,500.08,0.007,LAND,0,10,0,,0,0,0
1785499267.5883055,42.2284772,-1.234022,500.08,0.007,LAND,0,10,0,,0,0,0
1785499268.091367,42.2284772,-1.234022,500.08,0.007,LAND,0,10,0,,0,0,0
1785499268.5945146,42.2284772,-1.234022,500.08,0.007,LAND,0,10,0,,0,0,0
1785499269.0971148,42.2284772,-1.234022,500.08,0.007,LAND,0,10,0,,0,0,0
1785499269.599419,42.2284772,-1.234022,500.08,0.007,LAND,0,10,0,,0,0,0
1785499270.102722,42.2284772,-1.234022,500.08,0.007,LAND,0,10,0,,0,0,0
1785499270.605359,42.2284772,-1.234022,500.08,0.007,LAND,0,10,0,,0,0,0
1785499271.1084497,42.2284772,-1.234022,500.08,0.007,LAND,0,10,0,,0,0,0
1785499271.6114342,42.2284772,-1.234022,500.08,0.007,LAND,0,10,0,,0,0,0
1785499272.1149948,42.2284772,-1.234022,500.08,0.007,LAND,0,10,0,,0,0,0
1785499272.6175742,42.2284772,-1.234022,500.08,0.007,LAND,0,10,0,,0,0,0
1785499273.1206658,42.2284772,-1.234022,500.08,0.007,LAND,0,10,0,,0,0,0
1785499273.6232886,42.2284772,-1.234022,500.08,0.007,LAND,0,10,0,,0,0,0
1785499274.1263223,42.2284772,-1.234022,500.08,0.007,LAND,0,10,0,,0,0,0
1785499274.6293275,42.2284772,-1.234022,500.08,0.007,LAND,0,10,0,,0,0,0
1785499275.1321588,42.2284772,-1.234022,500.08,0.007,LAND,0,10,0,,0,0,0
1785499275.6347568,42.2284772,-1.234022,500.08,0.007,LAND,0,10,0,,0,0,0
1785499276.1372838,42.2284772,-1.234022,500.08,0.007,LAND,0,10,0,,0,0,0
1785499276.639454,42.2284772,-1.234022,500.08,0.007,LAND,0,10,0,,0,0,0
1785499277.1423514,42.2284772,-1.234022,500.08,0.007,LAND,0,10,0,,0,0,0
1785499277.6453493,42.2284772,-1.234022,500.08,0.007,LAND,0,10,0,,0,0,0
1785499278.147837,42.2284772,-1.234022,500.08,0.007,LAND,0,10,0,,0,0,0
1785499278.6505294,42.2284772,-1.234022,500.08,0.007,LAND,0,10,0,,0,0,0
1785499279.153318,42.2284772,-1.234022,500.08,0.007,LAND,0,10,0,,0,0,0
1785499279.6565814,42.2284772,-1.234022,500.08,0.007,LAND,0,10,0,,0,0,0
1785499280.1594052,42.2284772,-1.234022,500.08,0.007,LAND,0,10,0,,0,0,0
1785499280.6619425,42.2284772,-1.234022,500.08,0.007,LAND,0,10,0,,0,0,0
1785499281.1647553,42.2284772,-1.234022,500.08,0.007,LAND,0,10,0,,0,0,0
1785499281.6668136,42.2284772,-1.234022,500.08,0.007,LAND,0,10,0,,0,0,0
1785499282.169174,42.2284772,-1.234022,500.08,0.007,LAND,0,10,0,,0,0,0
1785499282.671308,42.2284772,-1.234022,500.08,0.007,LAND,0,10,0,,0,0,0
1785499283.1737225,42.2284772,-1.234022,500.08,0.007,LAND,0,10,0,,0,0,0
1785499283.676472,42.2284772,-1.234022,500.08,0.007,LAND,0,10,0,,0,0,0
1785499284.17932,42.2284772,-1.234022,500.08,0.007,LAND,0,10,0,,0,0,0
1785499284.681699,42.2284772,-1.234022,500.08,0.007,LAND,0,10,0,,0,0,0
1785499285.1843622,42.2284772,-1.234022,500.08,0.007,LAND,0,10,0,,0,0,0
1785499285.6872256,42.2284772,-1.234022,500.08,0.007,LAND,0,10,0,,0,0,0
1785499286.1896677,42.2284772,-1.234022,500.08,0.007,LAND,0,10,0,,0,0,0
1785499286.6923106,42.2284772,-1.234022,500.08,0.007,LAND,0,10,0,,0,0,0
1785499287.1965353,42.2284772,-1.234022,500.08,0.007,LAND,0,10,0,,0,0,0
1785499287.6991906,42.2284772,-1.234022,500.08,0.007,LAND,0,10,0,,0,0,0
1785499288.201461,42.2284772,-1.234022,500.08,0.007,LAND,0,10,0,,0,0,0
1785499288.7041945,42.2284772,-1.234022,500.08,0.007,LAND,0,10,0,,0,0,0
1785499289.2069082,42.2284772,-1.234022,500.08,0.007,LAND,0,10,0,,0,0,0
1785499289.7098515,42.2284772,-1.234022,500.08,0.007,LAND,0,10,0,,0,0,0
1785499290.2126744,42.2284772,-1.234022,500.08,0.007,LAND,0,10,0,,0,0,0
1785499290.715372,42.2284772,-1.234022,500.08,0.007,LAND,0,10,0,,0,0,0
1785499291.2176664,42.2284772,-1.234022,500.08,0.007,LAND,0,10,0,,0,0,0
1785499291.7204509,42.2284772,-1.234022,500.08,0.007,LAND,0,10,0,,0,0,0
1785499292.22342,42.2284772,-1.234022,500.08,0.007,LAND,0,10,0,,0,0,0
1785499292.725789,42.2284772,-1.234022,500.08,0.007,LAND,0,10,0,,0,0,0
1785499293.22846,42.2284772,-1.234022,500.08,0.007,LAND,0,10,0,,0,0,0
1785499293.7312613,42.2284772,-1.234022,500.08,0.007,LAND,0,10,0,,0,0,0
1785499294.2342255,42.2284772,-1.234022,500.08,0.007,LAND,0,10,0,,0,0,0
1785499294.7365491,42.2284772,-1.234022,500.08,0.007,LAND,0,10,0,,0,0,0
1785499295.2393188,42.2284772,-1.234022,500.08,0.007,LAND,0,10,0,,0,0,0
1785499295.742133,42.2284772,-1.234022,500.08,0.007,LAND,0,10,0,,0,0,0
1785499296.2446995,42.2284772,-1.234022,500.08,0.007,LAND,0,10,0,,0,0,0
1785499296.7479465,42.2284772,-1.234022,500.08,0.007,LAND,0,10,0,,0,0,0
1785499297.2510865,42.2284772,-1.234022,500.08,0.007,LAND,0,10,0,,0,0,0
1785499297.7534692,42.2284772,-1.234022,500.08,0.007,LAND,0,10,0,,0,0,0
1785499298.2566097,42.2284772,-1.234022,500.08,0.007,LAND,0,10,0,,0,0,0
1785499298.7589138,42.2284772,-1.234022,500.08,0.007,LAND,0,10,0,,0,0,0
1785499299.2614212,42.2284772,-1.234022,500.08,0.007,LAND,0,10,0,,0,0,0
1785499299.7646775,42.2284772,-1.234022,500.08,0.007,LAND,0,10,0,,0,0,0
1785499300.2673635,42.2284772,-1.234022,500.08,0.007,LAND,0,10,0,,0,0,0
1785499300.7701216,42.2284772,-1.234022,500.08,0.007,LAND,0,10,0,,0,0,0
1785499301.2732987,42.2284772,-1.234022,500.08,0.007,LAND,0,10,0,,0,0,0
1785499301.7766728,42.2284772,-1.234022,500.08,0.007,LAND,0,10,0,,0,0,0
1785499302.2799413,42.2284772,-1.234022,500.08,0.007,LAND,0,10,0,,0,0,0
1785499302.782415,42.2284772,-1.234022,500.08,0.007,LAND,0,10,0,,0,0,0
1785499303.2851264,42.2284772,-1.234022,500.08,0.007,LAND,0,10,0,,0,0,0
1785499303.7876568,42.2284772,-1.234022,500.08,0.007,LAND,0,10,0,,0,0,0
1785499304.290689,42.2284772,-1.234022,500.08,0.007,LAND,0,10,0,,0,0,0
1785499304.7934854,42.2284772,-1.234022,500.08,0.007,LAND,0,10,0,,0,0,0
1785499305.2959876,42.2284772,-1.234022,500.08,0.007,LAND,0,10,0,,0,0,0
1785499305.7987819,42.2284772,-1.234022,500.08,0.007,LAND,0,10,0,,0,0,0
1785499306.302179,42.2284772,-1.234022,500.08,0.007,LAND,0,10,0,,0,0,0
1785499306.8045151,42.2284772,-1.234022,500.08,0.007,LAND,0,10,0,,0,0,0
1785499307.3079562,42.2284772,-1.234022,500.08,0.007,LAND,0,10,0,,0,0,0
1785499307.8116806,42.2284772,-1.234022,500.08,0.007,LAND,0,10,0,,0,0,0
1785499308.314111,42.2284772,-1.234022,500.08,0.007,LAND,0,10,0,,0,0,0
1785499308.8163304,42.2284772,-1.234022,500.08,0.007,LAND,0,10,0,,0,0,0
1785499309.3190002,42.2284772,-1.234022,500.08,0.007,LAND,0,10,0,,0,0,0
1785499309.821951,42.2284772,-1.234022,500.08,0.007,LAND,0,10,0,,0,0,0
1785499310.3246043,42.2284772,-1.234022,500.08,0.007,LAND,0,10,0,,0,0,0
1785499310.8274274,42.2284772,-1.234022,500.08,0.007,LAND,0,10,0,,0,0,0
1785499311.3307793,42.2284772,-1.234022,500.08,0.007,LAND,0,10,0,,0,0,0
1785499311.834469,42.2284772,-1.234022,500.08,0.007,LAND,0,10,0,,0,0,0
1785499312.3375115,42.2284772,-1.234022,500.08,0.007,LAND,0,10,0,,0,0,0
1785499312.840652,42.2284772,-1.234022,500.08,0.007,LAND,0,10,0,,0,0,0
1785499313.3430169,42.2284772,-1.234022,500.08,0.007,LAND,0,10,0,,0,0,0
1785499313.8460257,42.2284772,-1.234022,500.08,0.007,LAND,0,10,0,,0,0,0
1785499314.3489048,42.2284772,-1.234022,500.08,0.007,LAND,0,10,0,,0,0,0
1785499314.8513968,42.2284772,-1.234022,500.08,0.007,LAND,0,10,0,,0,0,0
1785499315.353996,42.2284772,-1.234022,500.08,0.007,LAND,0,10,0,,0,0,0
1785499315.8569968,42.2284772,-1.234022,500.08,0.007,LAND,0,10,0,,0,0,0
1785499316.3600895,42.2284772,-1.234022,500.08,0.007,LAND,0,10,0,,0,0,0
1785499316.8627164,42.2284772,-1.234022,500.08,0.007,LAND,0,10,0,,0,0,0
1785499317.3656404,42.2284772,-1.234022,500.08,0.007,LAND,0,10,0,,0,0,0
1785499317.8691099,42.2284772,-1.234022,500.08,0.007,LAND,0,10,0,,0,0,0
1785499318.3716671,42.2284772,-1.234022,500.08,0.007,LAND,0,10,0,,0,0,0
1785499318.8746297,42.2284772,-1.234022,500.08,0.007,LAND,0,10,0,,0,0,0
1785499319.3776972,42.2284772,-1.234022,500.08,0.007,LAND,0,10,0,,0,0,0
1785499319.8801396,42.2284772,-1.234022,500.08,0.007,LAND,0,10,0,,0,0,0
1785499320.3824055,42.2284772,-1.234022,500.08,0.007,LAND,0,10,0,,0,0,0
1785499320.885192,42.2284772,-1.234022,500.08,0.007,LAND,0,10,0,,0,0,0
1785499321.387399,42.2284772,-1.234022,500.08,0.007,LAND,0,10,0,,0,0,0
1785499321.889724,42.2284772,-1.234022,500.08,0.007,LAND,0,10,0,,0,0,0
1785499322.392694,42.2284772,-1.234022,500.08,0.007,LAND,0,10,0,,0,0,0
1785499322.8950045,42.2284772,-1.234022,500.08,0.007,LAND,0,10,0,,0,0,0
1785499323.398019,42.2284772,-1.234022,500.08,0.007,LAND,0,10,0,,0,0,0
1785499323.9006429,42.2284772,-1.234022,500.08,0.007,LAND,0,10,0,,0,0,0
1785499324.4032168,42.2284772,-1.234022,500.08,0.007,LAND,0,10,0,,0,0,0
1785499324.9057505,42.2284772,-1.234022,500.08,0.007,LAND,0,10,0,,0,0,0
1785499325.4085321,42.2284772,-1.234022,500.08,0.007,LAND,0,10,0,,0,0,0
1785499325.9107676,42.2284772,-1.234022,500.08,0.007,LAND,0,10,0,,0,0,0
1785499326.413528,42.2284772,-1.234022,500.08,0.007,LAND,0,10,0,,0,0,0
1785499326.9162858,42.2284772,-1.234022,500.08,0.007,LAND,0,10,0,,0,0,0
1785499327.4185388,42.2284772,-1.234022,500.08,0.007,LAND,0,10,0,,0,0,0
1785499327.9207656,42.2284772,-1.234022,500.08,0.007,LAND,0,10,0,,0,0,0
1785499328.4231083,42.2284772,-1.234022,500.08,0.007,LAND,0,10,0,,0,0,0
1785499328.9261553,42.2284772,-1.234022,500.08,0.007,LAND,0,10,0,,0,0,0
1785499329.4289682,42.2284772,-1.234022,500.08,0.007,LAND,0,10,0,,0,0,0
1785499329.9313655,42.2284772,-1.234022,500.08,0.007,LAND,0,10,0,,0,0,0
1785499330.4339857,42.2284772,-1.234022,500.08,0.007,LAND,0,10,0,,0,0,0
1785499330.9364905,42.2284772,-1.234022,500.08,0.007,LAND,0,10,0,,0,0,0
1785499331.4390557,42.2284772,-1.234022,500.08,0.007,LAND,0,10,0,,0,0,0
1785499331.9420483,42.2284772,-1.234022,500.08,0.007,LAND,0,10,0,,0,0,0
1785499332.4445634,42.2284772,-1.234022,500.08,0.007,LAND,0,10,0,,0,0,0
1785499332.9467402,42.2284772,-1.234022,500.08,0.007,LAND,0,10,0,,0,0,0
1785499333.4488854,42.2284772,-1.234022,500.08,0.007,LAND,0,10,0,,0,0,0
1785499333.9508471,42.2284772,-1.234022,500.08,0.007,LAND,0,10,0,,0,0,0
1785499334.4533036,42.2284772,-1.234022,500.08,0.007,LAND,0,10,0,,0,0,0
1785499334.955967,42.2284772,-1.234022,500.08,0.007,LAND,0,10,0,,0,0,0
1785499335.4588475,42.2284772,-1.234022,500.08,0.007,LAND,0,10,0,,0,0,0
1785499335.9612715,42.2284772,-1.234022,500.08,0.007,LAND,0,10,0,,0,0,0
1785499336.4636517,42.2284772,-1.234022,500.08,0.007,LAND,0,10,0,,0,0,0
1785499336.9670017,42.2284772,-1.234022,500.08,0.007,LAND,0,10,0,,0,0,0
1785499337.4693613,42.2284772,-1.234022,500.08,0.007,LAND,0,10,0,,0,0,0
1785499337.9723895,42.2284772,-1.234022,500.08,0.007,LAND,0,10,0,,0,0,0
1785499338.4745314,42.2284772,-1.234022,500.08,0.007,LAND,0,10,0,,0,0,0
1785499338.9780986,42.2284772,-1.234022,500.08,0.007,LAND,0,10,0,,0,0,0
1785499339.4806006,42.2284772,-1.234022,500.08,0.007,LAND,0,10,0,,0,0,0
1785499339.9834194,42.2284772,-1.234022,500.08,0.007,LAND,0,10,0,,0,0,0
1785499340.486095,42.2284772,-1.234022,500.08,0.007,LAND,0,10,0,,0,0,0
1785499340.988499,42.2284772,-1.234022,500.08,0.007,LAND,0,10,0,,0,0,0
1785499341.4908752,42.2284772,-1.234022,500.08,0.007,LAND,0,10,0,,0,0,0
1785499341.9932394,42.2284772,-1.234022,500.08,0.007,LAND,0,10,0,,0,0,0
1785499342.4963653,42.2284772,-1.234022,500.08,0.007,LAND,0,10,0,,0,0,0
1785499342.998588,42.2284772,-1.234022,500.08,0.007,LAND,0,10,0,,0,0,0
1785499343.5018184,42.2284772,-1.234022,500.08,0.007,LAND,0,10,0,,0,0,0
1785499344.0054052,42.2284772,-1.234022,500.08,0.007,LAND,0,10,0,,0,0,0
1785499344.508223,42.2284772,-1.234022,500.08,0.007,LAND,0,10,0,,0,0,0
1785499345.010756,42.2284772,-1.234022,500.08,0.007,LAND,0,10,0,,0,0,0
1785499345.5141048,42.2284772,-1.234022,500.08,0.007,LAND,0,10,0,,0,0,0
1785499346.0169697,42.2284772,-1.234022,500.08,0.007,LAND,0,10,0,,0,0,0
1785499346.5194776,42.2284772,-1.234022,500.08,0.007,LAND,0,10,0,,0,0,0
1785499347.0216777,42.2284772,-1.234022,500.08,0.007,LAND,0,10,0,,0,0,0
1785499347.5254986,42.2284772,-1.234022,500.08,0.007,LAND,0,10,0,,0,0,0
1785499348.028497,42.2284772,-1.234022,500.08,0.007,LAND,0,10,0,,0,0,0
1785499348.5313013,42.2284772,-1.234022,500.08,0.007,LAND,0,10,0,,0,0,0
1785499349.0340617,42.2284772,-1.234022,500.08,0.007,LAND,0,10,0,,0,0,0
1785499349.5373027,42.2284772,-1.234022,500.08,0.007,LAND,0,10,0,,0,0,0
1785499350.0406768,42.2284772,-1.234022,500.08,0.007,LAND,0,10,0,,0,0,0
1785499350.5432754,42.2284772,-1.234022,500.08,0.007,LAND,0,10,0,,0,0,0
1785499351.0458705,42.2284772,-1.234022,500.08,0.007,LAND,0,10,0,,0,0,0
1785499351.5481825,42.2284772,-1.234022,500.08,0.007,LAND,0,10,0,,0,0,0
1785499352.0509334,42.2284772,-1.234022,500.08,0.007,LAND,0,10,0,,0,0,0
1785499352.5534253,42.2284772,-1.234022,500.08,0.007,LAND,0,10,0,,0,0,0
1785499353.05606,42.2284772,-1.234022,500.08,0.007,LAND,0,10,0,,0,0,0
1785499353.5587084,42.2284772,-1.234022,500.08,0.007,LAND,0,10,0,,0,0,0
1785499354.0612757,42.2284772,-1.234022,500.08,0.007,LAND,0,10,0,,0,0,0
1785499354.5635624,42.2284772,-1.234022,500.08,0.007,LAND,0,10,0,,0,0,0
1785499355.065772,42.2284772,-1.234022,500.08,0.007,LAND,0,10,0,,0,0,0
1785499355.568788,42.2284772,-1.234022,500.08,0.007,LAND,0,10,0,,0,0,0
1785499356.0716553,42.2284772,-1.234022,500.08,0.007,LAND,0,10,0,,0,0,0
1785499356.5736432,42.2284772,-1.234022,500.08,0.007,LAND,0,10,0,,0,0,0
1785499357.076284,42.2284772,-1.234022,500.08,0.007,LAND,0,10,0,,0,0,0
1785499357.578684,42.2284772,-1.234022,500.08,0.007,LAND,0,10,0,,0,0,0
1785499358.081685,42.2284772,-1.234022,500.08,0.007,LAND,0,10,0,,0,0,0
1785499358.5843692,42.2284772,-1.234022,500.08,0.007,LAND,0,10,0,,0,0,0
1785499359.0869317,42.2284772,-1.234022,500.08,0.007,LAND,0,10,0,,0,0,0
1785499359.5893197,42.2284772,-1.234022,500.08,0.007,LAND,0,10,0,,0,0,0
1785499360.0919552,42.2284772,-1.234022,500.08,0.007,LAND,0,10,0,,0,0,0
1785499360.5953655,42.2284772,-1.234022,500.08,0.007,LAND,0,10,0,,0,0,0
1785499361.0979178,42.2284772,-1.234022,500.08,0.007,LAND,0,10,0,,0,0,0
1785499361.59994,42.2284772,-1.234022,500.08,0.007,LAND,0,10,0,,0,0,0
1785499362.1032426,42.2284772,-1.234022,500.08,0.007,LAND,0,10,0,,0,0,0
1785499362.6059039,42.2284772,-1.234022,500.08,0.007,LAND,0,10,0,,0,0,0
1785499363.108808,42.2284772,-1.234022,500.08,0.007,LAND,0,10,0,,0,0,0
1785499363.611739,42.2284772,-1.234022,500.08,0.007,LAND,0,10,0,,0,0,0
1785499364.1151388,42.2284772,-1.234022,500.08,0.007,LAND,0,10,0,,0,0,0
1785499364.6176078,42.2284772,-1.234022,500.08,0.007,LAND,0,10,0,,0,0,0
1785499365.1199384,42.2284772,-1.234022,500.08,0.007,LAND,0,10,0,,0,0,0
1785499365.6226609,42.2284772,-1.234022,500.08,0.007,LAND,0,10,0,,0,0,0
1785499366.1254501,42.2284772,-1.234022,500.08,0.007,LAND,0,10,0,,0,0,0
1785499366.6282818,42.2284772,-1.234022,500.08,0.007,LAND,0,10,0,,0,0,0
1785499367.1306987,42.2284772,-1.234022,500.08,0.007,LAND,0,10,0,,0,0,0
1785499367.6333978,42.2284772,-1.234022,500.08,0.007,LAND,0,10,0,,0,0,0
1785499368.135626,42.2284772,-1.2340221,500.08,0.007,LAND,0,10,0,,0,0,0
1785499368.6381822,42.2284772,-1.2340221,500.08,0.007,LAND,0,10,0,,0,0,0
1785499369.1410694,42.2284772,-1.2340221,500.08,0.007,LAND,0,10,0,,0,0,0
1785499369.6432984,42.2284772,-1.2340221,500.08,0.007,LAND,0,10,0,,0,0,0
1785499370.14643,42.2284772,-1.2340221,500.08,0.007,LAND,0,10,0,,0,0,0
1785499370.6491294,42.2284772,-1.2340221,500.08,0.007,LAND,0,10,0,,0,0,0
1785499371.1514568,42.2284772,-1.2340221,500.08,0.007,LAND,0,10,0,,0,0,0
1785499371.653499,42.2284772,-1.2340221,500.08,0.007,LAND,0,10,0,,0,0,0
1785499372.1558492,42.2284772,-1.2340221,500.08,0.007,LAND,0,10,0,,0,0,0
1785499372.6581993,42.2284772,-1.2340221,500.08,0.007,LAND,0,10,0,,0,0,0
1785499373.1607049,42.2284772,-1.2340221,500.08,0.007,LAND,0,10,0,,0,0,0
1785499373.663153,42.2284772,-1.2340222,500.08,0.007,LAND,0,10,0,,0,0,0
1785499374.1662655,42.2284772,-1.2340222,500.08,0.007,LAND,0,10,0,,0,0,0
1785499374.668737,42.2284772,-1.2340222,500.08,0.007,LAND,0,10,0,,0,0,0
1785499375.1710563,42.2284772,-1.2340222,500.08,0.007,LAND,0,10,0,,0,0,0
1785499375.6733794,42.2284772,-1.2340222,500.08,0.007,LAND,0,10,0,,0,0,0
1785499376.1760225,42.2284772,-1.2340222,500.08,0.007,LAND,0,10,0,,0,0,0
1785499376.678441,42.2284772,-1.2340222,500.08,0.007,LAND,0,10,0,,0,0,0
1785499377.1814535,42.2284772,-1.2340222,500.08,0.007,LAND,0,10,0,,0,0,0
1785499377.684428,42.2284772,-1.2340222,500.08,0.007,LAND,0,10,0,,0,0,0
1785499378.1885486,42.2284772,-1.2340222,500.08,0.007,LAND,0,10,0,,0,0,0
1785499378.6913347,42.2284772,-1.2340222,500.08,0.007,LAND,0,10,0,,0,0,0
1785499379.1938457,42.2284772,-1.2340222,500.08,0.007,LAND,0,10,0,,0,0,0
1785499379.6969547,42.2284772,-1.2340222,500.08,0.007,LAND,0,10,0,,0,0,0
1785499380.1994205,42.2284772,-1.2340222,500.08,0.006,LAND,0,10,0,,0,0,0
1785499380.701945,42.2284772,-1.2340222,500.08,0.006,LAND,0,10,0,,0,0,0
1785499381.2044656,42.2284772,-1.2340223,500.08,0.006,LAND,0,10,0,,0,0,0
1785499381.706699,42.2284772,-1.2340223,500.08,0.006,LAND,0,10,0,,0,0,0
1785499382.2097347,42.2284772,-1.2340223,500.08,0.006,LAND,0,10,0,,0,0,0
1785499382.712058,42.2284772,-1.2340223,500.08,0.006,LAND,0,10,0,,0,0,0
1785499383.2145216,42.2284772,-1.2340223,500.08,0.006,LAND,0,10,0,,0,0,0
1785499383.7169266,42.2284772,-1.2340223,500.08,0.006,LAND,0,10,0,,0,0,0
1785499384.2194333,42.2284772,-1.2340223,500.08,0.006,LAND,0,10,0,,0,0,0
1785499384.7215793,42.2284772,-1.2340223,500.08,0.006,LAND,0,10,0,,0,0,0
1785499385.2236922,42.2284772,-1.2340223,500.08,0.006,LAND,0,10,0,,0,0,0
1785499385.7258463,42.2284772,-1.2340223,500.08,0.006,LAND,0,10,0,,0,0,0
1785499386.229065,42.2284772,-1.2340223,500.08,0.006,LAND,0,10,0,,0,0,0
1785499386.7322655,42.2284772,-1.2340223,500.08,0.006,LAND,0,10,0,,0,0,0
1785499387.234219,42.2284772,-1.2340223,500.08,0.006,LAND,0,10,0,,0,0,0
1785499387.7370255,42.2284772,-1.2340223,500.08,0.006,LAND,0,10,0,,0,0,0
1785499388.2401252,42.2284772,-1.2340223,500.08,0.007,LAND,0,10,0,,0,0,0
1785499388.742678,42.2284772,-1.2340223,500.08,0.007,LAND,0,10,0,,0,0,0
1785499389.245293,42.2284772,-1.2340223,500.08,0.007,LAND,0,10,0,,0,0,0
1785499389.747543,42.2284772,-1.2340223,500.08,0.007,LAND,0,10,0,,0,0,0
1785499390.2496252,42.2284772,-1.2340223,500.08,0.007,LAND,0,10,0,,0,0,0
1785499390.7523737,42.2284772,-1.2340223,500.08,0.007,LAND,0,10,0,,0,0,0
1785499391.2548952,42.2284772,-1.2340223,500.08,0.007,LAND,0,10,0,,0,0,0
1785499391.758056,42.2284772,-1.2340223,500.08,0.007,LAND,0,10,0,,0,0,0
1785499392.2607093,42.2284772,-1.2340223,500.08,0.007,LAND,0,10,0,,0,0,0
1785499392.7635062,42.2284772,-1.2340223,500.08,0.007,LAND,0,10,0,,0,0,0
1785499393.26617,42.2284772,-1.2340223,500.08,0.007,LAND,0,10,0,,0,0,0
1785499393.7688017,42.2284772,-1.2340223,500.08,0.007,LAND,0,10,0,,0,0,0
1785499394.2713985,42.2284772,-1.2340223,500.08,0.007,LAND,0,10,0,,0,0,0
1785499394.7738998,42.2284772,-1.2340223,500.08,0.007,LAND,0,10,0,,0,0,0
1785499395.2763119,42.2284772,-1.2340223,500.08,0.007,LAND,0,10,0,,0,0,0
1785499395.778944,42.2284772,-1.2340223,500.08,0.007,LAND,0,10,0,,0,0,0
1785499396.2823844,42.2284772,-1.2340223,500.08,0.007,LAND,0,10,0,,0,0,0
1785499396.78511,42.2284772,-1.2340223,500.08,0.007,LAND,0,10,0,,0,0,0
1785499397.2879133,42.2284772,-1.2340223,500.08,0.007,LAND,0,10,0,,0,0,0
1785499397.791229,42.2284772,-1.2340223,500.08,0.007,LAND,0,10,0,,0,0,0
1785499398.29377,42.2284772,-1.2340223,500.08,0.007,LAND,0,10,0,,0,0,0
1785499398.7962527,42.2284772,-1.2340223,500.08,0.007,LAND,0,10,0,,0,0,0
1785499399.2985816,42.2284772,-1.2340224,500.08,0.007,LAND,0,10,0,,0,0,0
1785499399.8013065,42.2284772,-1.2340224,500.08,0.007,LAND,0,10,0,,0,0,0
1785499400.304209,42.2284772,-1.2340224,500.08,0.007,LAND,0,10,0,,0,0,0
1785499400.8062632,42.2284772,-1.2340224,500.08,0.007,LAND,0,10,0,,0,0,0
1785499401.3086472,42.2284772,-1.2340224,500.08,0.007,LAND,0,10,0,,0,0,0
1785499401.811137,42.2284772,-1.2340224,500.08,0.007,LAND,0,10,0,,0,0,0
1785499402.3139732,42.2284772,-1.2340224,500.08,0.007,LAND,0,10,0,,0,0,0
1785499402.8168502,42.2284772,-1.2340224,500.08,0.007,LAND,0,10,0,,0,0,0
1785499403.3197453,42.2284772,-1.2340224,500.08,0.006,LAND,0,10,0,,0,0,0
1785499403.8223765,42.2284772,-1.2340224,500.08,0.006,LAND,0,10,0,,0,0,0
1785499404.3250859,42.2284772,-1.2340224,500.08,0.006,LAND,0,10,0,,0,0,0
1785499404.8273625,42.2284772,-1.2340224,500.08,0.006,LAND,0,10,0,,0,0,0
1785499405.3295362,42.2284772,-1.2340224,500.08,0.006,LAND,0,10,0,,0,0,0
1785499405.8318927,42.2284772,-1.2340224,500.08,0.006,LAND,0,10,0,,0,0,0
1785499406.3351822,42.2284772,-1.2340224,500.08,0.006,LAND,0,10,0,,0,0,0
1785499406.8431993,42.2284772,-1.2340224,500.08,0.006,LAND,0,10,0,,0,0,0
1785499407.3485847,42.2284772,-1.2340224,500.08,0.007,LAND,0,10,0,,0,0,0
1785499407.850852,42.2284772,-1.2340224,500.08,0.007,LAND,0,10,0,,0,0,0
1785499408.3530335,42.2284772,-1.2340224,500.08,0.007,LAND,0,10,0,,0,0,0
1785499408.8548985,42.2284772,-1.2340224,500.08,0.007,LAND,0,10,0,,0,0,0
1785499409.3570936,42.2284772,-1.2340224,500.08,0.007,LAND,0,10,0,,0,0,0
1785499409.8596332,42.2284772,-1.2340224,500.08,0.007,LAND,0,10,0,,0,0,0
1785499410.3624563,42.2284772,-1.2340224,500.08,0.007,LAND,0,10,0,,0,0,0
1785499410.87396,42.2284772,-1.2340224,500.08,0.007,LAND,0,10,0,,0,0,0
1785499411.3765323,42.2284772,-1.2340224,500.08,0.007,LAND,0,10,0,,0,0,0
1785499411.8786435,42.2284772,-1.2340224,500.08,0.007,LAND,0,10,0,,0,0,0
1785499412.381395,42.2284772,-1.2340224,500.08,0.007,LAND,0,10,0,,0,0,0
1785499412.8837168,42.2284772,-1.2340224,500.08,0.007,LAND,0,10,0,,0,0,0
1785499413.3863864,42.2284772,-1.2340224,500.08,0.007,LAND,0,10,0,,0,0,0
1785499413.889166,42.2284772,-1.2340224,500.08,0.007,LAND,0,10,0,,0,0,0
1785499414.391335,42.2284772,-1.2340224,500.08,0.007,LAND,0,10,0,,0,0,0
1785499414.8937812,42.2284772,-1.2340224,500.08,0.007,LAND,0,10,0,,0,0,0
1785499415.3961098,42.2284772,-1.2340224,500.08,0.007,LAND,0,10,0,,0,0,0
1785499415.8984098,42.2284772,-1.2340224,500.08,0.007,LAND,0,10,0,,0,0,0
1785499416.401029,42.2284772,-1.2340224,500.08,0.007,LAND,0,10,0,,0,0,0
1785499416.9034638,42.2284772,-1.2340224,500.08,0.007,LAND,0,10,0,,0,0,0
1785499417.4059412,42.2284772,-1.2340224,500.08,0.007,LAND,0,10,0,,0,0,0
1785499417.908195,42.2284772,-1.2340224,500.08,0.007,LAND,0,10,0,,0,0,0
1785499418.4100647,42.2284772,-1.2340224,500.08,0.007,LAND,0,10,0,,0,0,0
1785499418.9121368,42.2284772,-1.2340224,500.08,0.007,LAND,0,10,0,,0,0,0
1785499419.4146554,42.2284772,-1.2340224,500.08,0.007,LAND,0,10,0,,0,0,0
1785499419.9168549,42.2284772,-1.2340224,500.08,0.007,LAND,0,10,0,,0,0,0
1785499420.41978,42.2284772,-1.2340224,500.08,0.007,LAND,0,10,0,,0,0,0
1785499420.9220514,42.2284772,-1.2340224,500.08,0.007,LAND,0,10,0,,0,0,0
1785499421.4242785,42.2284772,-1.2340224,500.08,0.007,LAND,0,10,0,,0,0,0
1785499421.926957,42.2284772,-1.2340224,500.08,0.006,LAND,0,10,0,,0,0,0
1785499422.4296374,42.2284772,-1.2340224,500.08,0.006,LAND,0,10,0,,0,0,0
1785499422.9318566,42.2284772,-1.2340224,500.08,0.006,LAND,0,10,0,,0,0,0
1785499423.433997,42.2284772,-1.2340224,500.08,0.006,LAND,0,10,0,,0,0,0
1785499423.9362247,42.2284772,-1.2340224,500.08,0.006,LAND,0,10,0,,0,0,0
1785499424.4389281,42.2284772,-1.2340224,500.08,0.006,LAND,0,10,0,,0,0,0
1785499424.941571,42.2284772,-1.2340224,500.08,0.006,LAND,0,10,0,,0,0,0
1785499425.443854,42.2284772,-1.2340224,500.08,0.007,LAND,0,10,0,,0,0,0
1785499425.9464889,42.2284772,-1.2340224,500.08,0.007,LAND,0,10,0,,0,0,0
1785499426.449392,42.2284772,-1.2340224,500.08,0.007,LAND,0,10,0,,0,0,0
1785499426.952048,42.2284772,-1.2340224,500.08,0.007,LAND,0,10,0,,0,0,0
1785499427.4541552,42.2284772,-1.2340224,500.08,0.007,LAND,0,10,0,,0,0,0
1785499427.9567223,42.2284772,-1.2340224,500.08,0.007,LAND,0,10,0,,0,0,0
1785499428.459125,42.2284772,-1.2340224,500.08,0.007,LAND,0,10,0,,0,0,0
1785499428.9621418,42.2284772,-1.2340224,500.08,0.007,LAND,0,10,0,,0,0,0
1785499429.4647264,42.2284772,-1.2340224,500.08,0.007,LAND,0,10,0,,0,0,0
1785499429.967426,42.2284772,-1.2340224,500.08,0.007,LAND,0,10,0,,0,0,0
1785499430.469884,42.2284772,-1.2340224,500.08,0.007,LAND,0,10,0,,0,0,0
1785499430.9717226,42.2284772,-1.2340224,500.08,0.007,LAND,0,10,0,,0,0,0
1785499431.4741614,42.2284772,-1.2340224,500.08,0.007,LAND,0,10,0,,0,0,0
1785499431.9765742,42.2284772,-1.2340224,500.08,0.007,LAND,0,10,0,,0,0,0
1785499432.4793794,42.2284772,-1.2340224,500.08,0.007,LAND,0,10,0,,0,0,0
1785499432.9817398,42.2284772,-1.2340224,500.08,0.007,LAND,0,10,0,,0,0,0
1785499433.484533,42.2284772,-1.2340224,500.08,0.007,LAND,0,10,0,,0,0,0
1785499433.9877052,42.2284772,-1.2340224,500.08,0.007,LAND,0,10,0,,0,0,0
1785499434.490414,42.2284772,-1.2340224,500.08,0.007,LAND,0,10,0,,0,0,0
1785499434.9928458,42.2284772,-1.2340224,500.08,0.007,LAND,0,10,0,,0,0,0
1785499435.4953887,42.2284772,-1.2340224,500.08,0.007,LAND,0,10,0,,0,0,0
1785499435.9982593,42.2284772,-1.2340224,500.08,0.007,LAND,0,10,0,,0,0,0
1785499436.5008743,42.2284772,-1.2340224,500.08,0.007,LAND,0,10,0,,0,0,0
1785499437.0033634,42.2284772,-1.2340224,500.08,0.007,LAND,0,10,0,,0,0,0
1785499437.5062532,42.2284772,-1.2340224,500.08,0.007,LAND,0,10,0,,0,0,0
1785499438.0088952,42.2284772,-1.2340224,500.08,0.007,LAND,0,10,0,,0,0,0
1785499438.5112734,42.2284772,-1.2340224,500.08,0.007,LAND,0,10,0,,0,0,0
1785499439.0127304,42.2284772,-1.2340224,500.08,0.007,LAND,0,10,0,,0,0,0
1785499439.514954,42.2284772,-1.2340224,500.08,0.007,LAND,0,10,0,,0,0,0
1785499440.0177813,42.2284772,-1.2340224,500.08,0.007,LAND,0,10,0,,0,0,0
1785499440.520016,42.2284772,-1.2340224,500.08,0.007,LAND,0,10,0,,0,0,0
1785499441.022556,42.2284772,-1.2340224,500.08,0.007,LAND,0,10,0,,0,0,0
1785499441.525222,42.2284772,-1.2340224,500.08,0.007,LAND,0,10,0,,0,0,0
1785499442.0275989,42.2284772,-1.2340224,500.08,0.007,LAND,0,10,0,,0,0,0
1785499442.5301855,42.2284772,-1.2340224,500.08,0.007,LAND,0,10,0,,0,0,0
1785499443.0330105,42.2284772,-1.2340224,500.08,0.007,LAND,0,10,0,,0,0,0
1785499443.5356421,42.2284772,-1.2340224,500.08,0.007,LAND,0,10,0,,0,0,0
1785499444.0387251,42.2284772,-1.2340224,500.08,0.007,LAND,0,10,0,,0,0,0
1785499444.5417936,42.2284772,-1.2340224,500.08,0.007,LAND,0,10,0,,0,0,0
1785499445.043837,42.2284772,-1.2340224,500.08,0.007,LAND,0,10,0,,0,0,0
1785499445.5461495,42.2284772,-1.2340224,500.08,0.007,LAND,0,10,0,,0,0,0
1785499446.0487726,42.2284772,-1.2340224,500.08,0.007,LAND,0,10,0,,0,0,0
1785499446.5516346,42.2284772,-1.2340224,500.08,0.007,LAND,0,10,0,,0,0,0
1785499447.0541093,42.2284772,-1.2340224,500.08,0.007,LAND,0,10,0,,0,0,0
1785499447.556541,42.2284772,-1.2340224,500.08,0.007,LAND,0,10,0,,0,0,0
1785499448.0595148,42.2284772,-1.2340224,500.08,0.007,LAND,0,10,0,,0,0,0
1785499448.5624456,42.2284772,-1.2340224,500.08,0.007,LAND,0,10,0,,0,0,0
1785499449.0650973,42.2284772,-1.2340224,500.08,0.007,LAND,0,10,0,,0,0,0
1785499449.567495,42.2284772,-1.2340224,500.08,0.007,LAND,0,10,0,,0,0,0
1785499450.0698369,42.2284772,-1.2340224,500.08,0.007,LAND,0,10,0,,0,0,0
1785499450.5719082,42.2284772,-1.2340224,500.08,0.007,LAND,0,10,0,,0,0,0
1785499451.074726,42.2284772,-1.2340224,500.08,0.007,LAND,0,10,0,,0,0,0
1785499451.5768087,42.2284772,-1.2340224,500.08,0.007,LAND,0,10,0,,0,0,0
1785499452.0789335,42.2284772,-1.2340224,500.08,0.007,LAND,0,10,0,,0,0,0
1785499452.5811424,42.2284772,-1.2340224,500.08,0.007,LAND,0,10,0,,0,0,0
1785499453.0830991,42.2284772,-1.2340224,500.08,0.007,LAND,0,10,0,,0,0,0
1785499453.5857975,42.2284772,-1.2340224,500.08,0.007,LAND,0,10,0,,0,0,0
1785499454.088355,42.2284772,-1.2340224,500.08,0.007,LAND,0,10,0,,0,0,0
1785499454.590671,42.2284772,-1.2340224,500.08,0.007,LAND,0,10,0,,0,0,0
1785499455.0925498,42.2284772,-1.2340224,500.08,0.007,LAND,0,10,0,,0,0,0
1785499455.594969,42.2284772,-1.2340224,500.08,0.007,LAND,0,10,0,,0,0,0
1785499456.0972252,42.2284772,-1.2340224,500.08,0.007,LAND,0,10,0,,0,0,0
1785499456.5995748,42.2284772,-1.2340224,500.08,0.007,LAND,0,10,0,,0,0,0
1785499457.1015768,42.2284772,-1.2340224,500.08,0.007,LAND,0,10,0,,0,0,0
1785499457.6037614,42.2284772,-1.2340224,500.08,0.007,LAND,0,10,0,,0,0,0
1785499458.1058724,42.2284772,-1.2340224,500.08,0.007,LAND,0,10,0,,0,0,0
1785499458.6083932,42.2284772,-1.2340224,500.08,0.007,LAND,0,10,0,,0,0,0
1785499459.111019,42.2284772,-1.2340224,500.08,0.007,LAND,0,10,0,,0,0,0
1785499459.6134949,42.2284772,-1.2340224,500.08,0.007,LAND,0,10,0,,0,0,0
1785499460.1166072,42.2284772,-1.2340224,500.08,0.007,LAND,0,10,0,,0,0,0
1785499460.6193912,42.2284772,-1.2340224,500.08,0.007,LAND,0,10,0,,0,0,0
1785499461.1221728,42.2284772,-1.2340224,500.08,0.007,LAND,0,10,0,,0,0,0
1785499461.6245656,42.2284772,-1.2340224,500.08,0.007,LAND,0,10,0,,0,0,0
1785499462.126973,42.2284772,-1.2340224,500.08,0.007,LAND,0,10,0,,0,0,0
1785499462.6301749,42.2284772,-1.2340224,500.08,0.007,LAND,0,10,0,,0,0,0
1785499463.1331694,42.2284772,-1.2340224,500.08,0.007,LAND,0,10,0,,0,0,0
1785499463.6356885,42.2284772,-1.2340224,500.08,0.007,LAND,0,10,0,,0,0,0
1785499464.1384463,42.2284772,-1.2340224,500.08,0.007,LAND,0,10,0,,0,0,0
1785499464.6409051,42.2284772,-1.2340224,500.08,0.007,LAND,0,10,0,,0,0,0
1785499465.1431634,42.2284772,-1.2340224,500.08,0.007,LAND,0,10,0,,0,0,0
1785499465.645689,42.2284772,-1.2340224,500.08,0.006,LAND,0,10,0,,0,0,0
1785499466.1484516,42.2284772,-1.2340224,500.08,0.006,LAND,0,10,0,,0,0,0
1785499466.6506894,42.2284772,-1.2340224,500.08,0.006,LAND,0,10,0,,0,0,0
1785499467.1530619,42.2284772,-1.2340224,500.08,0.006,LAND,0,10,0,,0,0,0
1785499467.6554475,42.2284772,-1.2340224,500.08,0.006,LAND,0,10,0,,0,0,0
1785499468.15827,42.2284772,-1.2340224,500.08,0.006,LAND,0,10,0,,0,0,0
1785499468.6609652,42.2284772,-1.2340224,500.08,0.006,LAND,0,10,0,,0,0,0
1785499469.1634192,42.2284772,-1.2340224,500.08,0.006,LAND,0,10,0,,0,0,0
1785499469.666137,42.2284772,-1.2340224,500.08,0.006,LAND,0,10,0,,0,0,0
1785499470.1686664,42.2284772,-1.2340224,500.08,0.006,LAND,0,10,0,,0,0,0
1785499470.6715508,42.2284772,-1.2340224,500.08,0.006,LAND,0,10,0,,0,0,0
1785499471.1740117,42.2284772,-1.2340224,500.08,0.007,LAND,0,10,0,,0,0,0
1785499471.6768458,42.2284772,-1.2340224,500.08,0.007,LAND,0,10,0,,0,0,0
1785499472.1789913,42.2284772,-1.2340224,500.08,0.007,LAND,0,10,0,,0,0,0
1785499472.6813252,42.2284772,-1.2340224,500.08,0.007,LAND,0,10,0,,0,0,0
1785499473.1837475,42.2284772,-1.2340224,500.08,0.007,LAND,0,10,0,,0,0,0
1785499473.6865625,42.2284772,-1.2340224,500.08,0.007,LAND,0,10,0,,0,0,0
1785499474.1890464,42.2284772,-1.2340224,500.08,0.007,LAND,0,10,0,,0,0,0
1785499474.691646,42.2284772,-1.2340224,500.08,0.007,LAND,0,10,0,,0,0,0
1785499475.1941707,42.2284772,-1.2340224,500.08,0.007,LAND,0,10,0,,0,0,0
1785499475.6967678,42.2284772,-1.2340224,500.08,0.007,LAND,0,10,0,,0,0,0
1785499476.1991372,42.2284772,-1.2340224,500.08,0.007,LAND,0,10,0,,0,0,0
1785499476.7023175,42.2284772,-1.2340224,500.08,0.007,LAND,0,10,0,,0,0,0
1785499477.205072,42.2284772,-1.2340224,500.08,0.007,LAND,0,10,0,,0,0,0
1785499477.7076545,42.2284772,-1.2340224,500.08,0.007,LAND,0,10,0,,0,0,0
1785499478.2097266,42.2284772,-1.2340224,500.08,0.007,LAND,0,10,0,,0,0,0
1785499478.7125752,42.2284772,-1.2340224,500.08,0.007,LAND,0,10,0,,0,0,0
1785499479.2149882,42.2284772,-1.2340224,500.08,0.007,LAND,0,10,0,,0,0,0
1785499479.7178628,42.2284772,-1.2340224,500.08,0.007,LAND,0,10,0,,0,0,0
1785499480.2204685,42.2284772,-1.2340224,500.08,0.007,LAND,0,10,0,,0,0,0
1785499480.7229793,42.2284772,-1.2340224,500.08,0.007,LAND,0,10,0,,0,0,0
1785499481.2252629,42.2284772,-1.2340224,500.08,0.007,LAND,0,10,0,,0,0,0
1785499481.727877,42.2284772,-1.2340224,500.08,0.007,LAND,0,10,0,,0,0,0
1785499482.2299423,42.2284772,-1.2340224,500.08,0.007,LAND,0,10,0,,0,0,0
1785499482.732609,42.2284772,-1.2340224,500.08,0.007,LAND,0,10,0,,0,0,0
1785499483.2351704,42.2284772,-1.2340224,500.08,0.007,LAND,0,10,0,,0,0,0
1785499483.7380521,42.2284772,-1.2340224,500.08,0.007,LAND,0,10,0,,0,0,0
1785499484.2402148,42.2284772,-1.2340224,500.08,0.007,LAND,0,10,0,,0,0,0
1785499484.7427433,42.2284772,-1.2340224,500.08,0.007,LAND,0,10,0,,0,0,0
1785499485.245034,42.2284772,-1.2340224,500.08,0.007,LAND,0,10,0,,0,0,0
1785499485.7474327,42.2284772,-1.2340224,500.08,0.007,LAND,0,10,0,,0,0,0
1785499486.2503166,42.2284772,-1.2340224,500.08,0.007,LAND,0,10,0,,0,0,0
1785499486.7525609,42.2284772,-1.2340224,500.08,0.007,LAND,0,10,0,,0,0,0
1785499487.254316,42.2284772,-1.2340224,500.08,0.007,LAND,0,10,0,,0,0,0
1785499487.7565105,42.2284772,-1.2340224,500.08,0.007,LAND,0,10,0,,0,0,0
1785499488.2584546,42.2284772,-1.2340224,500.08,0.007,LAND,0,10,0,,0,0,0
1785499488.761459,42.2284772,-1.2340224,500.08,0.007,LAND,0,10,0,,0,0,0
1785499489.2639444,42.2284772,-1.2340224,500.08,0.007,LAND,0,10,0,,0,0,0
1785499489.7665234,42.2284772,-1.2340224,500.08,0.007,LAND,0,10,0,,0,0,0
1785499490.2690122,42.2284772,-1.2340224,500.08,0.007,LAND,0,10,0,,0,0,0
1785499490.7710125,42.2284772,-1.2340224,500.08,0.007,LAND,0,10,0,,0,0,0
1785499491.273271,42.2284772,-1.2340224,500.08,0.007,LAND,0,10,0,,0,0,0
1785499491.7755396,42.2284772,-1.2340224,500.08,0.007,LAND,0,10,0,,0,0,0
1785499492.278131,42.2284772,-1.2340224,500.08,0.007,LAND,0,10,0,,0,0,0
1785499492.7806027,42.2284772,-1.2340224,500.08,0.007,LAND,0,10,0,,0,0,0
1785499493.282661,42.2284772,-1.2340224,500.08,0.007,LAND,0,10,0,,0,0,0
1785499493.7848103,42.2284772,-1.2340224,500.08,0.007,LAND,0,10,0,,0,0,0
1785499494.2872307,42.2284772,-1.2340224,500.08,0.007,LAND,0,10,0,,0,0,0
1785499494.7898908,42.2284772,-1.2340224,500.08,0.007,LAND,0,10,0,,0,0,0
1785499495.2922504,42.2284772,-1.2340224,500.08,0.007,LAND,0,10,0,,0,0,0
1785499495.7948506,42.2284772,-1.2340224,500.08,0.007,LAND,0,10,0,,0,0,0
1785499496.2971966,42.2284772,-1.2340224,500.08,0.007,LAND,0,10,0,,0,0,0
1785499496.800498,42.2284772,-1.2340224,500.08,0.007,LAND,0,10,0,,0,0,0
1785499497.3030453,42.2284772,-1.2340224,500.08,0.007,LAND,0,10,0,,0,0,0
1785499497.8053424,42.2284772,-1.2340224,500.08,0.007,LAND,0,10,0,,0,0,0
1785499498.307773,42.2284772,-1.2340224,500.08,0.007,LAND,0,10,0,,0,0,0
1785499498.8100455,42.2284772,-1.2340224,500.08,0.007,LAND,0,10,0,,0,0,0
1785499499.3125546,42.2284772,-1.2340224,500.08,0.007,LAND,0,10,0,,0,0,0
1785499499.8148603,42.2284772,-1.2340224,500.08,0.007,LAND,0,10,0,,0,0,0
1785499500.3173387,42.2284772,-1.2340224,500.08,0.007,LAND,0,10,0,,0,0,0
1785499500.8197846,42.2284772,-1.2340224,500.08,0.007,LAND,0,10,0,,0,0,0
1785499501.321755,42.2284772,-1.2340224,500.08,0.007,LAND,0,10,0,,0,0,0
1785499501.823606,42.2284772,-1.2340224,500.08,0.007,LAND,0,10,0,,0,0,0
1785499502.3260312,42.2284772,-1.2340224,500.08,0.007,LAND,0,10,0,,0,0,0
1785499502.8287117,42.2284772,-1.2340224,500.08,0.007,LAND,0,10,0,,0,0,0
1785499503.33169,42.2284772,-1.2340224,500.08,0.007,LAND,0,10,0,,0,0,0
1785499503.833567,42.2284772,-1.2340224,500.08,0.007,LAND,0,10,0,,0,0,0
1785499504.336576,42.2284772,-1.2340224,500.08,0.007,LAND,0,10,0,,0,0,0
1785499504.8391573,42.2284772,-1.2340224,500.08,0.007,LAND,0,10,0,,0,0,0
1785499505.341452,42.2284772,-1.2340224,500.08,0.007,LAND,0,10,0,,0,0,0
1785499505.8435993,42.2284772,-1.2340224,500.08,0.007,LAND,0,10,0,,0,0,0
1785499506.3463721,42.2284772,-1.2340224,500.08,0.007,LAND,0,10,0,,0,0,0
1785499506.8487258,42.2284772,-1.2340224,500.08,0.007,LAND,0,10,0,,0,0,0
1785499507.3511286,42.2284772,-1.2340224,500.08,0.007,LAND,0,10,0,,0,0,0
1785499507.853858,42.2284772,-1.2340224,500.08,0.007,LAND,0,10,0,,0,0,0
1785499508.3565035,42.2284772,-1.2340224,500.08,0.007,LAND,0,10,0,,0,0,0
1785499508.8595283,42.2284772,-1.2340224,500.08,0.007,LAND,0,10,0,,0,0,0
1785499509.36197,42.2284772,-1.2340224,500.08,0.007,LAND,0,10,0,,0,0,0
1785499509.8646042,42.2284772,-1.2340224,500.08,0.007,LAND,0,10,0,,0,0,0
1785499510.3672712,42.2284772,-1.2340224,500.08,0.007,LAND,0,10,0,,0,0,0
1785499510.869885,42.2284772,-1.2340224,500.08,0.007,LAND,0,10,0,,0,0,0
1785499511.3723133,42.2284772,-1.2340224,500.08,0.007,LAND,0,10,0,,0,0,0
1785499511.8745077,42.2284772,-1.2340224,500.08,0.007,LAND,0,10,0,,0,0,0
1785499512.3773127,42.2284772,-1.2340224,500.08,0.007,LAND,0,10,0,,0,0,0
1785499512.8805315,42.2284772,-1.2340224,500.08,0.007,LAND,0,10,0,,0,0,0
1785499513.383059,42.2284772,-1.2340224,500.08,0.007,LAND,0,10,0,,0,0,0
1785499513.8855238,42.2284772,-1.2340224,500.08,0.007,LAND,0,10,0,,0,0,0
1785499514.388225,42.2284772,-1.2340224,500.08,0.007,LAND,0,10,0,,0,0,0
1785499514.8908699,42.2284772,-1.2340224,500.08,0.007,LAND,0,10,0,,0,0,0
1785499515.39311,42.2284772,-1.2340224,500.08,0.007,LAND,0,10,0,,0,0,0
1785499515.8954873,42.2284772,-1.2340224,500.08,0.007,LAND,0,10,0,,0,0,0
1785499516.3978071,42.2284772,-1.2340224,500.08,0.007,LAND,0,10,0,,0,0,0
1785499516.900464,42.2284772,-1.2340224,500.08,0.007,LAND,0,10,0,,0,0,0
1785499517.4027045,42.2284772,-1.2340224,500.08,0.007,LAND,0,10,0,,0,0,0
1785499517.9055908,42.2284772,-1.2340224,500.08,0.007,LAND,0,10,0,,0,0,0
1785499518.4077144,42.2284772,-1.2340224,500.08,0.007,LAND,0,10,0,,0,0,0
1785499518.9105253,42.2284772,-1.2340224,500.08,0.007,LAND,0,10,0,,0,0,0
1785499519.4128077,42.2284772,-1.2340224,500.08,0.007,LAND,0,10,0,,0,0,0
1785499519.914988,42.2284772,-1.2340224,500.08,0.007,LAND,0,10,0,,0,0,0
1785499520.4173877,42.2284772,-1.2340224,500.08,0.007,LAND,0,10,0,,0,0,0
1785499520.9192665,42.2284772,-1.2340224,500.08,0.007,LAND,0,10,0,,0,0,0
1785499521.42159,42.2284772,-1.2340224,500.08,0.007,LAND,0,10,0,,0,0,0
1785499521.924373,42.2284772,-1.2340224,500.08,0.007,LAND,0,10,0,,0,0,0
1785499522.426808,42.2284772,-1.2340224,500.08,0.007,LAND,0,10,0,,0,0,0
1785499522.9292758,42.2284772,-1.2340224,500.08,0.007,LAND,0,10,0,,0,0,0
1785499523.4317682,42.2284772,-1.2340224,500.08,0.007,LAND,0,10,0,,0,0,0
1785499523.9343247,42.2284772,-1.2340224,500.08,0.007,LAND,0,10,0,,0,0,0
1785499524.4365978,42.2284772,-1.2340224,500.08,0.007,LAND,0,10,0,,0,0,0
1785499524.9386108,42.2284772,-1.2340224,500.08,0.007,LAND,0,10,0,,0,0,0
1785499525.4410465,42.2284772,-1.2340224,500.08,0.006,LAND,0,10,0,,0,0,0
1785499525.9435554,42.2284772,-1.2340224,500.08,0.006,LAND,0,10,0,,0,0,0
1785499526.4457936,42.2284772,-1.2340224,500.08,0.006,LAND,0,10,0,,0,0,0
1785499526.948407,42.2284772,-1.2340224,500.08,0.006,LAND,0,10,0,,0,0,0
1785499527.4503505,42.2284772,-1.2340224,500.08,0.006,LAND,0,10,0,,0,0,0
1785499527.9525204,42.2284772,-1.2340224,500.08,0.006,LAND,0,10,0,,0,0,0
1785499528.4547632,42.2284772,-1.2340224,500.08,0.006,LAND,0,10,0,,0,0,0
1785499528.957064,42.2284772,-1.2340224,500.08,0.007,LAND,0,10,0,,0,0,0
1785499529.4593196,42.2284772,-1.2340224,500.08,0.007,LAND,0,10,0,,0,0,0
1785499529.9613671,42.2284772,-1.2340224,500.08,0.007,LAND,0,10,0,,0,0,0
1785499530.4636,42.2284772,-1.2340224,500.08,0.007,LAND,0,10,0,,0,0,0
1785499530.9657567,42.2284772,-1.2340224,500.08,0.007,LAND,0,10,0,,0,0,0
1785499531.4682512,42.2284772,-1.2340224,500.08,0.007,LAND,0,10,0,,0,0,0
1785499531.9703393,42.2284772,-1.2340224,500.08,0.007,LAND,0,10,0,,0,0,0
1785499532.4728947,42.2284772,-1.2340224,500.08,0.007,LAND,0,10,0,,0,0,0
1785499532.9761164,42.2284772,-1.2340224,500.08,0.007,LAND,0,10,0,,0,0,0
1785499533.4785519,42.2284772,-1.2340224,500.08,0.007,LAND,0,10,0,,0,0,0
1785499533.9813988,42.2284772,-1.2340224,500.08,0.007,LAND,0,10,0,,0,0,0
1785499534.4836955,42.2284772,-1.2340224,500.08,0.007,LAND,0,10,0,,0,0,0
1785499534.9863608,42.2284772,-1.2340224,500.08,0.007,LAND,0,10,0,,0,0,0
1785499535.4890668,42.2284772,-1.2340224,500.08,0.007,LAND,0,10,0,,0,0,0
1785499535.99174,42.2284772,-1.2340224,500.08,0.007,LAND,0,10,0,,0,0,0
1785499536.4949393,42.2284772,-1.2340224,500.08,0.007,LAND,0,10,0,,0,0,0
1785499536.9974024,42.2284772,-1.2340224,500.08,0.007,LAND,0,10,0,,0,0,0
1785499537.499723,42.2284772,-1.2340224,500.08,0.007,LAND,0,10,0,,0,0,0
1785499538.0022807,42.2284772,-1.2340224,500.08,0.007,LAND,0,10,0,,0,0,0
1785499538.504579,42.2284772,-1.2340224,500.08,0.007,LAND,0,10,0,,0,0,0
1785499539.0075426,42.2284772,-1.2340224,500.08,0.007,LAND,0,10,0,,0,0,0
1785499539.5101345,42.2284772,-1.2340224,500.08,0.007,LAND,0,10,0,,0,0,0
1785499540.012602,42.2284772,-1.2340224,500.08,0.007,LAND,0,10,0,,0,0,0
1785499540.5150673,42.2284772,-1.2340224,500.08,0.007,LAND,0,10,0,,0,0,0
1785499541.0177581,42.2284772,-1.2340224,500.08,0.007,LAND,0,10,0,,0,0,0
1785499541.5204651,42.2284772,-1.2340224,500.08,0.007,LAND,0,10,0,,0,0,0
1785499542.0228984,42.2284772,-1.2340224,500.08,0.007,LAND,0,10,0,,0,0,0
1785499542.5248194,42.2284772,-1.2340224,500.08,0.007,LAND,0,10,0,,0,0,0
1785499543.0276444,42.2284772,-1.2340224,500.08,0.007,LAND,0,10,0,,0,0,0
1785499543.5298758,42.2284772,-1.2340224,500.08,0.007,LAND,0,10,0,,0,0,0
1785499544.0324838,42.2284772,-1.2340224,500.08,0.007,LAND,0,10,0,,0,0,0
1785499544.5346868,42.2284772,-1.2340224,500.08,0.007,LAND,0,10,0,,0,0,0
1785499545.03774,42.2284772,-1.2340224,500.08,0.007,LAND,0,10,0,,0,0,0
1785499545.5403898,42.2284772,-1.2340224,500.08,0.007,LAND,0,10,0,,0,0,0
1785499546.0430183,42.2284772,-1.2340224,500.08,0.007,LAND,0,10,0,,0,0,0
1785499546.545284,42.2284772,-1.2340224,500.08,0.007,LAND,0,10,0,,0,0,0
1785499547.0477512,42.2284772,-1.2340224,500.08,0.007,LAND,0,10,0,,0,0,0
1785499547.549822,42.2284772,-1.2340224,500.08,0.007,LAND,0,10,0,,0,0,0
1785499548.0519407,42.2284772,-1.2340224,500.08,0.007,LAND,0,10,0,,0,0,0
1785499548.5541227,42.2284772,-1.2340224,500.08,0.007,LAND,0,10,0,,0,0,0
1785499549.0564544,42.2284772,-1.2340224,500.08,0.007,LAND,0,10,0,,0,0,0
1785499549.558983,42.2284772,-1.2340224,500.08,0.007,LAND,0,10,0,,0,0,0
1785499550.0612614,42.2284772,-1.2340224,500.08,0.007,LAND,0,10,0,,0,0,0
1785499550.5632439,42.2284772,-1.2340224,500.08,0.007,LAND,0,10,0,,0,0,0
1785499551.0661266,42.2284772,-1.2340224,500.08,0.007,LAND,0,10,0,,0,0,0
1785499551.5683792,42.2284772,-1.2340224,500.08,0.007,LAND,0,10,0,,0,0,0
1785499552.0707893,42.2284772,-1.2340224,500.08,0.007,LAND,0,10,0,,0,0,0
1785499552.573334,42.2284772,-1.2340224,500.08,0.007,LAND,0,10,0,,0,0,0
1785499553.0763874,42.2284772,-1.2340224,500.08,0.007,LAND,0,10,0,,0,0,0
1785499553.5788882,42.2284772,-1.2340224,500.08,0.007,LAND,0,10,0,,0,0,0
1785499554.081526,42.2284772,-1.2340224,500.08,0.007,LAND,0,10,0,,0,0,0
1785499554.5836246,42.2284772,-1.2340224,500.08,0.007,LAND,0,10,0,,0,0,0
1785499555.0858464,42.2284772,-1.2340224,500.08,0.007,LAND,0,10,0,,0,0,0
1785499555.5882623,42.2284772,-1.2340224,500.08,0.007,LAND,0,10,0,,0,0,0
1785499556.0911522,42.2284772,-1.2340224,500.08,0.007,LAND,0,10,0,,0,0,0
1785499556.5934114,42.2284772,-1.2340224,500.08,0.007,LAND,0,10,0,,0,0,0
1785499557.0957916,42.2284772,-1.2340224,500.08,0.007,LAND,0,10,0,,0,0,0
1785499557.5985937,42.2284772,-1.2340224,500.08,0.007,LAND,0,10,0,,0,0,0
1785499558.1013393,42.2284772,-1.2340224,500.08,0.007,LAND,0,10,0,,0,0,0
1785499558.6038616,42.2284772,-1.2340224,500.08,0.007,LAND,0,10,0,,0,0,0
1785499559.1063936,42.2284772,-1.2340224,500.08,0.007,LAND,0,10,0,,0,0,0
1785499559.6086447,42.2284772,-1.2340224,500.08,0.007,LAND,0,10,0,,0,0,0
1785499560.1113367,42.2284772,-1.2340224,500.08,0.007,LAND,0,10,0,,0,0,0
1785499560.6139314,42.2284772,-1.2340224,500.08,0.007,LAND,0,10,0,,0,0,0
1785499561.1167393,42.2284772,-1.2340224,500.08,0.007,LAND,0,10,0,,0,0,0
1785499561.619556,42.2284772,-1.2340224,500.08,0.007,LAND,0,10,0,,0,0,0
1785499562.1222615,42.2284772,-1.2340224,500.08,0.007,LAND,0,10,0,,0,0,0
1785499562.6251316,42.2284772,-1.2340224,500.08,0.007,LAND,0,10,0,,0,0,0
1785499563.1287575,42.2284772,-1.2340224,500.08,0.007,LAND,0,10,0,,0,0,0
1785499563.631131,42.2284772,-1.2340224,500.08,0.007,LAND,0,10,0,,0,0,0
1785499564.133643,42.2284772,-1.2340224,500.08,0.007,LAND,0,10,0,,0,0,0
1785499564.6354976,42.2284772,-1.2340224,500.08,0.007,LAND,0,10,0,,0,0,0
1785499565.138033,42.2284772,-1.2340224,500.08,0.007,LAND,0,10,0,,0,0,0
1785499565.6401339,42.2284772,-1.2340224,500.08,0.007,LAND,0,10,0,,0,0,0
1785499566.142852,42.2284772,-1.2340224,500.08,0.007,LAND,0,10,0,,0,0,0
1785499566.6452956,42.2284772,-1.2340224,500.08,0.007,LAND,0,10,0,,0,0,0
1785499567.1477435,42.2284772,-1.2340224,500.08,0.007,LAND,0,10,0,,0,0,0
1785499567.650249,42.2284772,-1.2340224,500.08,0.007,LAND,0,10,0,,0,0,0
1785499568.152437,42.2284772,-1.2340224,500.08,0.007,LAND,0,10,0,,0,0,0
1785499568.6546698,42.2284772,-1.2340224,500.08,0.007,LAND,0,10,0,,0,0,0
1785499569.1568515,42.2284772,-1.2340224,500.08,0.007,LAND,0,10,0,,0,0,0
1785499569.6593738,42.2284772,-1.2340224,500.08,0.007,LAND,0,10,0,,0,0,0
1785499570.1619768,42.2284772,-1.2340224,500.08,0.007,LAND,0,10,0,,0,0,0
1785499570.6642985,42.2284772,-1.2340224,500.08,0.007,LAND,0,10,0,,0,0,0
1785499571.1673322,42.2284772,-1.2340224,500.08,0.007,LAND,0,10,0,,0,0,0
1785499571.670497,42.2284772,-1.2340224,500.08,0.007,LAND,0,10,0,,0,0,0
1785499572.1732905,42.2284772,-1.2340224,500.08,0.007,LAND,0,10,0,,0,0,0
1785499572.6758013,42.2284772,-1.2340224,500.08,0.007,LAND,0,10,0,,0,0,0
1785499573.1784813,42.2284772,-1.2340224,500.08,0.007,LAND,0,10,0,,0,0,0
1785499573.681224,42.2284772,-1.2340224,500.08,0.007,LAND,0,10,0,,0,0,0
1785499574.1836307,42.2284772,-1.2340224,500.08,0.007,LAND,0,10,0,,0,0,0
1785499574.6857696,42.2284772,-1.2340224,500.08,0.007,LAND,0,10,0,,0,0,0
1785499575.1887207,42.2284772,-1.2340224,500.08,0.007,LAND,0,10,0,,0,0,0
1785499575.6910942,42.2284772,-1.2340224,500.08,0.007,LAND,0,10,0,,0,0,0
1785499576.1940258,42.2284772,-1.2340224,500.08,0.007,LAND,0,10,0,,0,0,0
1785499576.696207,42.2284772,-1.2340224,500.08,0.007,LAND,0,10,0,,0,0,0
1785499577.1989894,42.2284772,-1.2340224,500.08,0.007,LAND,0,10,0,,0,0,0
1785499577.701471,42.2284772,-1.2340224,500.08,0.007,LAND,0,10,0,,0,0,0
1785499578.2045045,42.2284772,-1.2340224,500.08,0.007,LAND,0,10,0,,0,0,0
1785499578.7069542,42.2284772,-1.2340224,500.08,0.007,LAND,0,10,0,,0,0,0
1785499579.2096815,42.2284772,-1.2340224,500.08,0.007,LAND,0,10,0,,0,0,0
1785499579.7120676,42.2284772,-1.2340224,500.08,0.007,LAND,0,10,0,,0,0,0
1785499580.2146738,42.2284772,-1.2340224,500.08,0.007,LAND,0,10,0,,0,0,0
1785499580.7177236,42.2284772,-1.2340224,500.08,0.007,LAND,0,10,0,,0,0,0
1785499581.2202353,42.2284772,-1.2340224,500.08,0.007,LAND,0,10,0,,0,0,0
1785499581.7230377,42.2284772,-1.2340224,500.08,0.007,LAND,0,10,0,,0,0,0
1785499582.225155,42.2284772,-1.2340224,500.08,0.007,LAND,0,10,0,,0,0,0
1785499582.7279377,42.2284772,-1.2340224,500.08,0.007,LAND,0,10,0,,0,0,0
1785499583.2304196,42.2284772,-1.2340224,500.08,0.007,LAND,0,10,0,,0,0,0
1785499583.7326236,42.2284772,-1.2340224,500.08,0.007,LAND,0,10,0,,0,0,0
1785499584.2351434,42.2284772,-1.2340224,500.08,0.007,LAND,0,10,0,,0,0,0
1785499584.7375584,42.2284772,-1.2340224,500.08,0.007,LAND,0,10,0,,0,0,0
1785499585.2400882,42.2284772,-1.2340224,500.08,0.007,LAND,0,10,0,,0,0,0
1785499585.7424717,42.2284772,-1.2340224,500.08,0.007,LAND,0,10,0,,0,0,0
1785499586.2448664,42.2284772,-1.2340224,500.08,0.007,LAND,0,10,0,,0,0,0
1785499586.7474012,42.2284772,-1.2340224,500.08,0.007,LAND,0,10,0,,0,0,0
1785499587.249918,42.2284772,-1.2340224,500.08,0.007,LAND,0,10,0,,0,0,0
1785499587.7525172,42.2284772,-1.2340224,500.08,0.007,LAND,0,10,0,,0,0,0
1785499588.2547154,42.2284772,-1.2340224,500.08,0.007,LAND,0,10,0,,0,0,0
1785499588.756924,42.2284772,-1.2340224,500.08,0.007,LAND,0,10,0,,0,0,0
1785499589.2594256,42.2284772,-1.2340224,500.08,0.007,LAND,0,10,0,,0,0,0
1785499589.7616603,42.2284772,-1.2340224,500.08,0.007,LAND,0,10,0,,0,0,0
1785499590.2640572,42.2284772,-1.2340224,500.08,0.007,LAND,0,10,0,,0,0,0
1785499590.7664711,42.2284772,-1.2340224,500.08,0.007,LAND,0,10,0,,0,0,0
1785499591.26921,42.2284772,-1.2340224,500.08,0.006,LAND,0,10,0,,0,0,0
1785499591.771837,42.2284772,-1.2340224,500.08,0.006,LAND,0,10,0,,0,0,0
1785499592.2741766,42.2284772,-1.2340224,500.08,0.006,LAND,0,10,0,,0,0,0
1785499592.7777512,42.2284772,-1.2340224,500.08,0.006,LAND,0,10,0,,0,0,0
1785499593.2799823,42.2284772,-1.2340224,500.08,0.006,LAND,0,10,0,,0,0,0
1785499593.7825522,42.2284772,-1.2340224,500.08,0.006,LAND,0,10,0,,0,0,0
1785499594.285065,42.2284772,-1.2340224,500.08,0.006,LAND,0,10,0,,0,0,0
1785499594.7870436,42.2284772,-1.2340224,500.08,0.006,LAND,0,10,0,,0,0,0
1785499595.2894459,42.2284772,-1.2340224,500.08,0.006,LAND,0,10,0,,0,0,0
1785499595.7917833,42.2284772,-1.2340224,500.08,0.006,LAND,0,10,0,,0,0,0
1785499596.2937033,42.2284772,-1.2340224,500.08,0.006,LAND,0,10,0,,0,0,0
1785499596.7958884,42.2284772,-1.2340224,500.08,0.006,LAND,0,10,0,,0,0,0
1785499597.2983804,42.2284772,-1.2340224,500.08,0.006,LAND,0,10,0,,0,0,0
1785499597.8008091,42.2284772,-1.2340224,500.08,0.006,LAND,0,10,0,,0,0,0
1785499598.3031905,42.2284772,-1.2340224,500.08,0.007,LAND,0,10,0,,0,0,0
1785499598.8056674,42.2284772,-1.2340224,500.08,0.007,LAND,0,10,0,,0,0,0
1785499599.3080194,42.2284772,-1.2340224,500.08,0.007,LAND,0,10,0,,0,0,0
1785499599.8106139,42.2284772,-1.2340224,500.08,0.007,LAND,0,10,0,,0,0,0
1785499600.3136437,42.2284772,-1.2340224,500.08,0.007,LAND,0,10,0,,0,0,0
1785499600.8159354,42.2284772,-1.2340224,500.08,0.007,LAND,0,10,0,,0,0,0
1785499601.3189013,42.2284772,-1.2340224,500.08,0.007,LAND,0,10,0,,0,0,0
1785499601.8202035,42.2284772,-1.2340224,500.08,0.007,LAND,0,10,0,,0,0,0
1785499602.3222582,42.2284772,-1.2340224,500.08,0.007,LAND,0,10,0,,0,0,0
1785499602.824708,42.2284772,-1.2340224,500.08,0.007,LAND,0,10,0,,0,0,0
1785499603.3275607,42.2284772,-1.2340224,500.08,0.007,LAND,0,10,0,,0,0,0
1785499603.829302,42.2284772,-1.2340224,500.08,0.007,LAND,0,10,0,,0,0,0
1785499604.3319886,42.2284772,-1.2340224,500.08,0.007,LAND,0,10,0,,0,0,0
1785499604.8341498,42.2284772,-1.2340224,500.08,0.007,LAND,0,10,0,,0,0,0
1785499605.3370886,42.2284772,-1.2340224,500.08,0.007,LAND,0,10,0,,0,0,0
1785499605.8391523,42.2284772,-1.2340224,500.08,0.007,LAND,0,10,0,,0,0,0
1785499606.3408751,42.2284772,-1.2340224,500.08,0.007,LAND,0,10,0,,0,0,0
1785499606.8436522,42.2284772,-1.2340224,500.08,0.007,LAND,0,10,0,,0,0,0
1785499607.3459282,42.2284772,-1.2340224,500.08,0.007,LAND,0,10,0,,0,0,0
1785499607.8481472,42.2284772,-1.2340224,500.08,0.007,LAND,0,10,0,,0,0,0
1785499608.3501277,42.2284772,-1.2340224,500.08,0.007,LAND,0,10,0,,0,0,0
1785499608.8528047,42.2284772,-1.2340224,500.08,0.007,LAND,0,10,0,,0,0,0
1785499609.3553061,42.2284772,-1.2340224,500.08,0.007,LAND,0,10,0,,0,0,0
1785499609.8577418,42.2284772,-1.2340224,500.08,0.007,LAND,0,10,0,,0,0,0
1785499610.360133,42.2284772,-1.2340224,500.08,0.007,LAND,0,10,0,,0,0,0
1785499610.8621159,42.2284772,-1.2340224,500.08,0.007,LAND,0,10,0,,0,0,0
1785499611.3643696,42.2284772,-1.2340224,500.08,0.007,LAND,0,10,0,,0,0,0
1785499611.8673718,42.2284772,-1.2340224,500.08,0.007,LAND,0,10,0,,0,0,0
1785499612.3703537,42.2284772,-1.2340224,500.08,0.007,LAND,0,10,0,,0,0,0
1785499612.8718467,42.2284772,-1.2340224,500.08,0.007,LAND,0,10,0,,0,0,0
1785499613.374239,42.2284772,-1.2340224,500.08,0.007,LAND,0,10,0,,0,0,0
1785499613.87671,42.2284772,-1.2340224,500.08,0.007,LAND,0,10,0,,0,0,0
1785499614.3787255,42.2284772,-1.2340224,500.08,0.007,LAND,0,10,0,,0,0,0
1785499614.8814297,42.2284772,-1.2340224,500.08,0.007,LAND,0,10,0,,0,0,0
1785499615.3836353,42.2284772,-1.2340224,500.08,0.007,LAND,0,10,0,,0,0,0
1785499615.885638,42.2284772,-1.2340224,500.08,0.007,LAND,0,10,0,,0,0,0
1785499616.3880146,42.2284772,-1.2340224,500.08,0.007,LAND,0,10,0,,0,0,0
1785499616.8903115,42.2284772,-1.2340224,500.08,0.007,LAND,0,10,0,,0,0,0
1785499617.3926327,42.2284772,-1.2340224,500.08,0.007,LAND,0,10,0,,0,0,0
1785499617.8956263,42.2284772,-1.2340224,500.08,0.007,LAND,0,10,0,,0,0,0
1785499618.3985581,42.2284772,-1.2340224,500.08,0.007,LAND,0,10,0,,0,0,0
1785499618.9008193,42.2284772,-1.2340224,500.08,0.007,LAND,0,10,0,,0,0,0
1785499619.403637,42.2284772,-1.2340224,500.08,0.007,LAND,0,10,0,,0,0,0
1785499619.906379,42.2284772,-1.2340224,500.08,0.007,LAND,0,10,0,,0,0,0
1785499620.4094708,42.2284772,-1.2340224,500.08,0.007,LAND,0,10,0,,0,0,0
1785499620.9123363,42.2284772,-1.2340224,500.08,0.007,LAND,0,10,0,,0,0,0
1785499621.415296,42.2284772,-1.2340224,500.08,0.007,LAND,0,10,0,,0,0,0
1785499621.9177217,42.2284772,-1.2340224,500.08,0.007,LAND,0,10,0,,0,0,0
1785499622.419626,42.2284772,-1.2340224,500.08,0.007,LAND,0,10,0,,0,0,0
1785499622.9222834,42.2284772,-1.2340224,500.08,0.007,LAND,0,10,0,,0,0,0
1785499623.4245806,42.2284772,-1.2340224,500.08,0.007,LAND,0,10,0,,0,0,0
1785499623.9270582,42.2284772,-1.2340224,500.08,0.007,LAND,0,10,0,,0,0,0
1785499624.4296749,42.2284772,-1.2340224,500.08,0.007,LAND,0,10,0,,0,0,0
1785499624.9317398,42.2284772,-1.2340224,500.08,0.007,LAND,0,10,0,,0,0,0
1785499625.4344916,42.2284772,-1.2340224,500.08,0.007,LAND,0,10,0,,0,0,0
1785499625.9370732,42.2284772,-1.2340224,500.08,0.007,LAND,0,10,0,,0,0,0
1785499626.4392035,42.2284772,-1.2340224,500.08,0.007,LAND,0,10,0,,0,0,0
1785499626.941237,42.2284772,-1.2340224,500.08,0.007,LAND,0,10,0,,0,0,0
1785499627.4424803,42.2284772,-1.2340224,500.08,0.007,LAND,0,10,0,,0,0,0
1785499627.9448166,42.2284772,-1.2340224,500.08,0.007,LAND,0,10,0,,0,0,0
1785499628.4471323,42.2284772,-1.2340224,500.08,0.007,LAND,0,10,0,,0,0,0
1785499628.949321,42.2284772,-1.2340224,500.08,0.007,LAND,0,10,0,,0,0,0
1785499629.4522247,42.2284772,-1.2340224,500.08,0.007,LAND,0,10,0,,0,0,0
1785499629.9547029,42.2284772,-1.2340224,500.08,0.007,LAND,0,10,0,,0,0,0
1785499630.4575946,42.2284772,-1.2340224,500.08,0.007,LAND,0,10,0,,0,0,0
1785499630.9649725,42.2284772,-1.2340224,500.08,0.007,LAND,0,10,0,,0,0,0
1785499631.467768,42.2284772,-1.2340224,500.08,0.007,LAND,0,10,0,,0,0,0
1785499631.969886,42.2284772,-1.2340224,500.08,0.007,LAND,0,10,0,,0,0,0
1785499632.4725468,42.2284772,-1.2340224,500.08,0.007,LAND,0,10,0,,0,0,0
1785499632.9749022,42.2284772,-1.2340224,500.08,0.007,LAND,0,10,0,,0,0,0
1785499633.477089,42.2284772,-1.2340224,500.08,0.007,LAND,0,10,0,,0,0,0
1785499633.9785879,42.2284772,-1.2340224,500.08,0.007,LAND,0,10,0,,0,0,0
1785499634.4812317,42.2284772,-1.2340224,500.08,0.007,LAND,0,10,0,,0,0,0
1785499634.9842114,42.2284772,-1.2340224,500.08,0.007,LAND,0,10,0,,0,0,0
1785499635.4868782,42.2284772,-1.2340224,500.08,0.007,LAND,0,10,0,,0,0,0
1785499635.989082,42.2284772,-1.2340224,500.08,0.007,LAND,0,10,0,,0,0,0
1785499636.4921186,42.2284772,-1.2340224,500.08,0.007,LAND,0,10,0,,0,0,0
1785499636.9938126,42.2284772,-1.2340224,500.08,0.007,LAND,0,10,0,,0,0,0
1785499637.4968026,42.2284772,-1.2340224,500.08,0.007,LAND,0,10,0,,0,0,0
1785499637.9983094,42.2284772,-1.2340224,500.08,0.007,LAND,0,10,0,,0,0,0
1785499638.5007136,42.2284772,-1.2340224,500.08,0.007,LAND,0,10,0,,0,0,0
1785499639.0031664,42.2284772,-1.2340224,500.08,0.007,LAND,0,10,0,,0,0,0
1785499639.5052526,42.2284772,-1.2340224,500.08,0.007,LAND,0,10,0,,0,0,0
1785499640.0068283,42.2284772,-1.2340224,500.08,0.007,LAND,0,10,0,,0,0,0
1785499640.5095098,42.2284772,-1.2340224,500.08,0.007,LAND,0,10,0,,0,0,0
1785499641.011337,42.2284772,-1.2340224,500.08,0.007,LAND,0,10,0,,0,0,0
1785499641.514225,42.2284772,-1.2340224,500.08,0.007,LAND,0,10,0,,0,0,0
1785499642.016415,42.2284772,-1.2340224,500.08,0.007,LAND,0,10,0,,0,0,0
1785499642.5187626,42.2284772,-1.2340224,500.08,0.007,LAND,0,10,0,,0,0,0
1785499643.0212655,42.2284772,-1.2340223,500.08,0.007,LAND,0,10,0,,0,0,0
1785499643.5226805,42.2284772,-1.2340223,500.08,0.007,LAND,0,10,0,,0,0,0
1785499644.0244563,42.2284772,-1.2340223,500.08,0.007,LAND,0,10,0,,0,0,0
1785499644.5268507,42.2284772,-1.2340223,500.08,0.007,LAND,0,10,0,,0,0,0
1785499645.0292182,42.2284772,-1.2340223,500.08,0.007,LAND,0,10,0,,0,0,0
1785499645.5311751,42.2284772,-1.2340223,500.08,0.007,LAND,0,10,0,,0,0,0
1785499646.0331948,42.2284772,-1.2340223,500.08,0.007,LAND,0,10,0,,0,0,0
1785499646.5356514,42.2284772,-1.2340223,500.08,0.007,LAND,0,10,0,,0,0,0
1785499647.0374193,42.2284772,-1.2340223,500.08,0.007,LAND,0,10,0,,0,0,0
1785499647.5395575,42.2284772,-1.2340223,500.08,0.007,LAND,0,10,0,,0,0,0
1785499648.0418484,42.2284772,-1.2340222,500.08,0.007,LAND,0,10,0,,0,0,0
1785499648.544449,42.2284772,-1.2340222,500.08,0.007,LAND,0,10,0,,0,0,0
1785499649.0470636,42.2284772,-1.2340222,500.08,0.007,LAND,0,10,0,,0,0,0
1785499649.5498612,42.2284772,-1.2340222,500.08,0.007,LAND,0,10,0,,0,0,0
1785499650.0525951,42.2284772,-1.2340222,500.08,0.007,LAND,0,10,0,,0,0,0
1785499650.5546377,42.2284772,-1.2340222,500.08,0.007,LAND,0,10,0,,0,0,0
1785499651.0572433,42.2284772,-1.2340222,500.08,0.007,LAND,0,10,0,,0,0,0
1785499651.559637,42.2284772,-1.2340222,500.08,0.007,LAND,0,10,0,,0,0,0
1785499652.0620863,42.2284772,-1.2340222,500.08,0.007,LAND,0,10,0,,0,0,0
1785499652.5650141,42.2284772,-1.2340222,500.08,0.007,LAND,0,10,0,,0,0,0
1785499653.0676064,42.2284772,-1.2340222,500.08,0.007,LAND,0,10,0,,0,0,0
1785499653.569951,42.2284772,-1.2340222,500.08,0.007,LAND,0,10,0,,0,0,0
1785499654.072177,42.2284772,-1.2340222,500.08,0.007,LAND,0,10,0,,0,0,0
1785499654.5749307,42.2284772,-1.2340222,500.08,0.007,LAND,0,10,0,,0,0,0
1785499655.0770807,42.2284772,-1.2340222,500.08,0.007,LAND,0,10,0,,0,0,0
1785499655.5793972,42.2284772,-1.2340221,500.08,0.007,LAND,0,10,0,,0,0,0
1785499656.0814126,42.2284772,-1.2340221,500.08,0.007,LAND,0,10,0,,0,0,0
1785499656.5839503,42.2284772,-1.2340221,500.08,0.007,LAND,0,10,0,,0,0,0
1785499657.0868547,42.2284772,-1.2340221,500.08,0.007,LAND,0,10,0,,0,0,0
1785499657.5895352,42.2284772,-1.2340221,500.08,0.007,LAND,0,10,0,,0,0,0
1785499658.0913243,42.2284772,-1.2340221,500.08,0.007,LAND,0,10,0,,0,0,0
1785499658.593225,42.2284772,-1.2340221,500.08,0.007,LAND,0,10,0,,0,0,0
1785499659.0955336,42.2284772,-1.2340221,500.08,0.007,LAND,0,10,0,,0,0,0
1785499659.5985236,42.2284772,-1.2340221,500.08,0.007,LAND,0,10,0,,0,0,0
1785499660.1004562,42.2284772,-1.2340221,500.08,0.007,LAND,0,10,0,,0,0,0
1785499660.6026382,42.2284772,-1.2340221,500.08,0.007,LAND,0,10,0,,0,0,0
1785499661.1047766,42.2284772,-1.2340221,500.08,0.007,LAND,0,10,0,,0,0,0
1785499661.6074145,42.2284772,-1.2340221,500.08,0.007,LAND,0,10,0,,0,0,0
1785499662.1094863,42.2284772,-1.2340221,500.08,0.007,LAND,0,10,0,,0,0,0
1785499662.611485,42.2284772,-1.2340221,500.08,0.007,LAND,0,10,0,,0,0,0
1785499663.1141198,42.2284772,-1.2340221,500.08,0.007,LAND,0,10,0,,0,0,0
1785499663.6166553,42.2284772,-1.2340221,500.08,0.007,LAND,0,10,0,,0,0,0
1785499664.1179621,42.2284772,-1.2340221,500.08,0.007,LAND,0,10,0,,0,0,0
1785499664.619817,42.2284772,-1.2340221,500.08,0.007,LAND,0,10,0,,0,0,0
1785499665.1220322,42.2284772,-1.2340221,500.08,0.007,LAND,0,10,0,,0,0,0
1785499665.6238468,42.2284772,-1.2340221,500.08,0.007,LAND,0,10,0,,0,0,0
1785499666.1256547,42.2284772,-1.2340221,500.08,0.007,LAND,0,10,0,,0,0,0
1785499666.628081,42.2284772,-1.2340221,500.08,0.007,LAND,0,10,0,,0,0,0
1785499667.1298137,42.2284772,-1.2340221,500.08,0.007,LAND,0,10,0,,0,0,0
1785499667.6318605,42.2284772,-1.2340221,500.08,0.007,LAND,0,10,0,,0,0,0
1785499668.1346002,42.2284772,-1.2340221,500.08,0.007,LAND,0,10,0,,0,0,0
1785499668.636673,42.2284772,-1.2340221,500.08,0.007,LAND,0,10,0,,0,0,0
1785499669.1390407,42.2284772,-1.2340221,500.08,0.007,LAND,0,10,0,,0,0,0
1785499669.640903,42.2284772,-1.2340221,500.08,0.007,LAND,0,10,0,,0,0,0
1785499670.1434648,42.2284772,-1.2340221,500.08,0.007,LAND,0,10,0,,0,0,0
1785499670.6458883,42.2284772,-1.2340221,500.08,0.007,LAND,0,10,0,,0,0,0
1785499671.147741,42.2284772,-1.2340221,500.08,0.007,LAND,0,10,0,,0,0,0
1785499671.6500213,42.2284772,-1.2340221,500.08,0.007,LAND,0,10,0,,0,0,0
1785499672.152626,42.2284772,-1.2340221,500.08,0.007,LAND,0,10,0,,0,0,0
1785499672.6547933,42.2284772,-1.2340221,500.08,0.007,LAND,0,10,0,,0,0,0
1785499673.1563733,42.2284772,-1.2340221,500.08,0.007,LAND,0,10,0,,0,0,0
1785499673.659245,42.2284772,-1.2340221,500.08,0.007,LAND,0,10,0,,0,0,0
1785499674.1617186,42.2284772,-1.2340221,500.08,0.007,LAND,0,10,0,,0,0,0
1785499674.6638157,42.2284772,-1.234022,500.08,0.007,LAND,0,10,0,,0,0,0
1785499675.1659913,42.2284772,-1.234022,500.08,0.007,LAND,0,10,0,,0,0,0
1785499675.6683333,42.2284772,-1.234022,500.08,0.007,LAND,0,10,0,,0,0,0
1785499676.1704664,42.2284772,-1.234022,500.08,0.007,LAND,0,10,0,,0,0,0
1785499676.672654,42.2284772,-1.234022,500.08,0.007,LAND,0,10,0,,0,0,0
1785499677.1744776,42.2284772,-1.234022,500.08,0.007,LAND,0,10,0,,0,0,0
1785499677.6774437,42.2284772,-1.234022,500.08,0.007,LAND,0,10,0,,0,0,0
1785499678.1797526,42.2284772,-1.234022,500.08,0.007,LAND,0,10,0,,0,0,0
1785499678.6821046,42.2284772,-1.234022,500.08,0.007,LAND,0,10,0,,0,0,0
1785499679.1844137,42.2284772,-1.234022,500.08,0.007,LAND,0,10,0,,0,0,0
1785499679.6868062,42.2284772,-1.234022,500.08,0.007,LAND,0,10,0,,0,0,0
1785499680.189191,42.2284772,-1.234022,500.08,0.007,LAND,0,10,0,,0,0,0
1785499680.6918123,42.2284772,-1.234022,500.08,0.007,LAND,0,10,0,,0,0,0
1785499681.1937265,42.2284772,-1.234022,500.08,0.007,LAND,0,10,0,,0,0,0
1785499681.6956904,42.2284772,-1.234022,500.08,0.007,LAND,0,10,0,,0,0,0
1785499682.1976347,42.2284772,-1.234022,500.08,0.007,LAND,0,10,0,,0,0,0
1785499682.7004251,42.2284772,-1.234022,500.08,0.007,LAND,0,10,0,,0,0,0
1785499683.2029088,42.2284772,-1.234022,500.08,0.007,LAND,0,10,0,,0,0,0
1785499683.7053685,42.2284772,-1.234022,500.08,0.007,LAND,0,10,0,,0,0,0
1785499684.2078733,42.2284772,-1.234022,500.08,0.007,LAND,0,10,0,,0,0,0
1785499684.710134,42.2284772,-1.234022,500.08,0.007,LAND,0,10,0,,0,0,0
1785499685.2129438,42.2284772,-1.234022,500.08,0.007,LAND,0,10,0,,0,0,0
1785499685.7152889,42.2284772,-1.234022,500.08,0.007,LAND,0,10,0,,0,0,0
1785499686.2179413,42.2284772,-1.234022,500.08,0.007,LAND,0,10,0,,0,0,0
1785499686.7201242,42.2284772,-1.234022,500.08,0.007,LAND,0,10,0,,0,0,0
1785499687.2221563,42.2284772,-1.234022,500.08,0.007,LAND,0,10,0,,0,0,0
1785499687.724688,42.2284772,-1.234022,500.08,0.007,LAND,0,10,0,,0,0,0
1785499688.2269042,42.2284772,-1.234022,500.08,0.007,LAND,0,10,0,,0,0,0
1785499688.7291238,42.2284772,-1.234022,500.08,0.007,LAND,0,10,0,,0,0,0
1785499689.2314396,42.2284772,-1.234022,500.08,0.007,LAND,0,10,0,,0,0,0
1785499689.734528,42.2284772,-1.234022,500.08,0.007,LAND,0,10,0,,0,0,0
1785499690.236523,42.2284772,-1.234022,500.08,0.007,LAND,0,10,0,,0,0,0
1785499690.7418828,42.2284772,-1.234022,500.08,0.007,LAND,0,10,0,,0,0,0
1785499691.2450411,42.2284772,-1.234022,500.08,0.007,LAND,0,10,0,,0,0,0
1785499691.7474396,42.2284772,-1.234022,500.08,0.007,LAND,0,10,0,,0,0,0
1785499692.2503836,42.2284772,-1.234022,500.08,0.007,LAND,0,10,0,,0,0,0
1785499692.7528322,42.2284772,-1.234022,500.08,0.007,LAND,0,10,0,,0,0,0
1785499693.255024,42.2284772,-1.234022,500.08,0.007,LAND,0,10,0,,0,0,0
1785499693.7575095,42.2284772,-1.234022,500.08,0.007,LAND,0,10,0,,0,0,0
1785499694.260436,42.2284772,-1.234022,500.08,0.007,LAND,0,10,0,,0,0,0
1785499694.7627394,42.2284772,-1.234022,500.08,0.007,LAND,0,10,0,,0,0,0
1785499695.2644553,42.2284772,-1.234022,500.08,0.007,LAND,0,10,0,,0,0,0
1785499695.7673962,42.2284772,-1.234022,500.08,0.007,LAND,0,10,0,,0,0,0
1785499696.2699015,42.2284772,-1.234022,500.08,0.007,LAND,0,10,0,,0,0,0
1785499696.7722626,42.2284772,-1.234022,500.08,0.007,LAND,0,10,0,,0,0,0
1785499697.2748957,42.2284772,-1.234022,500.08,0.007,LAND,0,10,0,,0,0,0
1785499697.777217,42.2284772,-1.234022,500.08,0.007,LAND,0,10,0,,0,0,0
1785499698.2789369,42.2284772,-1.234022,500.08,0.007,LAND,0,10,0,,0,0,0
1785499698.781035,42.2284772,-1.234022,500.08,0.007,LAND,0,10,0,,0,0,0
1785499699.2830117,42.2284772,-1.234022,500.08,0.007,LAND,0,10,0,,0,0,0
1785499699.7853706,42.2284772,-1.234022,500.08,0.007,LAND,0,10,0,,0,0,0
1785499700.2873964,42.2284772,-1.234022,500.08,0.007,LAND,0,10,0,,0,0,0
1785499700.7899027,42.2284772,-1.234022,500.08,0.007,LAND,0,10,0,,0,0,0
1785499701.2928233,42.2284772,-1.234022,500.08,0.007,LAND,0,10,0,,0,0,0
1785499701.7951033,42.2284772,-1.234022,500.08,0.007,LAND,0,10,0,,0,0,0
1785499702.2969747,42.2284772,-1.234022,500.08,0.007,LAND,0,10,0,,0,0,0
1785499702.7989798,42.2284772,-1.234022,500.08,0.007,LAND,0,10,0,,0,0,0
1785499703.3016691,42.2284772,-1.234022,500.08,0.007,LAND,0,10,0,,0,0,0
1785499703.8039896,42.2284772,-1.234022,500.08,0.007,LAND,0,10,0,,0,0,0
1785499704.3059251,42.2284772,-1.234022,500.08,0.007,LAND,0,10,0,,0,0,0
1785499704.8087091,42.2284772,-1.234022,500.08,0.007,LAND,0,10,0,,0,0,0
1785499705.3112075,42.2284772,-1.234022,500.08,0.007,LAND,0,10,0,,0,0,0
1785499705.8132744,42.2284772,-1.234022,500.08,0.007,LAND,0,10,0,,0,0,0
1785499706.3152304,42.2284772,-1.234022,500.08,0.007,LAND,0,10,0,,0,0,0
1785499706.8179553,42.2284772,-1.234022,500.08,0.007,LAND,0,10,0,,0,0,0
1785499707.3207505,42.2284772,-1.234022,500.08,0.007,LAND,0,10,0,,0,0,0
1785499707.8235443,42.2284772,-1.234022,500.08,0.007,LAND,0,10,0,,0,0,0
1785499708.3247502,42.2284772,-1.234022,500.08,0.007,LAND,0,10,0,,0,0,0
1785499708.8265355,42.2284772,-1.234022,500.08,0.007,LAND,0,10,0,,0,0,0
1785499709.3291829,42.2284772,-1.234022,500.08,0.007,LAND,0,10,0,,0,0,0
1785499709.8318822,42.2284772,-1.234022,500.08,0.007,LAND,0,10,0,,0,0,0
1785499710.3345768,42.2284772,-1.234022,500.08,0.007,LAND,0,10,0,,0,0,0
1785499710.8367553,42.2284772,-1.234022,500.08,0.007,LAND,0,10,0,,0,0,0
1785499711.3392987,42.2284772,-1.234022,500.08,0.007,LAND,0,10,0,,0,0,0
1785499711.8415244,42.2284772,-1.234022,500.08,0.007,LAND,0,10,0,,0,0,0
1785499712.3437963,42.2284772,-1.234022,500.08,0.007,LAND,0,10,0,,0,0,0
1785499712.8457744,42.2284772,-1.234022,500.08,0.007,LAND,0,10,0,,0,0,0
1785499713.348506,42.2284772,-1.234022,500.08,0.007,LAND,0,10,0,,0,0,0
1785499713.851004,42.2284772,-1.234022,500.08,0.007,LAND,0,10,0,,0,0,0
1785499714.353328,42.2284772,-1.234022,500.08,0.007,LAND,0,10,0,,0,0,0
1785499714.855253,42.2284772,-1.234022,500.08,0.007,LAND,0,10,0,,0,0,0
1785499715.357274,42.2284772,-1.234022,500.08,0.007,LAND,0,10,0,,0,0,0
1785499715.8596563,42.2284772,-1.234022,500.08,0.007,LAND,0,10,0,,0,0,0
1785499716.36111,42.2284772,-1.234022,500.08,0.007,LAND,0,10,0,,0,0,0
1785499716.8632996,42.2284772,-1.234022,500.08,0.007,LAND,0,10,0,,0,0,0
1785499717.3659847,42.2284772,-1.234022,500.08,0.007,LAND,0,10,0,,0,0,0
1785499717.868696,42.2284772,-1.234022,500.08,0.007,LAND,0,10,0,,0,0,0
1785499718.3712847,42.2284772,-1.234022,500.08,0.007,LAND,0,10,0,,0,0,0
1785499718.8734643,42.2284772,-1.234022,500.08,0.007,LAND,0,10,0,,0,0,0
1785499719.3756196,42.2284772,-1.234022,500.08,0.007,LAND,0,10,0,,0,0,0
1785499719.8780608,42.2284772,-1.234022,500.08,0.007,LAND,0,10,0,,0,0,0
1785499720.380586,42.2284772,-1.234022,500.08,0.007,LAND,0,10,0,,0,0,0
1785499720.882684,42.2284772,-1.234022,500.08,0.007,LAND,0,10,0,,0,0,0
1785499721.3853803,42.2284772,-1.234022,500.08,0.007,LAND,0,10,0,,0,0,0
1785499721.8870897,42.2284772,-1.234022,500.08,0.007,LAND,0,10,0,,0,0,0
1785499722.3891447,42.2284772,-1.234022,500.08,0.007,LAND,0,10,0,,0,0,0
1785499722.891638,42.2284772,-1.234022,500.08,0.007,LAND,0,10,0,,0,0,0
1785499723.3937898,42.2284772,-1.234022,500.08,0.007,LAND,0,10,0,,0,0,0
1785499723.896446,42.2284772,-1.234022,500.08,0.007,LAND,0,10,0,,0,0,0
1785499724.3991642,42.2284772,-1.234022,500.08,0.007,LAND,0,10,0,,0,0,0
1785499724.9014063,42.2284772,-1.234022,500.08,0.007,LAND,0,10,0,,0,0,0
1785499725.4036312,42.2284772,-1.234022,500.08,0.007,LAND,0,10,0,,0,0,0
1785499725.9056005,42.2284772,-1.234022,500.08,0.007,LAND,0,10,0,,0,0,0
1785499726.4083338,42.2284772,-1.234022,500.08,0.007,LAND,0,10,0,,0,0,0
1785499726.9108648,42.2284772,-1.234022,500.08,0.007,LAND,0,10,0,,0,0,0
1785499727.413619,42.2284772,-1.234022,500.08,0.007,LAND,0,10,0,,0,0,0
1785499727.916114,42.2284772,-1.234022,500.08,0.007,LAND,0,10,0,,0,0,0
1785499728.4181762,42.2284772,-1.234022,500.08,0.007,LAND,0,10,0,,0,0,0
1785499728.9207795,42.2284772,-1.234022,500.08,0.007,LAND,0,10,0,,0,0,0
1785499729.4231548,42.2284772,-1.234022,500.08,0.007,LAND,0,10,0,,0,0,0
1785499729.925597,42.2284772,-1.234022,500.08,0.007,LAND,0,10,0,,0,0,0
1785499730.4282844,42.2284772,-1.234022,500.08,0.007,LAND,0,10,0,,0,0,0
1785499730.9311783,42.2284772,-1.234022,500.08,0.007,LAND,0,10,0,,0,0,0
1785499731.4337714,42.2284772,-1.234022,500.08,0.007,LAND,0,10,0,,0,0,0
1785499731.935963,42.2284772,-1.234022,500.08,0.007,LAND,0,10,0,,0,0,0
1785499732.438719,42.2284772,-1.234022,500.08,0.007,LAND,0,10,0,,0,0,0
1785499732.9404473,42.2284772,-1.234022,500.08,0.007,LAND,0,10,0,,0,0,0
1785499733.4431884,42.2284772,-1.234022,500.08,0.007,LAND,0,10,0,,0,0,0
1785499733.9461308,42.2284772,-1.234022,500.08,0.007,LAND,0,10,0,,0,0,0
1785499734.4490063,42.2284772,-1.234022,500.08,0.007,LAND,0,10,0,,0,0,0
1785499734.9518387,42.2284772,-1.234022,500.08,0.007,LAND,0,10,0,,0,0,0
1785499735.4547014,42.2284772,-1.234022,500.08,0.007,LAND,0,10,0,,0,0,0
1785499735.956686,42.2284772,-1.234022,500.08,0.007,LAND,0,10,0,,0,0,0
1785499736.4588041,42.2284772,-1.234022,500.08,0.007,LAND,0,10,0,,0,0,0
1785499736.9614522,42.2284772,-1.234022,500.08,0.007,LAND,0,10,0,,0,0,0
1785499737.4643579,42.2284772,-1.234022,500.08,0.006,LAND,0,10,0,,0,0,0
1785499737.9674091,42.2284772,-1.234022,500.08,0.007,LAND,0,10,0,,0,0,0
1785499738.4700043,42.2284772,-1.234022,500.08,0.006,LAND,0,10,0,,0,0,0
1785499738.9720352,42.2284772,-1.234022,500.08,0.007,LAND,0,10,0,,0,0,0
1785499739.4751854,42.2284772,-1.234022,500.08,0.007,LAND,0,10,0,,0,0,0
1785499739.9777157,42.2284772,-1.234022,500.08,0.007,LAND,0,10,0,,0,0,0
1785499740.4801023,42.2284772,-1.234022,500.08,0.007,LAND,0,10,0,,0,0,0
1785499740.9826696,42.2284772,-1.234022,500.08,0.007,LAND,0,10,0,,0,0,0
1785499741.4850895,42.2284772,-1.234022,500.08,0.007,LAND,0,10,0,,0,0,0
1785499741.988001,42.2284772,-1.234022,500.08,0.007,LAND,0,10,0,,0,0,0
1785499742.4909482,42.2284772,-1.234022,500.08,0.007,LAND,0,10,0,,0,0,0
1785499742.993002,42.2284772,-1.234022,500.08,0.007,LAND,0,10,0,,0,0,0
1785499743.4954357,42.2284772,-1.234022,500.08,0.007,LAND,0,10,0,,0,0,0
1785499743.9977372,42.2284772,-1.234022,500.08,0.007,LAND,0,10,0,,0,0,0
1785499744.5006044,42.2284772,-1.234022,500.08,0.007,LAND,0,10,0,,0,0,0
1785499745.0030248,42.2284772,-1.234022,500.08,0.007,LAND,0,10,0,,0,0,0
1785499745.5049534,42.2284772,-1.234022,500.08,0.007,LAND,0,10,0,,0,0,0
1785499746.007574,42.2284772,-1.234022,500.08,0.007,LAND,0,10,0,,0,0,0
1785499746.5105803,42.2284772,-1.234022,500.08,0.007,LAND,0,10,0,,0,0,0
1785499747.0129828,42.2284772,-1.234022,500.08,0.007,LAND,0,10,0,,0,0,0
1785499747.5153866,42.2284772,-1.234022,500.08,0.007,LAND,0,10,0,,0,0,0
1785499748.0184216,42.2284772,-1.234022,500.08,0.007,LAND,0,10,0,,0,0,0
1785499748.5205388,42.2284772,-1.234022,500.08,0.007,LAND,0,10,0,,0,0,0
1785499749.0232913,42.2284772,-1.234022,500.08,0.007,LAND,0,10,0,,0,0,0
1785499749.525055,42.2284772,-1.234022,500.08,0.007,LAND,0,10,0,,0,0,0
1785499750.028209,42.2284772,-1.234022,500.08,0.007,LAND,0,10,0,,0,0,0
1785499750.5306125,42.2284772,-1.234022,500.08,0.007,LAND,0,10,0,,0,0,0
1785499751.0333846,42.2284772,-1.234022,500.08,0.007,LAND,0,10,0,,0,0,0
1785499751.5363903,42.2284772,-1.234022,500.08,0.007,LAND,0,10,0,,0,0,0
1785499752.0386066,42.2284772,-1.234022,500.08,0.007,LAND,0,10,0,,0,0,0
1785499752.5408273,42.2284772,-1.234022,500.08,0.007,LAND,0,10,0,,0,0,0
1785499753.0437393,42.2284772,-1.234022,500.08,0.007,LAND,0,10,0,,0,0,0
1785499753.5456762,42.2284772,-1.234022,500.08,0.007,LAND,0,10,0,,0,0,0
1785499754.0483027,42.2284772,-1.234022,500.08,0.007,LAND,0,10,0,,0,0,0
1785499754.550026,42.2284772,-1.234022,500.08,0.007,LAND,0,10,0,,0,0,0
1785499755.052257,42.2284772,-1.234022,500.08,0.007,LAND,0,10,0,,0,0,0
1785499755.5551069,42.2284772,-1.234022,500.08,0.007,LAND,0,10,0,,0,0,0
1785499756.057705,42.2284772,-1.234022,500.08,0.007,LAND,0,10,0,,0,0,0
1785499756.560093,42.2284772,-1.234022,500.08,0.007,LAND,0,10,0,,0,0,0
1785499757.061946,42.2284772,-1.234022,500.08,0.007,LAND,0,10,0,,0,0,0
1785499757.5645022,42.2284772,-1.234022,500.08,0.007,LAND,0,10,0,,0,0,0
1785499758.0667548,42.2284772,-1.234022,500.08,0.007,LAND,0,10,0,,0,0,0
1785499758.5693858,42.2284772,-1.234022,500.08,0.007,LAND,0,10,0,,0,0,0
1785499759.0717359,42.2284772,-1.234022,500.08,0.007,LAND,0,10,0,,0,0,0
1785499759.5746617,42.2284772,-1.234022,500.08,0.007,LAND,0,10,0,,0,0,0
1785499760.076697,42.2284772,-1.234022,500.08,0.007,LAND,0,10,0,,0,0,0
1785499760.579057,42.2284772,-1.234022,500.08,0.007,LAND,0,10,0,,0,0,0
1785499761.081534,42.2284772,-1.234022,500.08,0.007,LAND,0,10,0,,0,0,0
1785499761.583502,42.2284772,-1.234022,500.08,0.007,LAND,0,10,0,,0,0,0
1785499762.085915,42.2284772,-1.234022,500.08,0.007,LAND,0,10,0,,0,0,0
1785499762.587679,42.2284772,-1.234022,500.08,0.007,LAND,0,10,0,,0,0,0
1785499763.0901346,42.2284772,-1.234022,500.08,0.007,LAND,0,10,0,,0,0,0
1785499763.59277,42.2284772,-1.234022,500.08,0.007,LAND,0,10,0,,0,0,0
1785499764.094976,42.2284772,-1.234022,500.08,0.007,LAND,0,10,0,,0,0,0
1785499764.5966082,42.2284772,-1.234022,500.08,0.007,LAND,0,10,0,,0,0,0
1785499765.1088889,42.2284772,-1.234022,500.08,0.007,LAND,0,10,0,,0,0,0
1785499765.6122582,42.2284772,-1.234022,500.08,0.007,LAND,0,10,0,,0,0,0
1785499766.1155975,42.2284772,-1.234022,500.08,0.007,LAND,0,10,0,,0,0,0
1785499766.6179652,42.2284772,-1.234022,500.08,0.007,LAND,0,10,0,,0,0,0
1785499767.1206813,42.2284772,-1.234022,500.08,0.007,LAND,0,10,0,,0,0,0
1785499767.6232896,42.2284772,-1.234022,500.08,0.007,LAND,0,10,0,,0,0,0
1785499768.1260705,42.2284772,-1.234022,500.08,0.007,LAND,0,10,0,,0,0,0
1785499768.6284702,42.2284772,-1.234022,500.08,0.007,LAND,0,10,0,,0,0,0
1785499769.1305964,42.2284772,-1.234022,500.08,0.007,LAND,0,10,0,,0,0,0
1785499769.6329718,42.2284772,-1.234022,500.08,0.007,LAND,0,10,0,,0,0,0
1785499770.1347048,42.2284772,-1.234022,500.08,0.007,LAND,0,10,0,,0,0,0
1785499770.6374853,42.2284772,-1.234022,500.08,0.007,LAND,0,10,0,,0,0,0
1785499771.1393955,42.2284772,-1.234022,500.08,0.007,LAND,0,10,0,,0,0,0
1785499771.6415854,42.2284772,-1.234022,500.08,0.007,LAND,0,10,0,,0,0,0
1785499772.143016,42.2284772,-1.234022,500.08,0.007,LAND,0,10,0,,0,0,0
1785499772.645652,42.2284772,-1.234022,500.08,0.007,LAND,0,10,0,,0,0,0
1785499773.1476266,42.2284772,-1.234022,500.08,0.007,LAND,0,10,0,,0,0,0
1785499773.6493325,42.2284772,-1.234022,500.08,0.007,LAND,0,10,0,,0,0,0
1785499774.1517315,42.2284772,-1.234022,500.08,0.007,LAND,0,10,0,,0,0,0
1785499774.653373,42.2284772,-1.234022,500.08,0.007,LAND,0,10,0,,0,0,0
1785499775.155508,42.2284772,-1.234022,500.08,0.007,LAND,0,10,0,,0,0,0
1785499775.6574645,42.2284772,-1.234022,500.08,0.007,LAND,0,10,0,,0,0,0
1785499776.160138,42.2284772,-1.234022,500.08,0.007,LAND,0,10,0,,0,0,0
1785499776.6622984,42.2284772,-1.234022,500.08,0.007,LAND,0,10,0,,0,0,0
1785499777.1644976,42.2284772,-1.234022,500.08,0.007,LAND,0,10,0,,0,0,0
1785499777.6660974,42.2284772,-1.234022,500.08,0.007,LAND,0,10,0,,0,0,0
1785499778.1689456,42.2284772,-1.234022,500.08,0.007,LAND,0,10,0,,0,0,0
1785499778.6712182,42.2284772,-1.234022,500.08,0.007,LAND,0,10,0,,0,0,0
1785499779.1732752,42.2284772,-1.234022,500.08,0.007,LAND,0,10,0,,0,0,0
1785499779.67584,42.2284772,-1.234022,500.08,0.007,LAND,0,10,0,,0,0,0
1785499780.1782107,42.2284772,-1.234022,500.08,0.007,LAND,0,10,0,,0,0,0
1785499780.6802726,42.2284772,-1.234022,500.08,0.007,LAND,0,10,0,,0,0,0
1785499781.1827168,42.2284772,-1.234022,500.08,0.007,LAND,0,10,0,,0,0,0
1785499781.6851287,42.2284772,-1.234022,500.08,0.007,LAND,0,10,0,,0,0,0
1785499782.1870058,42.2284772,-1.234022,500.08,0.007,LAND,0,10,0,,0,0,0
1785499782.6900816,42.2284772,-1.234022,500.08,0.007,LAND,0,10,0,,0,0,0
1785499783.1920304,42.2284772,-1.234022,500.08,0.007,LAND,0,10,0,,0,0,0
1785499783.6945007,42.2284772,-1.234022,500.08,0.007,LAND,0,10,0,,0,0,0
1785499784.196621,42.2284772,-1.234022,500.08,0.007,LAND,0,10,0,,0,0,0
1785499784.699349,42.2284772,-1.234022,500.08,0.007,LAND,0,10,0,,0,0,0
1785499785.2020018,42.2284772,-1.234022,500.08,0.007,LAND,0,10,0,,0,0,0
1785499785.7040873,42.2284772,-1.234022,500.08,0.007,LAND,0,10,0,,0,0,0
1785499786.206719,42.2284772,-1.234022,500.08,0.007,LAND,0,10,0,,0,0,0
1785499786.708786,42.2284772,-1.234022,500.08,0.007,LAND,0,10,0,,0,0,0
1785499787.21095,42.2284772,-1.234022,500.08,0.007,LAND,0,10,0,,0,0,0
1785499787.7138312,42.2284772,-1.234022,500.08,0.007,LAND,0,10,0,,0,0,0
1785499788.216442,42.2284772,-1.234022,500.08,0.007,LAND,0,10,0,,0,0,0
1785499788.7184167,42.2284772,-1.234022,500.08,0.007,LAND,0,10,0,,0,0,0
1785499789.221317,42.2284772,-1.234022,500.08,0.007,LAND,0,10,0,,0,0,0
1785499789.7233753,42.2284772,-1.234022,500.08,0.007,LAND,0,10,0,,0,0,0
1785499790.225484,42.2284772,-1.234022,500.08,0.007,LAND,0,10,0,,0,0,0
1785499790.727076,42.2284772,-1.234022,500.08,0.007,LAND,0,10,0,,0,0,0
1785499791.229421,42.2284772,-1.234022,500.08,0.007,LAND,0,10,0,,0,0,0
1785499791.7319849,42.2284772,-1.234022,500.08,0.007,LAND,0,10,0,,0,0,0
1785499792.2341118,42.2284772,-1.234022,500.08,0.007,LAND,0,10,0,,0,0,0
1785499792.7368386,42.2284772,-1.234022,500.08,0.007,LAND,0,10,0,,0,0,0
1785499793.2394028,42.2284772,-1.234022,500.08,0.007,LAND,0,10,0,,0,0,0
1785499793.7413301,42.2284772,-1.234022,500.08,0.007,LAND,0,10,0,,0,0,0
1785499794.243807,42.2284772,-1.234022,500.08,0.007,LAND,0,10,0,,0,0,0
1785499794.746429,42.2284772,-1.234022,500.08,0.007,LAND,0,10,0,,0,0,0
1785499795.24873,42.2284772,-1.234022,500.08,0.007,LAND,0,10,0,,0,0,0
1785499795.7514763,42.2284772,-1.234022,500.08,0.007,LAND,0,10,0,,0,0,0
1785499796.254433,42.2284772,-1.234022,500.08,0.007,LAND,0,10,0,,0,0,0
1785499796.7564194,42.2284772,-1.234022,500.08,0.007,LAND,0,10,0,,0,0,0
1785499797.2589521,42.2284772,-1.234022,500.08,0.007,LAND,0,10,0,,0,0,0
1785499797.7613542,42.2284772,-1.234022,500.08,0.007,LAND,0,10,0,,0,0,0
1785499798.2974334,42.2284772,-1.234022,500.08,0.007,LAND,0,10,0,,0,0,0
1785499798.7996633,42.2284772,-1.234022,500.08,0.007,LAND,0,10,0,,0,0,0
1785499799.3025556,42.2284772,-1.234022,500.08,0.007,LAND,0,10,0,,0,0,0
1785499799.8051302,42.2284772,-1.234022,500.08,0.007,LAND,0,10,0,,0,0,0
1785499800.3079486,42.2284772,-1.234022,500.08,0.007,LAND,0,10,0,,0,0,0
1785499800.8107233,42.2284772,-1.234022,500.08,0.007,LAND,0,10,0,,0,0,0
1785499801.313276,42.2284772,-1.234022,500.08,0.007,LAND,0,10,0,,0,0,0
1785499801.8153408,42.2284772,-1.234022,500.08,0.007,LAND,0,10,0,,0,0,0
1785499802.3176513,42.2284772,-1.234022,500.08,0.007,LAND,0,10,0,,0,0,0
1785499802.8196323,42.2284772,-1.234022,500.08,0.007,LAND,0,10,0,,0,0,0
1785499803.3217719,42.2284772,-1.234022,500.08,0.007,LAND,0,10,0,,0,0,0
1785499803.8244135,42.2284772,-1.234022,500.08,0.007,LAND,0,10,0,,0,0,0
1785499804.3264635,42.2284772,-1.234022,500.08,0.007,LAND,0,10,0,,0,0,0
1785499804.8287265,42.2284772,-1.234022,500.08,0.007,LAND,0,10,0,,0,0,0
1785499805.3311207,42.2284772,-1.234022,500.08,0.007,LAND,0,10,0,,0,0,0
1785499805.8337984,42.2284772,-1.234022,500.08,0.007,LAND,0,10,0,,0,0,0
1785499806.3365788,42.2284772,-1.234022,500.08,0.007,LAND,0,10,0,,0,0,0
1785499806.8391275,42.2284772,-1.234022,500.08,0.007,LAND,0,10,0,,0,0,0
1785499807.3412528,42.2284772,-1.234022,500.08,0.007,LAND,0,10,0,,0,0,0
1785499807.8435538,42.2284772,-1.234022,500.08,0.007,LAND,0,10,0,,0,0,0
1785499808.3455393,42.2284772,-1.234022,500.08,0.007,LAND,0,10,0,,0,0,0
1785499808.8479683,42.2284772,-1.234022,500.08,0.007,LAND,0,10,0,,0,0,0
1785499809.34999,42.2284772,-1.234022,500.08,0.007,LAND,0,10,0,,0,0,0
1785499809.852419,42.2284772,-1.234022,500.08,0.007,LAND,0,10,0,,0,0,0
1785499810.3546674,42.2284772,-1.234022,500.08,0.007,LAND,0,10,0,,0,0,0
1785499810.8565435,42.2284772,-1.234022,500.08,0.007,LAND,0,10,0,,0,0,0
1785499811.3591156,42.2284772,-1.234022,500.08,0.007,LAND,0,10,0,,0,0,0
1785499811.861334,42.2284772,-1.234022,500.08,0.007,LAND,0,10,0,,0,0,0
1785499812.3638773,42.2284772,-1.234022,500.08,0.007,LAND,0,10,0,,0,0,0
1785499812.8659437,42.2284772,-1.234022,500.08,0.007,LAND,0,10,0,,0,0,0
1785499813.3679123,42.2284772,-1.234022,500.08,0.007,LAND,0,10,0,,0,0,0
1785499813.8702285,42.2284772,-1.234022,500.08,0.007,LAND,0,10,0,,0,0,0
1785499814.3722646,42.2284772,-1.234022,500.08,0.007,LAND,0,10,0,,0,0,0
1785499814.8742135,42.2284772,-1.234022,500.08,0.008,LAND,0,10,0,,0,0,0
1785499815.3761747,42.2284772,-1.234022,500.08,0.008,LAND,0,10,0,,0,0,0
1785499815.8782723,42.2284772,-1.234022,500.08,0.008,LAND,0,10,0,,0,0,0
1785499816.380612,42.2284772,-1.234022,500.08,0.007,LAND,0,10,0,,0,0,0
1785499816.882767,42.2284772,-1.234022,500.08,0.007,LAND,0,10,0,,0,0,0
1785499817.3848825,42.2284772,-1.234022,500.08,0.007,LAND,0,10,0,,0,0,0
1785499817.8871086,42.2284772,-1.234022,500.08,0.007,LAND,0,10,0,,0,0,0
1785499818.389516,42.2284772,-1.234022,500.08,0.007,LAND,0,10,0,,0,0,0
1785499818.892207,42.2284772,-1.234022,500.08,0.007,LAND,0,10,0,,0,0,0
1785499819.3944094,42.2284772,-1.234022,500.08,0.007,LAND,0,10,0,,0,0,0
1785499819.896694,42.2284772,-1.234022,500.08,0.007,LAND,0,10,0,,0,0,0
1785499820.399206,42.2284772,-1.234022,500.08,0.007,LAND,0,10,0,,0,0,0
1785499820.9014115,42.2284772,-1.234022,500.08,0.007,LAND,0,10,0,,0,0,0
1785499821.4036224,42.2284772,-1.234022,500.08,0.007,LAND,0,10,0,,0,0,0
1785499821.9061959,42.2284772,-1.234022,500.08,0.007,LAND,0,10,0,,0,0,0
1785499822.4086144,42.2284772,-1.234022,500.08,0.007,LAND,0,10,0,,0,0,0
1785499822.9105418,42.2284772,-1.234022,500.08,0.007,LAND,0,10,0,,0,0,0
1785499823.4123945,42.2284772,-1.234022,500.08,0.007,LAND,0,10,0,,0,0,0
1785499823.914481,42.2284772,-1.234022,500.08,0.007,LAND,0,10,0,,0,0,0
1785499824.4171288,42.2284772,-1.234022,500.08,0.007,LAND,0,10,0,,0,0,0
1785499824.9195507,42.2284772,-1.234022,500.08,0.007,LAND,0,10,0,,0,0,0
1785499825.422186,42.2284772,-1.234022,500.08,0.007,LAND,0,10,0,,0,0,0
1785499825.9245381,42.2284772,-1.234022,500.08,0.007,LAND,0,10,0,,0,0,0
1785499826.4270735,42.2284772,-1.234022,500.08,0.007,LAND,0,10,0,,0,0,0
1785499826.9292924,42.2284772,-1.234022,500.08,0.007,LAND,0,10,0,,0,0,0
1785499827.4318411,42.2284772,-1.234022,500.08,0.007,LAND,0,10,0,,0,0,0
1785499827.9340563,42.2284772,-1.234022,500.08,0.007,LAND,0,10,0,,0,0,0
1785499828.4368098,42.2284772,-1.234022,500.08,0.007,LAND,0,10,0,,0,0,0
1785499828.93909,42.2284772,-1.234022,500.08,0.007,LAND,0,10,0,,0,0,0
1785499829.4411767,42.2284772,-1.234022,500.08,0.007,LAND,0,10,0,,0,0,0
1785499829.9433584,42.2284772,-1.234022,500.08,0.007,LAND,0,10,0,,0,0,0
1785499830.4454513,42.2284772,-1.234022,500.08,0.007,LAND,0,10,0,,0,0,0
1785499830.9476364,42.2284772,-1.234022,500.08,0.007,LAND,0,10,0,,0,0,0
1785499831.4499629,42.2284772,-1.234022,500.08,0.007,LAND,0,10,0,,0,0,0
1785499831.9521384,42.2284772,-1.234022,500.08,0.007,LAND,0,10,0,,0,0,0
1785499832.4545677,42.2284772,-1.234022,500.08,0.007,LAND,0,10,0,,0,0,0
1785499832.9565823,42.2284772,-1.234022,500.08,0.007,LAND,0,10,0,,0,0,0
1785499833.4590871,42.2284772,-1.234022,500.08,0.007,LAND,0,10,0,,0,0,0
1785499833.9616556,42.2284772,-1.234022,500.08,0.007,LAND,0,10,0,,0,0,0
1785499834.4641175,42.2284772,-1.234022,500.08,0.007,LAND,0,10,0,,0,0,0
1785499834.966473,42.2284772,-1.234022,500.08,0.007,LAND,0,10,0,,0,0,0
1785499835.4687443,42.2284772,-1.234022,500.08,0.007,LAND,0,10,0,,0,0,0
1785499835.9710534,42.2284772,-1.234022,500.08,0.007,LAND,0,10,0,,0,0,0
1785499836.4732382,42.2284772,-1.234022,500.08,0.007,LAND,0,10,0,,0,0,0
1785499836.9749446,42.2284772,-1.234022,500.08,0.007,LAND,0,10,0,,0,0,0
1785499837.4771764,42.2284772,-1.234022,500.08,0.007,LAND,0,10,0,,0,0,0
1785499837.9800494,42.2284772,-1.234022,500.08,0.007,LAND,0,10,0,,0,0,0
1785499838.4823763,42.2284772,-1.234022,500.08,0.007,LAND,0,10,0,,0,0,0
1785499838.9846992,42.2284772,-1.234022,500.08,0.007,LAND,0,10,0,,0,0,0
1785499839.4867263,42.2284772,-1.234022,500.08,0.007,LAND,0,10,0,,0,0,0
1785499839.9890668,42.2284772,-1.234022,500.08,0.007,LAND,0,10,0,,0,0,0
1785499840.4915082,42.2284772,-1.234022,500.08,0.007,LAND,0,10,0,,0,0,0
1785499840.9939184,42.2284772,-1.234022,500.08,0.007,LAND,0,10,0,,0,0,0
1785499841.496355,42.2284772,-1.234022,500.08,0.007,LAND,0,10,0,,0,0,0
1785499841.9986212,42.2284772,-1.234022,500.08,0.007,LAND,0,10,0,,0,0,0
1785499842.5008764,42.2284772,-1.234022,500.08,0.007,LAND,0,10,0,,0,0,0
1785499843.0032463,42.2284772,-1.234022,500.08,0.007,LAND,0,10,0,,0,0,0
1785499843.5058928,42.2284772,-1.234022,500.08,0.007,LAND,0,10,0,,0,0,0
1785499844.0082126,42.2284772,-1.234022,500.08,0.007,LAND,0,10,0,,0,0,0
1785499844.5106359,42.2284772,-1.234022,500.08,0.007,LAND,0,10,0,,0,0,0
1785499845.0129564,42.2284772,-1.234022,500.08,0.007,LAND,0,10,0,,0,0,0
1785499845.5151608,42.2284772,-1.234022,500.08,0.007,LAND,0,10,0,,0,0,0
1785499846.0174887,42.2284772,-1.234022,500.08,0.007,LAND,0,10,0,,0,0,0
1785499846.5198612,42.2284772,-1.234022,500.08,0.007,LAND,0,10,0,,0,0,0
1785499847.0215406,42.2284772,-1.234022,500.08,0.007,LAND,0,10,0,,0,0,0
1785499847.5236132,42.2284772,-1.234022,500.08,0.007,LAND,0,10,0,,0,0,0
1785499848.0262666,42.2284772,-1.234022,500.08,0.007,LAND,0,10,0,,0,0,0
1785499848.5286517,42.2284772,-1.234022,500.08,0.007,LAND,0,10,0,,0,0,0
1785499849.0305233,42.2284772,-1.234022,500.08,0.007,LAND,0,10,0,,0,0,0
1785499849.5325673,42.2284772,-1.234022,500.08,0.007,LAND,0,10,0,,0,0,0
1785499850.035258,42.2284772,-1.234022,500.08,0.007,LAND,0,10,0,,0,0,0
1785499850.5378535,42.2284772,-1.234022,500.08,0.007,LAND,0,10,0,,0,0,0
1785499851.0400147,42.2284772,-1.234022,500.08,0.007,LAND,0,10,0,,0,0,0
1785499851.5429313,42.2284772,-1.234022,500.08,0.007,LAND,0,10,0,,0,0,0
1785499852.045145,42.2284772,-1.234022,500.08,0.007,LAND,0,10,0,,0,0,0
1785499852.5476656,42.2284772,-1.234022,500.08,0.007,LAND,0,10,0,,0,0,0
1785499853.0501301,42.2284772,-1.234022,500.08,0.007,LAND,0,10,0,,0,0,0
1785499853.552643,42.2284772,-1.234022,500.08,0.007,LAND,0,10,0,,0,0,0
1785499854.0554857,42.2284772,-1.234022,500.08,0.007,LAND,0,10,0,,0,0,0
1785499854.5576742,42.2284772,-1.234022,500.08,0.007,LAND,0,10,0,,0,0,0
1785499855.0598743,42.2284772,-1.234022,500.08,0.007,LAND,0,10,0,,0,0,0
1785499855.5620008,42.2284772,-1.234022,500.08,0.007,LAND,0,10,0,,0,0,0
1785499856.0644572,42.2284772,-1.234022,500.08,0.007,LAND,0,10,0,,0,0,0
1785499856.5673552,42.2284772,-1.234022,500.08,0.007,LAND,0,10,0,,0,0,0
1785499857.0696473,42.2284772,-1.234022,500.08,0.007,LAND,0,10,0,,0,0,0
1785499857.5719244,42.2284772,-1.234022,500.08,0.007,LAND,0,10,0,,0,0,0
1785499858.073951,42.2284772,-1.234022,500.08,0.007,LAND,0,10,0,,0,0,0
1785499858.5762348,42.2284772,-1.234022,500.08,0.007,LAND,0,10,0,,0,0,0
1785499859.0787385,42.2284772,-1.234022,500.08,0.007,LAND,0,10,0,,0,0,0
1785499859.581259,42.2284772,-1.234022,500.08,0.007,LAND,0,10,0,,0,0,0
1785499860.0831845,42.2284772,-1.234022,500.08,0.007,LAND,0,10,0,,0,0,0
1785499860.5856886,42.2284772,-1.234022,500.08,0.007,LAND,0,10,0,,0,0,0
1785499861.088372,42.2284772,-1.234022,500.08,0.007,LAND,0,10,0,,0,0,0
1785499861.5907273,42.2284772,-1.234022,500.08,0.007,LAND,0,10,0,,0,0,0
1785499862.093018,42.2284772,-1.234022,500.08,0.007,LAND,0,10,0,,0,0,0
1785499862.5957463,42.2284772,-1.234022,500.08,0.007,LAND,0,10,0,,0,0,0
1785499863.0978093,42.2284772,-1.234022,500.08,0.007,LAND,0,10,0,,0,0,0
1785499863.6006463,42.2284772,-1.234022,500.08,0.007,LAND,0,10,0,,0,0,0
1785499864.10315,42.2284772,-1.234022,500.08,0.007,LAND,0,10,0,,0,0,0
1785499864.6055107,42.2284772,-1.234022,500.08,0.007,LAND,0,10,0,,0,0,0
1785499865.1082675,42.2284772,-1.234022,500.08,0.007,LAND,0,10,0,,0,0,0
1785499865.6105666,42.2284772,-1.234022,500.08,0.007,LAND,0,10,0,,0,0,0
1785499866.1133876,42.2284772,-1.234022,500.08,0.007,LAND,0,10,0,,0,0,0
1785499866.61569,42.2284772,-1.234022,500.08,0.007,LAND,0,10,0,,0,0,0
1785499867.1181238,42.2284772,-1.234022,500.08,0.007,LAND,0,10,0,,0,0,0
1785499867.6204927,42.2284772,-1.234022,500.08,0.007,LAND,0,10,0,,0,0,0
1785499868.1227834,42.2284772,-1.234022,500.08,0.007,LAND,0,10,0,,0,0,0
1785499868.6255662,42.2284772,-1.234022,500.08,0.007,LAND,0,10,0,,0,0,0
1785499869.1277921,42.2284772,-1.234022,500.08,0.007,LAND,0,10,0,,0,0,0
1785499869.6304517,42.2284772,-1.234022,500.08,0.007,LAND,0,10,0,,0,0,0
1785499870.1329772,42.2284772,-1.234022,500.08,0.007,LAND,0,10,0,,0,0,0
1785499870.635378,42.2284772,-1.234022,500.08,0.007,LAND,0,10,0,,0,0,0
1785499871.1376832,42.2284772,-1.234022,500.08,0.007,LAND,0,10,0,,0,0,0
1785499871.640071,42.2284772,-1.234022,500.08,0.007,LAND,0,10,0,,0,0,0
1785499872.142187,42.2284772,-1.234022,500.08,0.007,LAND,0,10,0,,0,0,0
1785499872.6445358,42.2284772,-1.234022,500.08,0.007,LAND,0,10,0,,0,0,0
1785499873.1469743,42.2284772,-1.234022,500.08,0.007,LAND,0,10,0,,0,0,0
1785499873.6494694,42.2284772,-1.234022,500.08,0.007,LAND,0,10,0,,0,0,0
1785499874.1518538,42.2284772,-1.234022,500.08,0.007,LAND,0,10,0,,0,0,0
1785499874.6541266,42.2284772,-1.234022,500.08,0.007,LAND,0,10,0,,0,0,0
1785499875.1562479,42.2284772,-1.234022,500.08,0.007,LAND,0,10,0,,0,0,0
1785499875.658922,42.2284772,-1.234022,500.08,0.007,LAND,0,10,0,,0,0,0
1785499876.1615589,42.2284772,-1.234022,500.08,0.007,LAND,0,10,0,,0,0,0
1785499876.664497,42.2284772,-1.234022,500.08,0.007,LAND,0,10,0,,0,0,0
1785499877.1665628,42.2284772,-1.234022,500.08,0.007,LAND,0,10,0,,0,0,0
1785499877.6691933,42.2284772,-1.234022,500.08,0.007,LAND,0,10,0,,0,0,0
1785499878.1720426,42.2284772,-1.234022,500.08,0.007,LAND,0,10,0,,0,0,0
1785499878.6750052,42.2284772,-1.234022,500.08,0.007,LAND,0,10,0,,0,0,0
1785499879.1766996,42.2284772,-1.234022,500.08,0.007,LAND,0,10,0,,0,0,0
1785499879.679209,42.2284772,-1.234022,500.08,0.007,LAND,0,10,0,,0,0,0
1785499880.181391,42.2284772,-1.234022,500.08,0.007,LAND,0,10,0,,0,0,0
1785499880.6835911,42.2284772,-1.234022,500.08,0.007,LAND,0,10,0,,0,0,0
1785499881.1858957,42.2284772,-1.234022,500.08,0.007,LAND,0,10,0,,0,0,0
1785499881.6878583,42.2284772,-1.234022,500.08,0.007,LAND,0,10,0,,0,0,0
1785499882.1907244,42.2284772,-1.234022,500.08,0.007,LAND,0,10,0,,0,0,0
1785499882.693275,42.2284772,-1.234022,500.08,0.007,LAND,0,10,0,,0,0,0
1785499883.1953826,42.2284772,-1.234022,500.08,0.007,LAND,0,10,0,,0,0,0
1785499883.697408,42.2284772,-1.234022,500.08,0.007,LAND,0,10,0,,0,0,0
1785499884.199669,42.2284772,-1.234022,500.08,0.007,LAND,0,10,0,,0,0,0
1785499884.7022033,42.2284772,-1.234022,500.08,0.007,LAND,0,10,0,,0,0,0
1785499885.2044337,42.2284772,-1.234022,500.08,0.007,LAND,0,10,0,,0,0,0
1785499885.7069962,42.2284772,-1.234022,500.08,0.007,LAND,0,10,0,,0,0,0
1785499886.2095046,42.2284772,-1.234022,500.08,0.007,LAND,0,10,0,,0,0,0
1785499886.7113914,42.2284772,-1.234022,500.08,0.007,LAND,0,10,0,,0,0,0
1785499887.2137926,42.2284772,-1.234022,500.08,0.007,LAND,0,10,0,,0,0,0
1785499887.716292,42.2284772,-1.234022,500.08,0.007,LAND,0,10,0,,0,0,0
1785499888.2186017,42.2284772,-1.234022,500.08,0.007,LAND,0,10,0,,0,0,0
1785499888.7207446,42.2284772,-1.234022,500.08,0.007,LAND,0,10,0,,0,0,0
1785499889.2231421,42.2284772,-1.234022,500.08,0.007,LAND,0,10,0,,0,0,0
1785499889.7252107,42.2284772,-1.234022,500.08,0.007,LAND,0,10,0,,0,0,0
1785499890.2274003,42.2284772,-1.234022,500.08,0.007,LAND,0,10,0,,0,0,0
1785499890.7295656,42.2284772,-1.234022,500.08,0.007,LAND,0,10,0,,0,0,0
1785499891.2317066,42.2284772,-1.234022,500.08,0.007,LAND,0,10,0,,0,0,0
1785499891.7342787,42.2284772,-1.234022,500.08,0.007,LAND,0,10,0,,0,0,0
1785499892.2368777,42.2284772,-1.234022,500.08,0.007,LAND,0,10,0,,0,0,0
1785499892.7397282,42.2284772,-1.234022,500.08,0.007,LAND,0,10,0,,0,0,0
1785499893.2416716,42.2284772,-1.234022,500.08,0.007,LAND,0,10,0,,0,0,0
1785499893.7437956,42.2284772,-1.234022,500.08,0.007,LAND,0,10,0,,0,0,0
1785499894.24601,42.2284772,-1.234022,500.08,0.007,LAND,0,10,0,,0,0,0
1785499894.7484765,42.2284772,-1.234022,500.08,0.007,LAND,0,10,0,,0,0,0
1785499895.2511165,42.2284772,-1.234022,500.08,0.007,LAND,0,10,0,,0,0,0
1785499895.7535212,42.2284772,-1.234022,500.08,0.007,LAND,0,10,0,,0,0,0
1785499896.2559474,42.2284772,-1.234022,500.08,0.007,LAND,0,10,0,,0,0,0
1785499896.7584877,42.2284772,-1.234022,500.08,0.007,LAND,0,10,0,,0,0,0
1785499897.2607918,42.2284772,-1.234022,500.08,0.007,LAND,0,10,0,,0,0,0
1785499897.763223,42.2284772,-1.234022,500.08,0.007,LAND,0,10,0,,0,0,0
1785499898.2654872,42.2284772,-1.234022,500.08,0.007,LAND,0,10,0,,0,0,0
1785499898.767763,42.2284772,-1.234022,500.08,0.007,LAND,0,10,0,,0,0,0
1785499899.27013,42.2284772,-1.234022,500.08,0.007,LAND,0,10,0,,0,0,0
1785499899.772808,42.2284772,-1.234022,500.08,0.007,LAND,0,10,0,,0,0,0
1785499900.2751632,42.2284772,-1.234022,500.08,0.007,LAND,0,10,0,,0,0,0
1785499900.7777288,42.2284772,-1.234022,500.08,0.007,LAND,0,10,0,,0,0,0
1785499901.280368,42.2284772,-1.234022,500.08,0.007,LAND,0,10,0,,0,0,0
1785499901.7828772,42.2284772,-1.234022,500.08,0.007,LAND,0,10,0,,0,0,0
1785499902.2855334,42.2284772,-1.234022,500.08,0.007,LAND,0,10,0,,0,0,0
1785499902.7877002,42.2284772,-1.234022,500.08,0.007,LAND,0,10,0,,0,0,0
1785499903.2899153,42.2284772,-1.234022,500.08,0.007,LAND,0,10,0,,0,0,0
1785499903.7923605,42.2284772,-1.234022,500.08,0.007,LAND,0,10,0,,0,0,0
1785499904.2949114,42.2284772,-1.234022,500.08,0.007,LAND,0,10,0,,0,0,0
1785499904.797291,42.2284772,-1.234022,500.08,0.007,LAND,0,10,0,,0,0,0
1785499905.299429,42.2284772,-1.234022,500.08,0.007,LAND,0,10,0,,0,0,0
1785499905.8017547,42.2284772,-1.234022,500.08,0.007,LAND,0,10,0,,0,0,0
1785499906.3040276,42.2284772,-1.234022,500.08,0.007,LAND,0,10,0,,0,0,0
1785499906.8062115,42.2284772,-1.234022,500.08,0.007,LAND,0,10,0,,0,0,0
1785499907.308228,42.2284772,-1.234022,500.08,0.007,LAND,0,10,0,,0,0,0
1785499907.8103895,42.2284772,-1.234022,500.08,0.007,LAND,0,10,0,,0,0,0
1785499908.312758,42.2284772,-1.234022,500.08,0.007,LAND,0,10,0,,0,0,0
1785499908.8150332,42.2284772,-1.234022,500.08,0.007,LAND,0,10,0,,0,0,0
1785499909.3172932,42.2284772,-1.234022,500.08,0.007,LAND,0,10,0,,0,0,0
1785499909.8194456,42.2284772,-1.234022,500.08,0.007,LAND,0,10,0,,0,0,0
1785499910.3224273,42.2284772,-1.234022,500.08,0.007,LAND,0,10,0,,0,0,0
1785499910.8249106,42.2284772,-1.234022,500.08,0.007,LAND,0,10,0,,0,0,0
1785499911.3272376,42.2284772,-1.234022,500.08,0.007,LAND,0,10,0,,0,0,0
1785499911.8295033,42.2284772,-1.234022,500.08,0.007,LAND,0,10,0,,0,0,0
1785499912.3321245,42.2284772,-1.234022,500.08,0.007,LAND,0,10,0,,0,0,0
1785499912.8339508,42.2284772,-1.234022,500.08,0.007,LAND,0,10,0,,0,0,0
1785499913.336215,42.2284772,-1.234022,500.08,0.007,LAND,0,10,0,,0,0,0
1785499913.8387516,42.2284772,-1.234022,500.08,0.007,LAND,0,10,0,,0,0,0
1785499914.341077,42.2284772,-1.234022,500.08,0.007,LAND,0,10,0,,0,0,0
